provider_id,provider_name,specialty,city,state,tax_id,license_no,rejection_reason
P007771,Sachdev Inc,,Sambhal,Karnataka,XXXXX,BADLIC,missing_specialty
P029862,Babu PLC,,Vijayawada,Mizoram,XXXXX,BADLIC,missing_specialty
P014537,Sarin and Sons,,Mango,Madhya Pradesh,XXXXX,BADLIC,missing_specialty
P036427,"Chaudhary, Bhasin and Batra",,Panchkula,Chhattisgarh,XXXXX,BADLIC,missing_specialty
P037652,Munshi and Sons,,Vijayanagaram,Uttarakhand,XXXXX,BADLIC,missing_specialty
P036771,Vaidya-Sama,,Akola,Himachal Pradesh,XXXXX,BADLIC,missing_specialty
P035195,Madan Inc,,Dibrugarh,Manipur,XXXXX,BADLIC,missing_specialty
P037044,"Bahri, Grewal and Seshadri",,Amaravati,Uttarakhand,XXXXX,BADLIC,missing_specialty
P014783,Sheth-Sibal,,Amritsar,Odisha,XXXXX,BADLIC,missing_specialty
P038961,Bahri-Tank,,Rajpur Sonarpur,Sikkim,XXXXX,BADLIC,missing_specialty
P039994,Mander-Ranganathan,,Serampore,Assam,XXXXX,BADLIC,missing_specialty
P036207,Mutti-Dhar,,Tezpur,Mizoram,XXXXX,BADLIC,missing_specialty
P037564,Khalsa-Rastogi,,Katihar,Maharashtra,XXXXX,BADLIC,missing_specialty
P019166,"Shan, Nair and Badami",,Allahabad,Assam,XXXXX,BADLIC,missing_specialty
P015641,"Mandal, Subramaniam and Pandey",,Nizamabad,Gujarat,XXXXX,BADLIC,missing_specialty
P037552,"Nagarajan, Sastry and Sachdev",,Phusro,Tamil Nadu,XXXXX,BADLIC,missing_specialty
P007642,Bhatnagar Inc,,Thoothukudi,Karnataka,XXXXX,BADLIC,missing_specialty
P039083,Dixit-Bassi,,Kanpur,Karnataka,XXXXX,BADLIC,missing_specialty
P035671,Badal-Dash,,Pallavaram,Nagaland,XXXXX,BADLIC,missing_specialty
P024650,Grewal Ltd,,Pudukkottai,Manipur,XXXXX,BADLIC,missing_specialty
P035659,Sarkar Inc,,Bilaspur,West Bengal,XXXXX,BADLIC,missing_specialty
P002020,Sarin-Prashad,,Khora ,Odisha,XXXXX,BADLIC,missing_specialty
P021776,Behl-Peri,,Madanapalle,Andhra Pradesh,XXXXX,BADLIC,missing_specialty
P036617,Saha Ltd,,Bhind,Kerala,XXXXX,BADLIC,missing_specialty
P036186,"Kala, Biswas and Som",,Shivpuri,Nagaland,XXXXX,BADLIC,missing_specialty
P038376,Lanka-Andra,,Guntakal,Assam,XXXXX,BADLIC,missing_specialty
P038371,Bhasin-Chaudry,,Rajahmundry,Mizoram,XXXXX,BADLIC,missing_specialty
P036739,Bhagat Group,,Jodhpur,Uttar Pradesh,XXXXX,BADLIC,missing_specialty
P037454,"Bansal, Bobal and Andra",,Anantapur,Himachal Pradesh,XXXXX,BADLIC,missing_specialty
P035539,Pandey Ltd,,Ramgarh,Himachal Pradesh,XXXXX,BADLIC,missing_specialty
P035598,"Kulkarni, Mohan and Sawhney",,Patiala,Gujarat,XXXXX,BADLIC,missing_specialty
P032616,Varughese-Arya,,Agra,Punjab,XXXXX,BADLIC,missing_specialty
P014574,Bhardwaj Inc,,Gorakhpur,Tripura,XXXXX,BADLIC,missing_specialty
P038637,"Mitter, Bahri and Agarwal",,Meerut,Odisha,XXXXX,BADLIC,missing_specialty
P036733,Grover Inc,,Kumbakonam,Punjab,XXXXX,BADLIC,missing_specialty
P001889,Warrior Group,,Jalna,Himachal Pradesh,XXXXX,BADLIC,missing_specialty
P039703,Rege Group,,Katni,Gujarat,XXXXX,BADLIC,missing_specialty
P014998,Banik Inc,,Dehradun,Madhya Pradesh,XXXXX,BADLIC,missing_specialty
P037539,Radhakrishnan-Bail,,Mau,Karnataka,XXXXX,BADLIC,missing_specialty
P039038,Jain-Sangha,,Dindigul,Nagaland,XXXXX,BADLIC,missing_specialty
P035308,"Wali, Misra and Gopal",,Kulti,Chhattisgarh,XXXXX,BADLIC,missing_specialty
P020285,Wadhwa Group,,Dewas,Meghalaya,XXXXX,BADLIC,missing_specialty
P035867,"Shan, Nair and Badami",,Mirzapur,Himachal Pradesh,XXXXX,BADLIC,missing_specialty
P037423,Prashad Inc,,Bikaner,Telangana,XXXXX,BADLIC,missing_specialty
P020250,Krishnamurthy and Sons,,Kavali,Sikkim,XXXXX,BADLIC,missing_specialty
P038638,"Dugal, Panchal and Palla",,Saharanpur,Tripura,XXXXX,BADLIC,missing_specialty
P036754,Parmer-Dube,,Rewa,Andhra Pradesh,XXXXX,BADLIC,missing_specialty
P038687,Rana-Gokhale,,Ghaziabad,Punjab,XXXXX,BADLIC,missing_specialty
P036976,Jhaveri-Mohan,,Aligarh,Meghalaya,XXXXX,BADLIC,missing_specialty
P037465,"Krish, Basu and Palla",,Sonipat,Odisha,XXXXX,BADLIC,missing_specialty
P036440,"Bali, Chana and Kibe",,Guwahati,Bihar,XXXXX,BADLIC,missing_specialty
P039716,Puri-Cherian,,Madhyamgram,Kerala,XXXXX,BADLIC,missing_specialty
P029384,"Vasa, Sarraf and Pai",,Muzaffarpur,Telangana,XXXXX,BADLIC,missing_specialty
P035134,"Mukherjee, Chaudry and Bava",,Fatehpur,Assam,XXXXX,BADLIC,missing_specialty
P039790,Dubey-Sridhar,,Bally,Maharashtra,XXXXX,BADLIC,missing_specialty
P036889,Kamdar and Sons,,Bharatpur,Madhya Pradesh,XXXXX,BADLIC,missing_specialty
P038622,"Brar, Parikh and Desai",,Mau,Tripura,XXXXX,BADLIC,missing_specialty
P036292,Parekh-Raghavan,,Bhiwani,Manipur,XXXXX,BADLIC,missing_specialty
P037655,Das-Bera,,Ulhasnagar,Karnataka,XXXXX,BADLIC,missing_specialty
P029263,Chad-Chowdhury,,Gandhinagar,Tripura,XXXXX,BADLIC,missing_specialty
P039428,Bakshi Ltd,,Sikar,Assam,XXXXX,BADLIC,missing_specialty
P035609,"Chokshi, Goyal and Ganesan",,Anantapuram,Sikkim,XXXXX,BADLIC,missing_specialty
P028598,"Virk, Lad and Andra",,Bhalswa Jahangir Pur,Punjab,XXXXX,BADLIC,missing_specialty
P010752,Rajagopalan Group,,Dibrugarh,Meghalaya,XXXXX,BADLIC,missing_specialty
P035217,"Oza, Pandey and Zacharia",,Nanded,Goa,XXXXX,BADLIC,missing_specialty
P039975,Batta and Sons,,Bhopal,Meghalaya,XXXXX,BADLIC,missing_specialty
P039951,Devi Ltd,,Muzaffarnagar,Himachal Pradesh,XXXXX,BADLIC,missing_specialty
P038177,"Rout, Sehgal and Ganesh",,Loni,Meghalaya,XXXXX,BADLIC,missing_specialty
P036258,Sharaf-Pai,,Silchar,Assam,XXXXX,BADLIC,missing_specialty
P037429,Balan and Sons,,Alappuzha,Nagaland,XXXXX,BADLIC,missing_specialty
P035082,"Dhar, Loke and Barad",,Jamalpur,Gujarat,XXXXX,BADLIC,missing_specialty
P001479,"Kaul, Batta and Kant",,Dehradun,Bihar,XXXXX,BADLIC,missing_specialty
P038537,"Sridhar, Ramanathan and Shankar",,Tadipatri,Bihar,XXXXX,BADLIC,missing_specialty
P032109,Ray Group,,Raipur,Meghalaya,XXXXX,BADLIC,missing_specialty
P007818,"Pal, Chada and Deshmukh",,Purnia,Madhya Pradesh,XXXXX,BADLIC,missing_specialty
P031481,Munshi-Solanki,,Bulandshahr,Andhra Pradesh,XXXXX,BADLIC,missing_specialty
P019493,Nagar and Sons,,Ujjain,Tripura,XXXXX,BADLIC,missing_specialty
P038514,"Iyer, Aurora and Wali",,Panihati,Jharkhand,XXXXX,BADLIC,missing_specialty
P036172,Barad Inc,,Ghaziabad,West Bengal,XXXXX,BADLIC,missing_specialty
P039602,"Som, Joshi and Wadhwa",,Mau,Mizoram,XXXXX,BADLIC,missing_specialty
P026675,Parekh-Singhal,,Morbi,Haryana,XXXXX,BADLIC,missing_specialty
P037857,"Dhaliwal, Sankar and Sama",,Gudivada,Jharkhand,XXXXX,BADLIC,missing_specialty
P037504,Joshi Group,,Guwahati,Maharashtra,XXXXX,BADLIC,missing_specialty
P037893,Dey-Kibe,,Bidhannagar,Meghalaya,XXXXX,BADLIC,missing_specialty
P006206,Kanda PLC,,Raiganj,Odisha,XXXXX,BADLIC,missing_specialty
P024903,"Wali, Dara and Behl",,Madurai,Telangana,XXXXX,BADLIC,missing_specialty
P034941,"Wali, Gole and Rege",,Giridih,Telangana,XXXXX,BADLIC,missing_specialty
P036485,"Som, Rao and Gola",,Karimnagar,Tamil Nadu,XXXXX,BADLIC,missing_specialty
P035183,"Pillay, Ganesh and Krishna",,Gwalior,Haryana,XXXXX,BADLIC,missing_specialty
P009043,Subramanian-Gokhale,,Dhanbad,Punjab,XXXXX,BADLIC,missing_specialty
P035854,Varghese-Parsa,,Kulti,Uttarakhand,XXXXX,BADLIC,missing_specialty
P038542,Hayer Ltd,,Amravati,Uttar Pradesh,XXXXX,BADLIC,missing_specialty
P003851,Rout-Aurora,,Tenali,Goa,XXXXX,BADLIC,missing_specialty
P038355,Bose Ltd,,Madanapalle,Arunachal Pradesh,XXXXX,BADLIC,missing_specialty
P003767,"Warrior, Kothari and Kapur",,Dindigul,Nagaland,XXXXX,BADLIC,missing_specialty
P002593,"Bhat, Lal and Deo",,Panipat,Sikkim,XXXXX,BADLIC,missing_specialty
P035123,Kothari-Bhakta,,Ludhiana,Madhya Pradesh,XXXXX,BADLIC,missing_specialty
P038832,Bhargava-Wadhwa,,Bhopal,Telangana,XXXXX,BADLIC,missing_specialty
P038090,Sahni-Karpe,,Rajpur Sonarpur,Tamil Nadu,XXXXX,BADLIC,missing_specialty
P036121,Rout-Pillay,,Ambarnath,Nagaland,XXXXX,BADLIC,missing_specialty
P038697,Bhatt Inc,,Phagwara,Maharashtra,XXXXX,BADLIC,missing_specialty
P035242,Mukherjee PLC,,Haldia,Jharkhand,XXXXX,BADLIC,missing_specialty
P038527,Hegde-Chand,,Tadepalligudem,Gujarat,XXXXX,BADLIC,missing_specialty
P022600,Guha-Baral,,Warangal,Nagaland,XXXXX,BADLIC,missing_specialty
P036982,Hari LLC,,Tezpur,Assam,XXXXX,BADLIC,missing_specialty
P038649,Brahmbhatt-Palla,,Madhyamgram,Punjab,XXXXX,BADLIC,missing_specialty
P035849,Chakrabarti-Tandon,,Faridabad,Rajasthan,XXXXX,BADLIC,missing_specialty
P031858,"Vyas, Dhawan and Murthy",,Anantapur,Telangana,XXXXX,BADLIC,missing_specialty
P037262,Kamdar-Rai,,Chandigarh,Arunachal Pradesh,XXXXX,BADLIC,missing_specialty
P039398,"Chana, Sunder and Randhawa",,Pali,Assam,XXXXX,BADLIC,missing_specialty
P038346,"Banerjee, Khurana and Rau",,Junagadh,Tamil Nadu,XXXXX,BADLIC,missing_specialty
P035275,Tara-Sama,,Etawah,Uttarakhand,XXXXX,BADLIC,missing_specialty
P039677,Dara LLC,,Agartala,Punjab,XXXXX,BADLIC,missing_specialty
P035558,"Chadha, Shenoy and Prakash",,Karimnagar,Tamil Nadu,XXXXX,BADLIC,missing_specialty
P037278,Nath Inc,,Guna,Madhya Pradesh,XXXXX,BADLIC,missing_specialty
P038946,Anne-Sengupta,,Tiruvottiyur,Andhra Pradesh,XXXXX,BADLIC,missing_specialty
P039290,Master-Sha,,Guntur,West Bengal,XXXXX,BADLIC,missing_specialty
P007698,"Mall, Sur and Sarin",,Kadapa,West Bengal,XXXXX,BADLIC,missing_specialty
P036765,Ramakrishnan-Palan,,Gangtok,Sikkim,XXXXX,BADLIC,missing_specialty
P039831,Deol-Loke,,Rampur,Mizoram,XXXXX,BADLIC,missing_specialty
P038991,Rajan-Memon,,Unnao,Goa,XXXXX,BADLIC,missing_specialty
P038476,Ram-Warrior,,Khandwa,Gujarat,XXXXX,BADLIC,missing_specialty
P037073,"Cheema, Kota and Baral",,Jalandhar,West Bengal,XXXXX,BADLIC,missing_specialty
P038280,Aurora-Khatri,,Durg,Tripura,XXXXX,BADLIC,missing_specialty
P036530,Edwin-Bath,,Siwan,Uttarakhand,XXXXX,BADLIC,missing_specialty
P036919,Kaul PLC,,Amritsar,Maharashtra,XXXXX,BADLIC,missing_specialty
P037669,Hans-Manne,,Malegaon,Telangana,XXXXX,BADLIC,missing_specialty
P033096,Behl Inc,,Bhagalpur,Tripura,XXXXX,BADLIC,missing_specialty
P027739,Joshi Ltd,,Erode,Rajasthan,XXXXX,BADLIC,missing_specialty
P036898,Raman LLC,,Satna,Manipur,XXXXX,BADLIC,missing_specialty
P020146,Rajagopal and Sons,,Mangalore,West Bengal,XXXXX,BADLIC,missing_specialty
P037359,Srinivasan-Menon,,Akola,Punjab,XXXXX,BADLIC,missing_specialty
P035653,"Dhawan, Natt and Brahmbhatt",,Durg,Gujarat,XXXXX,BADLIC,missing_specialty
P039746,Johal-Basu,,Pali,Rajasthan,XXXXX,BADLIC,missing_specialty
P000645,"Dhar, Bhargava and Kibe",,Buxar,Uttar Pradesh,XXXXX,BADLIC,missing_specialty
P037127,"Patla, Manne and Bassi",,Nagpur,Punjab,XXXXX,BADLIC,missing_specialty
P037957,Dyal LLC,,Karawal Nagar,Uttar Pradesh,XXXXX,BADLIC,missing_specialty
P037480,Rai Inc,,Amaravati,Tamil Nadu,XXXXX,BADLIC,missing_specialty
P033323,"Dar, Varughese and Char",,Thane,Gujarat,XXXXX,BADLIC,missing_specialty
P038828,Raman-Badal,,Kochi,Kerala,XXXXX,BADLIC,missing_specialty
P038149,Ramanathan-Lalla,,Bharatpur,Punjab,XXXXX,BADLIC,missing_specialty
P038482,Upadhyay LLC,,Latur,Assam,XXXXX,BADLIC,missing_specialty
P038267,Shanker-Roy,,Kolkata,Assam,XXXXX,BADLIC,missing_specialty
P038455,Sodhi Ltd,,Jalna,Rajasthan,XXXXX,BADLIC,missing_specialty
P035067,Rai-Koshy,,Kamarhati,Rajasthan,XXXXX,BADLIC,missing_specialty
P005064,"Batta, Dua and Bhatnagar",,Hazaribagh,Tripura,XXXXX,BADLIC,missing_specialty
P029408,"Ratti, Keer and Edwin",,Ranchi,Haryana,XXXXX,BADLIC,missing_specialty
P038929,Sampath-Gokhale,,Tadepalligudem,Mizoram,XXXXX,BADLIC,missing_specialty
P039965,Kadakia LLC,,Solapur,Karnataka,XXXXX,BADLIC,missing_specialty
P038952,"Dewan, Chakraborty and Sachdeva",,Jaipur,Andhra Pradesh,XXXXX,BADLIC,missing_specialty
P012463,Magar-Keer,,Ozhukarai,Maharashtra,XXXXX,BADLIC,missing_specialty
P039073,Gola-Dugal,,Agartala,Tripura,XXXXX,BADLIC,missing_specialty
P036395,Iyer Inc,,Bhimavaram,Kerala,XXXXX,BADLIC,missing_specialty
P037636,Jayaraman-Parekh,,Pimpri-Chinchwad,Assam,XXXXX,BADLIC,missing_specialty
P037953,Palan Inc,,Amaravati,Madhya Pradesh,XXXXX,BADLIC,missing_specialty
P036334,Chanda Group,,Nangloi Jat,Karnataka,XXXXX,BADLIC,missing_specialty
P038837,"Kulkarni, Hans and Kamdar",,Jammu,Karnataka,XXXXX,BADLIC,missing_specialty
P038107,Mannan-Bava,,Mira-Bhayandar,Assam,XXXXX,BADLIC,missing_specialty
P038286,Mannan-Bava,,Bardhaman,West Bengal,XXXXX,BADLIC,missing_specialty
P037906,Vasa-Date,,Phusro,Mizoram,XXXXX,BADLIC,missing_specialty
P039173,"Choudhry, Prashad and Toor",,Buxar,Jharkhand,XXXXX,BADLIC,missing_specialty
P036957,"Char, Hayer and Dara",,Karimnagar,Madhya Pradesh,XXXXX,BADLIC,missing_specialty
P037255,Mukherjee-Yadav,,Bhalswa Jahangir Pur,Uttar Pradesh,XXXXX,BADLIC,missing_specialty
P038433,Pillai-Patla,,Jamnagar,Arunachal Pradesh,XXXXX,BADLIC,missing_specialty
P035392,Mitter-Madan,,Tirunelveli,Gujarat,XXXXX,BADLIC,missing_specialty
P035790,Manda-Palan,,Muzaffarpur,Goa,XXXXX,BADLIC,missing_specialty
P018112,"Thaker, Char and Mander",,Mira-Bhayandar,Karnataka,XXXXX,BADLIC,missing_specialty
P035641,"Sangha, Mangal and Bobal",,Imphal,Karnataka,XXXXX,BADLIC,missing_specialty
P038640,"Korpal, Joshi and Thaman",,Rajkot,Haryana,XXXXX,BADLIC,missing_specialty
P036839,Choudhry Ltd,,Malegaon,Assam,XXXXX,BADLIC,missing_specialty
P013901,"Korpal, Mohan and Sahni",,Malda,Karnataka,XXXXX,BADLIC,missing_specialty
P036108,Amble Ltd,,Sambhal,Himachal Pradesh,XXXXX,BADLIC,missing_specialty
P006348,Sem-Prashad,,Ichalkaranji,Goa,XXXXX,BADLIC,missing_specialty
P036006,"Mohan, Hans and Soman",,Karnal,Uttarakhand,XXXXX,BADLIC,missing_specialty
P036565,"Khare, Thaman and Sule",,Alappuzha,Odisha,XXXXX,BADLIC,missing_specialty
P039829,"Bahl, Patla and Gera",,Bhalswa Jahangir Pur,Nagaland,XXXXX,BADLIC,missing_specialty
P038134,Ratta-Mistry,,Hindupur,Maharashtra,XXXXX,BADLIC,missing_specialty
P036712,"Goda, Dara and Kaur",,Parbhani,West Bengal,XXXXX,BADLIC,missing_specialty
P011019,Luthra Group,,Bharatpur,Madhya Pradesh,XXXXX,BADLIC,missing_specialty
P014311,"Saran, Pandya and Pandey",,Rohtak,Andhra Pradesh,XXXXX,BADLIC,missing_specialty
P035562,Warrior Group,,Fatehpur,Telangana,XXXXX,BADLIC,missing_specialty
P035099,"Pandey, Soman and Panchal",,Chittoor,Assam,XXXXX,BADLIC,missing_specialty
P039190,Sinha-Kumer,,Orai,Haryana,XXXXX,BADLIC,missing_specialty
P005230,Sodhi LLC,,Nagaon,Meghalaya,XXXXX,BADLIC,missing_specialty
P038028,Sunder-Modi,,Thanjavur,Nagaland,XXXXX,BADLIC,missing_specialty
P039489,Sundaram Ltd,,Sonipat,Haryana,XXXXX,BADLIC,missing_specialty
P035471,"Sodhi, Varkey and Magar",,Junagadh,West Bengal,XXXXX,BADLIC,missing_specialty
P012006,Murty Ltd,,Karimnagar,Andhra Pradesh,XXXXX,BADLIC,missing_specialty
P036337,Kumer PLC,,Srikakulam,Karnataka,XXXXX,BADLIC,missing_specialty
P037199,Chopra-Bawa,,Saharanpur,Tamil Nadu,XXXXX,BADLIC,missing_specialty
P037353,Das and Sons,,Chapra,Madhya Pradesh,XXXXX,BADLIC,missing_specialty
P032105,Mann-Zacharia,,Moradabad,Odisha,XXXXX,BADLIC,missing_specialty
P035375,Bawa Group,,Karimnagar,Haryana,XXXXX,BADLIC,missing_specialty
P037976,Bhargava-Kashyap,,Ahmedabad,Andhra Pradesh,XXXXX,BADLIC,missing_specialty
P035050,"Sachdev, Karan and Bail",,Malegaon,Uttarakhand,XXXXX,BADLIC,missing_specialty
P035466,"Seshadri, Sundaram and Bhargava",,Ballia,Odisha,XXXXX,BADLIC,missing_specialty
P038999,Chawla PLC,,Mira-Bhayandar,Gujarat,XXXXX,BADLIC,missing_specialty
P039661,"Vora, Lall and Prashad",,Kharagpur,Himachal Pradesh,XXXXX,BADLIC,missing_specialty
P039177,Pillay-Vala,,Proddatur,Punjab,XXXXX,BADLIC,missing_specialty
P039011,"Palan, Keer and Char",,Nagaon,Tripura,XXXXX,BADLIC,missing_specialty
P039214,"Karnik, Gala and Thakur",,Ahmedabad,Manipur,XXXXX,BADLIC,missing_specialty
P035745,Subramaniam Ltd,,Eluru,Tripura,XXXXX,BADLIC,missing_specialty
P001463,Dhingra PLC,,Bally,Odisha,XXXXX,BADLIC,missing_specialty
P039738,"Sem, Pandit and Mann",,Srikakulam,Kerala,XXXXX,BADLIC,missing_specialty
P016163,Kapur Ltd,,Kishanganj,Nagaland,XXXXX,BADLIC,missing_specialty
P020176,Saini-Varkey,,Khandwa,Rajasthan,XXXXX,BADLIC,missing_specialty
P037019,Mane-Dhawan,,Jalandhar,Madhya Pradesh,XXXXX,BADLIC,missing_specialty
P035484,Thaman-Walla,,Kurnool,Haryana,XXXXX,BADLIC,missing_specialty
P038478,"Agarwal, Varughese and Wadhwa",,Hyderabad,Uttar Pradesh,XXXXX,BADLIC,missing_specialty
P039174,"Purohit, Barman and Babu",,Dehradun,Bihar,XXXXX,BADLIC,missing_specialty
P038145,Parmar Group,,Pondicherry,West Bengal,XXXXX,BADLIC,missing_specialty
P035368,Chahal PLC,,Mysore,Madhya Pradesh,XXXXX,BADLIC,missing_specialty
P038462,Oza-Thakkar,,Thoothukudi,Himachal Pradesh,XXXXX,BADLIC,missing_specialty
P036721,"Konda, Nazareth and Chacko",,Pondicherry,Gujarat,XXXXX,BADLIC,missing_specialty
P015797,"Kanda, Deep and Bobal",,Mau,Jharkhand,XXXXX,BADLIC,missing_specialty
P035903,Kumer-Cheema,,Satara,Haryana,XXXXX,BADLIC,missing_specialty
P038064,Viswanathan-Borra,,Rajpur Sonarpur,Andhra Pradesh,XXXXX,BADLIC,missing_specialty
P037507,"Dash, Sharma and Sarma",,Anand,Nagaland,XXXXX,BADLIC,missing_specialty
P002690,Kota and Sons,,Pali,Assam,XXXXX,BADLIC,missing_specialty
P035537,"Magar, Bumb and Palla",,Tiruvottiyur,Assam,XXXXX,BADLIC,missing_specialty
P039033,Chopra-Bawa,,Tenali,Punjab,XXXXX,BADLIC,missing_specialty
P029599,Joshi Group,,Dehradun,Haryana,XXXXX,BADLIC,missing_specialty
P038161,Pant Inc,,Kozhikode,Rajasthan,XXXXX,BADLIC,missing_specialty
P036168,Ranganathan Inc,,Amaravati,Madhya Pradesh,XXXXX,BADLIC,missing_specialty
P039089,"Thaman, Baral and Ramanathan",,Rajahmundry,Sikkim,XXXXX,BADLIC,missing_specialty
P022616,Sahota-Murthy,,Ramagundam,Odisha,XXXXX,BADLIC,missing_specialty
P039638,"Dyal, Banerjee and Gade",,Durg,Maharashtra,XXXXX,BADLIC,missing_specialty
P038051,"Vaidya, Mittal and Misra",,Gorakhpur,Karnataka,XXXXX,BADLIC,missing_specialty
P027287,"Palla, Gaba and Pal",,Munger,West Bengal,XXXXX,BADLIC,missing_specialty
P038368,Pai-Rama,,Tiruchirappalli,Odisha,XXXXX,BADLIC,missing_specialty
P039912,Rattan-Balakrishnan,,Kadapa,Telangana,XXXXX,BADLIC,missing_specialty
P012086,"Rajan, Kothari and Sama",,Gudivada,West Bengal,XXXXX,BADLIC,missing_specialty
P025162,Dutta-Chander,,Agartala,Assam,XXXXX,BADLIC,missing_specialty
P019098,Gokhale-Lall,,Dindigul,Madhya Pradesh,XXXXX,BADLIC,missing_specialty
P038144,Khosla Inc,,Khora ,Punjab,XXXXX,BADLIC,missing_specialty
P036314,Memon-Balasubramanian,,South Dumdum,Punjab,XXXXX,BADLIC,missing_specialty
P038764,Soman-Ramanathan,,Gandhidham,West Bengal,XXXXX,BADLIC,missing_specialty
P039276,Bakshi-Shankar,,Karimnagar,Rajasthan,XXXXX,BADLIC,missing_specialty
P037125,Sodhi Inc,,Ujjain,Chhattisgarh,XXXXX,BADLIC,missing_specialty
P038019,"Bhagat, Kadakia and Jha",,Hubli–Dharwad,Mizoram,XXXXX,BADLIC,missing_specialty
P002127,"Sathe, Oza and Gour",,Nizamabad,Sikkim,XXXXX,BADLIC,missing_specialty
P038098,Doctor and Sons,,Thoothukudi,Andhra Pradesh,XXXXX,BADLIC,missing_specialty
P038457,Lata-Dara,,Kharagpur,Mizoram,XXXXX,BADLIC,missing_specialty
P037838,Madan-Soni,,Vadodara,Himachal Pradesh,XXXXX,BADLIC,missing_specialty
P038957,Yadav-Ravel,,Rewa,Assam,XXXXX,BADLIC,missing_specialty
P009542,"Ganesh, Purohit and Borra",,Fatehpur,Gujarat,XXXXX,BADLIC,missing_specialty
P038753,Uppal-Tella,,Nagaon,Karnataka,XXXXX,BADLIC,missing_specialty
P018538,Nagi and Sons,,Madhyamgram,Goa,XXXXX,BADLIC,missing_specialty
P028537,Behl-Peri,,Gudivada,Chhattisgarh,XXXXX,BADLIC,missing_specialty
P036823,Agate LLC,,Mau,West Bengal,XXXXX,BADLIC,missing_specialty
P039641,Jain-Gaba,,Kanpur,Karnataka,XXXXX,BADLIC,missing_specialty
P037649,"Merchant, Jayaraman and Gara",,Mirzapur,Maharashtra,XXXXX,BADLIC,missing_specialty
P036178,Khalsa-Sule,,Mau,Maharashtra,XXXXX,BADLIC,missing_specialty
P039798,Jain-Ben,,Adoni,Assam,XXXXX,BADLIC,missing_specialty
P035859,Bala-Singhal,,Nizamabad,Uttarakhand,XXXXX,BADLIC,missing_specialty
P000760,Badami Ltd,,Ujjain,Maharashtra,XXXXX,BADLIC,missing_specialty
P029162,"Kaur, Dua and Yohannan",,Malda,Uttarakhand,XXXXX,BADLIC,missing_specialty
P037244,"Jani, Batta and Chakraborty",,Pallavaram,Kerala,XXXXX,BADLIC,missing_specialty
P036226,Banerjee and Sons,,Adoni,Odisha,XXXXX,BADLIC,missing_specialty
P038769,Suri Group,,Anantapur,Andhra Pradesh,XXXXX,BADLIC,missing_specialty
P037694,Baral-Varughese,,Secunderabad,Odisha,XXXXX,BADLIC,missing_specialty
P038630,"Yadav, Comar and Sridhar",,Allahabad,Rajasthan,XXXXX,BADLIC,missing_specialty
P038139,Yadav Inc,,Bilaspur,Mizoram,XXXXX,BADLIC,missing_specialty
P039931,"Narayanan, Chacko and Nazareth",,Khammam,Odisha,XXXXX,BADLIC,missing_specialty
P037980,Nadkarni LLC,,Kamarhati,Odisha,XXXXX,BADLIC,missing_specialty
P038048,"Chowdhury, Sandal and Rao",,Kota,Nagaland,XXXXX,BADLIC,missing_specialty
P008938,Balakrishnan-Parekh,,Malegaon,Tripura,XXXXX,BADLIC,missing_specialty
P039123,Virk-Ghose,,Etawah,Meghalaya,XXXXX,BADLIC,missing_specialty
P038498,Mand-Deo,,Sultan Pur Majra,Tamil Nadu,XXXXX,BADLIC,missing_specialty
P032957,"Chahal, Goswami and Goda",,Sonipat,Sikkim,XXXXX,BADLIC,missing_specialty
P036746,Mammen PLC,,Sagar,Gujarat,XXXXX,BADLIC,missing_specialty
P028786,"Bhalla, Bassi and Agarwal",,Aizawl,Haryana,XXXXX,BADLIC,missing_specialty
P036563,Kohli-Suresh,,Pudukkottai,Himachal Pradesh,XXXXX,BADLIC,missing_specialty
P029496,Badami-Wali,,Thoothukudi,Gujarat,XXXXX,BADLIC,missing_specialty
P035908,Rout-Prasad,,Unnao,Telangana,XXXXX,BADLIC,missing_specialty
P037791,"Mall, Sur and Sarin",,Kalyan-Dombivli,Sikkim,XXXXX,BADLIC,missing_specialty
P038550,"Dhillon, Majumdar and Chad",,Shivpuri,Jharkhand,XXXXX,BADLIC,missing_specialty
P036324,Kohli LLC,,Panihati,Tripura,XXXXX,BADLIC,missing_specialty
P032398,"Mangal, D’Alia and Chowdhury",,Ratlam,Himachal Pradesh,XXXXX,BADLIC,missing_specialty
P039646,Nagar-Mander,,Uluberia,Odisha,XXXXX,BADLIC,missing_specialty
P038848,Kant-Parmar,,Bidar,Assam,XXXXX,BADLIC,missing_specialty
P039678,"Tata, Kala and Krish",,Katihar,Manipur,XXXXX,BADLIC,missing_specialty
P035331,Dalal LLC,,Tadepalligudem,Madhya Pradesh,XXXXX,BADLIC,missing_specialty
P035820,Bhagat-Baria,,Gwalior,Tripura,XXXXX,BADLIC,missing_specialty
P039712,Madan Group,,Chennai,Karnataka,XXXXX,BADLIC,missing_specialty
P038450,Kunda and Sons,,Thiruvananthapuram,Maharashtra,XXXXX,BADLIC,missing_specialty
P035882,"Swaminathan, Vasa and Dugar",,Maheshtala,Assam,XXXXX,BADLIC,missing_specialty
P039448,Cherian PLC,,Mangalore,Madhya Pradesh,XXXXX,BADLIC,missing_specialty
P037941,"Contractor, Rattan and Bava",,Satara,Mizoram,XXXXX,BADLIC,missing_specialty
P035989,"Sahota, Bath and Bir",,Bhilai,Gujarat,XXXXX,BADLIC,missing_specialty
P035428,Parmar-D’Alia,,Hazaribagh,Assam,XXXXX,BADLIC,missing_specialty
P036481,Dani Inc,,Karnal,Gujarat,XXXXX,BADLIC,missing_specialty
P036404,Sunder-Soni,,Junagadh,Karnataka,XXXXX,BADLIC,missing_specialty
P039305,Edwin-Dave,,Bhiwani,Karnataka,XXXXX,BADLIC,missing_specialty
P039648,Bobal PLC,,Rampur,Assam,XXXXX,BADLIC,missing_specialty
P035111,Murty Inc,,Jamnagar,Madhya Pradesh,XXXXX,BADLIC,missing_specialty
P036448,Gupta-Mody,,Pondicherry,Sikkim,XXXXX,BADLIC,missing_specialty
P012518,Rajan PLC,,Munger,Mizoram,XXXXX,BADLIC,missing_specialty
P036937,Dhingra LLC,,Vasai-Virar,Kerala,XXXXX,BADLIC,missing_specialty
P036265,"Bhasin, Karan and Ram",,Guna,Rajasthan,XXXXX,BADLIC,missing_specialty
P039519,Nagi and Sons,,Sambalpur,Madhya Pradesh,XXXXX,BADLIC,missing_specialty
P001373,Wali LLC,,Amritsar,Gujarat,XXXXX,BADLIC,missing_specialty
P038179,"Konda, Palan and Balay",,Vijayanagaram,Chhattisgarh,XXXXX,BADLIC,missing_specialty
P038932,Ben Inc,,Bhatpara,Assam,XXXXX,BADLIC,missing_specialty
P039479,Hora-Bhakta,,Alappuzha,Bihar,XXXXX,BADLIC,missing_specialty
P037656,Vaidya-Sama,,Pondicherry,Tripura,XXXXX,BADLIC,missing_specialty
P022770,"Kala, Basu and Kunda",,Nanded,Odisha,XXXXX,BADLIC,missing_specialty
P039517,"Bhatia, Shan and Goyal",,Rewa,Kerala,XXXXX,BADLIC,missing_specialty
P035033,Bal-Date,,Udupi,Karnataka,XXXXX,BADLIC,missing_specialty
P037946,Sheth-Rattan,,Kolhapur,West Bengal,XXXXX,BADLIC,missing_specialty
P036170,"Dugar, Sant and Khatri",,Orai,Haryana,XXXXX,BADLIC,missing_specialty
P037394,Bajaj PLC,,Rourkela,Andhra Pradesh,XXXXX,BADLIC,missing_specialty
P039162,Ray-Murthy,,Sikar,Manipur,XXXXX,BADLIC,missing_specialty
P038543,"Handa, Mann and Sankaran",,Aligarh,Madhya Pradesh,XXXXX,BADLIC,missing_specialty
P009534,"Kuruvilla, Sagar and Balasubramanian",,Farrukhabad,Gujarat,XXXXX,BADLIC,missing_specialty
P037207,"Tata, Sachdeva and Majumdar",,Surat,Madhya Pradesh,XXXXX,BADLIC,missing_specialty
P037321,"Mitter, Bahri and Agarwal",,Mango,Telangana,XXXXX,BADLIC,missing_specialty
P037440,Kapoor-Chatterjee,,Saharsa,Odisha,XXXXX,BADLIC,missing_specialty
P023461,Kalla-Vasa,,Kharagpur,Kerala,XXXXX,BADLIC,missing_specialty
P039296,"Kapadia, Dayal and Bandi",,Mahbubnagar,Manipur,XXXXX,BADLIC,missing_specialty
P009715,Devan-Bahri,,Anantapur,Haryana,XXXXX,BADLIC,missing_specialty
P036985,"Basak, Mannan and Solanki",,Aurangabad,Meghalaya,XXXXX,BADLIC,missing_specialty
P035756,Banerjee-Basak,,Hindupur,Assam,XXXXX,BADLIC,missing_specialty
P039003,"Sawhney, Saxena and Ramachandran",,Jehanabad,Uttar Pradesh,XXXXX,BADLIC,missing_specialty
P039963,Balan Inc,,Jalna,Gujarat,XXXXX,BADLIC,missing_specialty
P005796,Oak Ltd,,Rewa,Goa,XXXXX,BADLIC,missing_specialty
P035232,Minhas-Varty,,Kumbakonam,Odisha,XXXXX,BADLIC,missing_specialty
P038129,Pillay LLC,,Haldia,Maharashtra,XXXXX,BADLIC,missing_specialty
P038503,Borra-Kothari,,Agartala,Goa,XXXXX,BADLIC,missing_specialty
P028996,Balasubramanian Inc,,Vellore,Bihar,XXXXX,BADLIC,missing_specialty
P038009,Bansal LLC,,Berhampur,Maharashtra,XXXXX,BADLIC,missing_specialty
P038723,"Sem, Bajaj and Dyal",,Mehsana,Meghalaya,XXXXX,BADLIC,missing_specialty
P039523,Dani Inc,,Surendranagar Dudhrej,Chhattisgarh,XXXXX,BADLIC,missing_specialty
P038699,"Walia, Sachar and Dora",,Asansol,Bihar,XXXXX,BADLIC,missing_specialty
P028932,Ganguly-Borah,,Nagpur,Telangana,XXXXX,BADLIC,missing_specialty
P018909,"Thakur, Nori and Bobal",,Bhubaneswar,Rajasthan,XXXXX,BADLIC,missing_specialty
P039684,Wadhwa LLC,,Pune,Gujarat,XXXXX,BADLIC,missing_specialty
P013065,"Bansal, Gulati and Nayak",,Kochi,Himachal Pradesh,XXXXX,BADLIC,missing_specialty
P024612,Gokhale Group,,Chittoor,Uttar Pradesh,XXXXX,BADLIC,missing_specialty
P039368,"Shroff, Puri and Ray",,Nagercoil,Uttarakhand,XXXXX,BADLIC,missing_specialty
P029012,"Goswami, Mital and Choudhry",,Noida,Odisha,XXXXX,BADLIC,missing_specialty
P010086,Buch PLC,,Kanpur,Assam,XXXXX,BADLIC,missing_specialty
P039806,"Karnik, Ben and Karnik",,Chapra,Tripura,XXXXX,BADLIC,missing_specialty
P038095,Merchant-Aurora,,Muzaffarpur,Mizoram,XXXXX,BADLIC,missing_specialty
P007491,"Keer, Bhasin and Rana",,Khandwa,Arunachal Pradesh,XXXXX,BADLIC,missing_specialty
P035273,Mitter-Madan,,Kollam,Himachal Pradesh,XXXXX,BADLIC,missing_specialty
P038978,Venkatesh-Varty,,Shivpuri,Goa,XXXXX,BADLIC,missing_specialty
P016726,Dani Group,,Avadi,Tripura,XXXXX,BADLIC,missing_specialty
P038755,Khatri LLC,,Vellore,Meghalaya,XXXXX,BADLIC,missing_specialty
P038146,"Ratti, Kothari and Radhakrishnan",,Buxar,Tripura,XXXXX,BADLIC,missing_specialty
P039159,Hegde-Kanda,,Bhatpara,Telangana,XXXXX,BADLIC,missing_specialty
P035026,Shenoy-Krish,,Buxar,Tripura,XXXXX,BADLIC,missing_specialty
P020943,Gill-Verma,,Agra,Karnataka,XXXXX,BADLIC,missing_specialty
P038604,"Konda, Modi and Uppal",,Nagercoil,Assam,XXXXX,BADLIC,missing_specialty
P038121,"Hans, Gupta and Sandhu",,Noida,Maharashtra,XXXXX,BADLIC,missing_specialty
P000509,Gade PLC,,Raipur,Uttar Pradesh,XXXXX,BADLIC,missing_specialty
P039717,Kumer-Chaudhuri,,Imphal,Haryana,XXXXX,BADLIC,missing_specialty
P038553,"Lad, Kaur and Boase",,Bally,Nagaland,XXXXX,BADLIC,missing_specialty
P036345,Chakraborty Ltd,,Khora ,Gujarat,XXXXX,BADLIC,missing_specialty
P036815,"Ram, Parmer and Bera",,Karaikudi,Haryana,XXXXX,BADLIC,missing_specialty
P015995,"Shan, Patla and Pathak",,Berhampore,Punjab,XXXXX,BADLIC,missing_specialty
P037948,Swamy-Chakrabarti,,Dhanbad,Uttar Pradesh,XXXXX,BADLIC,missing_specialty
P038087,Chakraborty-Bhasin,,Raebareli,Punjab,XXXXX,BADLIC,missing_specialty
P037234,Pandey Ltd,,Chandigarh,Goa,XXXXX,BADLIC,missing_specialty
P035156,Yogi Inc,,Barasat,Mizoram,XXXXX,BADLIC,missing_specialty
P035130,D’Alia Inc,,Ahmedabad,Goa,XXXXX,BADLIC,missing_specialty
P039855,"Dua, Karpe and Subramanian",,Thrissur,Rajasthan,XXXXX,BADLIC,missing_specialty
P037016,Manda-Edwin,,Shahjahanpur,Bihar,XXXXX,BADLIC,missing_specialty
P027422,"Mander, Jayaraman and Narain",,Pallavaram,Bihar,XXXXX,BADLIC,missing_specialty
P039921,Khatri and Sons,,Kumbakonam,Tripura,XXXXX,BADLIC,missing_specialty
P038936,Sami Ltd,,Kirari Suleman Nagar,Odisha,XXXXX,BADLIC,missing_specialty
P037933,Bedi-Tella,,Amaravati,Arunachal Pradesh,XXXXX,BADLIC,missing_specialty
P038488,Randhawa-Din,,Bathinda,Mizoram,XXXXX,BADLIC,missing_specialty
P038310,"Venkatesh, Pillay and Bajwa",,Kulti,Meghalaya,XXXXX,BADLIC,missing_specialty
P036391,Kade-Goel,,Chittoor,Uttarakhand,XXXXX,BADLIC,missing_specialty
P035046,Kohli LLC,,Madhyamgram,Chhattisgarh,XXXXX,BADLIC,missing_specialty
P002485,Din PLC,,Raurkela Industrial Township,Madhya Pradesh,XXXXX,BADLIC,missing_specialty
P035467,"Kamdar, Om and Puri",,Aizawl,Rajasthan,XXXXX,BADLIC,missing_specialty
P038388,"Rana, Setty and Chand",,Bardhaman,Punjab,XXXXX,BADLIC,missing_specialty
P037358,"Mandal, Kumer and Chacko",,Hindupur,Uttar Pradesh,XXXXX,BADLIC,missing_specialty
P035632,Varma Group,,Serampore,Madhya Pradesh,XXXXX,BADLIC,missing_specialty
P020241,Chacko-Suresh,,Jalgaon,Assam,XXXXX,BADLIC,missing_specialty
P036986,Vora Group,,Phusro,Madhya Pradesh,XXXXX,BADLIC,missing_specialty
P037711,Ratti Ltd,,Aizawl,Arunachal Pradesh,XXXXX,BADLIC,missing_specialty
P037240,Setty-Kalita,,Jalna,Maharashtra,XXXXX,BADLIC,missing_specialty
P034582,"Rege, Raval and Pant",,Satara,Haryana,XXXXX,BADLIC,missing_specialty
P035041,"Saini, Kapoor and Char",,Kulti,Meghalaya,XXXXX,BADLIC,missing_specialty
P036328,Bakshi-Sidhu,,Uluberia,Goa,XXXXX,BADLIC,missing_specialty
P039334,Chowdhury Group,,Jamnagar,Bihar,XXXXX,BADLIC,missing_specialty
P039020,"Dugal, Padmanabhan and Bajaj",,Narasaraopet,Maharashtra,XXXXX,BADLIC,missing_specialty
P039102,Chatterjee Group,,Agartala,Tripura,XXXXX,BADLIC,missing_specialty
P035329,"Murty, Chadha and Sarkar",,New Delhi,Tamil Nadu,XXXXX,BADLIC,missing_specialty
P038818,"Manne, Gala and Ravel",,Kolhapur,West Bengal,XXXXX,BADLIC,missing_specialty
P035870,Agrawal-Kakar,,Dharmavaram,Himachal Pradesh,XXXXX,BADLIC,missing_specialty
P008674,Trivedi-Pingle,,Chinsurah,Madhya Pradesh,XXXXX,BADLIC,missing_specialty
P020026,Sampath-Gokhale,,Nagpur,Bihar,XXXXX,BADLIC,missing_specialty
P038693,"Singh, Kuruvilla and Chand",,Gurgaon,West Bengal,XXXXX,BADLIC,missing_specialty
P038266,"Solanki, Chakraborty and Kota",,Amritsar,Jharkhand,XXXXX,BADLIC,missing_specialty
P036549,Goel-Minhas,,Raiganj,Jharkhand,XXXXX,BADLIC,missing_specialty
P035585,Nigam-Walla,,Gurgaon,Karnataka,XXXXX,BADLIC,missing_specialty
P005914,Upadhyay-Mani,,Avadi,Punjab,XXXXX,BADLIC,missing_specialty
P036376,"Bahri, Grewal and Seshadri",,Bhatpara,West Bengal,XXXXX,BADLIC,missing_specialty
P039366,Vyas Ltd,,Dhanbad,Punjab,XXXXX,BADLIC,missing_specialty
P008883,"Bir, Mall and Amble",,Bulandshahr,Maharashtra,XXXXX,BADLIC,missing_specialty
P035378,"Chaudry, Setty and Dash",,Cuttack,Jharkhand,XXXXX,BADLIC,missing_specialty
P017681,Sarna-Bir,,Kamarhati,Madhya Pradesh,XXXXX,BADLIC,missing_specialty
P038432,Mani-Dhar,,Haldia,Karnataka,XXXXX,BADLIC,missing_specialty
P036545,"Yohannan, Contractor and Shroff",,Malda,Andhra Pradesh,XXXXX,BADLIC,missing_specialty
P036384,Mammen-Datta,,Munger,Punjab,XXXXX,BADLIC,missing_specialty
P038748,Bajaj-Kari,,Bareilly,Andhra Pradesh,XXXXX,BADLIC,missing_specialty
P036956,Singhal-Naidu,,Raurkela Industrial Township,Haryana,XXXXX,BADLIC,missing_specialty
P039642,Tailor Inc,,Sirsa,Andhra Pradesh,XXXXX,BADLIC,missing_specialty
P035205,Khosla-Kata,,Vasai-Virar,Goa,XXXXX,BADLIC,missing_specialty
P039673,"Doshi, Tailor and Bajaj",,Vasai-Virar,Sikkim,XXXXX,BADLIC,missing_specialty
P038586,Garg-Bhatt,,Kolkata,Assam,XXXXX,BADLIC,missing_specialty
P035345,Mannan-Balakrishnan,,Pallavaram,Odisha,XXXXX,BADLIC,missing_specialty
P038252,"Lad, Oza and Mahal",,Nandyal,Rajasthan,XXXXX,BADLIC,missing_specialty
P032875,Lata-Oommen,,Sikar,Gujarat,XXXXX,BADLIC,missing_specialty
P009028,"Divan, Sangha and Varkey",,Bhagalpur,Uttar Pradesh,XXXXX,BADLIC,missing_specialty
P039245,"Nanda, Bakshi and Jaggi",,Amritsar,Tripura,XXXXX,BADLIC,missing_specialty
P019602,Das-Sami,,Kharagpur,Himachal Pradesh,XXXXX,BADLIC,missing_specialty
P036704,Wason PLC,,Jamalpur,Madhya Pradesh,XXXXX,BADLIC,missing_specialty
P037064,Rattan and Sons,,Jamnagar,Assam,XXXXX,BADLIC,missing_specialty
P035074,Aurora LLC,,Sikar,Gujarat,XXXXX,BADLIC,missing_specialty
P035316,Rai PLC,,Pudukkottai,West Bengal,XXXXX,BADLIC,missing_specialty
P001742,Karan-Bhatti,,Mumbai,Andhra Pradesh,XXXXX,BADLIC,missing_specialty
P036245,Ramanathan-Lalla,,Berhampore,Jharkhand,XXXXX,BADLIC,missing_specialty
P036372,"Mitra, Kurian and Chaudry",,Saharsa,Nagaland,XXXXX,BADLIC,missing_specialty
P004828,Krishnamurthy PLC,,Mira-Bhayandar,Haryana,XXXXX,BADLIC,missing_specialty
P038781,"Nigam, Narayan and Gill",,Bongaigaon,Karnataka,XXXXX,BADLIC,missing_specialty
P038197,Swaminathan and Sons,,Farrukhabad,Assam,XXXXX,BADLIC,missing_specialty
P035200,"Sodhi, Lad and Singh",,Sangli-Miraj & Kupwad,Assam,XXXXX,BADLIC,missing_specialty
P039169,Hegde-Chand,,Kharagpur,Uttarakhand,XXXXX,BADLIC,missing_specialty
P024275,Ramesh-Atwal,Dermatology,Ahmednagar,Mizoram,633599109,LIC907894,duplicate_provider_id
P034070,Balakrishnan and Sons,Orthopedics,Malegaon,Arunachal Pradesh,XXXXX,BADLIC,duplicate_provider_id
P001200,Kala PLC,ENT,Thiruvananthapuram,Assam,XXXXX,BADLIC,duplicate_provider_id
P001597,"Sengupta, Talwar and Sachdeva",Pediatrics,Thanjavur,Goa,XXXXX,BADLIC,duplicate_provider_id
P012593,"Chaudhuri, Warrior and Saraf",Pediatrics,Loni,Odisha,375342904,LIC613872,duplicate_provider_id
P030074,Zacharia Inc,ENT,Ramgarh,Uttarakhand,XXXXX,BADLIC,duplicate_provider_id
P021214,Tank PLC,Pediatrics,Madurai,Uttarakhand,685544575,LIC922620,duplicate_provider_id
P016787,"Reddy, Batra and Mukhopadhyay",Dermatology,Mau,Odisha,XXXXX,BADLIC,duplicate_provider_id
P022079,"Sura, Sankaran and Iyer",Oncology,Panihati,Himachal Pradesh,510236136,LIC266296,duplicate_provider_id
P029148,Khare-Buch,Dermatology,Serampore,Goa,XXXXX,BADLIC,duplicate_provider_id
P027400,Mistry Inc,General Medicine,Anand,Assam,958286632,LIC107489,duplicate_provider_id
P001241,Saraf-Ganesh,Dermatology,Nandyal,Bihar,148899240,LIC364470,duplicate_provider_id
P027967,Bhatia-Nath,Neurology,Thane,Bihar,XXXXX,BADLIC,duplicate_provider_id
P011708,"Solanki, Khatri and Mahal",Oncology,Ludhiana,Karnataka,XXXXX,BADLIC,duplicate_provider_id
P021215,Saha-Bala,OBGYN,Nagaon,West Bengal,XXXXX,BADLIC,duplicate_provider_id
P012415,"Subramanian, Anand and Chandran",OBGYN,Muzaffarnagar,Tripura,875046476,LIC335266,duplicate_provider_id
P024978,Chad-Bhagat,General Medicine,Barasat,Uttar Pradesh,978256370,LIC134987,duplicate_provider_id
P009830,Joshi LLC,General Medicine,Tadipatri,Chhattisgarh,XXXXX,BADLIC,duplicate_provider_id
P023097,"Shan, Tandon and Badami",Neurology,Ulhasnagar,Odisha,XXXXX,BADLIC,duplicate_provider_id
P005752,"Nigam, Sen and Dhillon",Cardiology,Jamnagar,Nagaland,829017290,LIC728943,duplicate_provider_id
P015773,Hora Inc,OBGYN,Thoothukudi,Meghalaya,XXXXX,BADLIC,duplicate_provider_id
P032217,"Khalsa, Basu and Dugar",Oncology,Deoghar,Uttar Pradesh,813761679,LIC727135,duplicate_provider_id
P034639,Pathak and Sons,Neurology,Surendranagar Dudhrej,Meghalaya,XXXXX,BADLIC,duplicate_provider_id
P014436,Oommen Group,Neurology,Bhind,Haryana,XXXXX,BADLIC,duplicate_provider_id
P004894,"Peri, Khatri and Sur",Oncology,Amritsar,Tripura,XXXXX,BADLIC,duplicate_provider_id
P030846,"Srivastava, Krishnan and Chopra",Cardiology,Saharanpur,Bihar,XXXXX,BADLIC,duplicate_provider_id
P027719,Goswami-Mangal,Orthopedics,Tiruchirappalli,Assam,XXXXX,BADLIC,duplicate_provider_id
P006434,Shah-Bose,Urology,Nashik,Punjab,214447364,LIC729615,duplicate_provider_id
P033997,"Bali, Tank and Varty",ENT,Berhampur,Mizoram,326245867,LIC677237,duplicate_provider_id
P011456,Devan LLC,Oncology,Kalyan-Dombivli,Assam,235418015,LIC145966,duplicate_provider_id
P023400,"Chandra, Char and Sarkar",Dermatology,Bhiwandi,Odisha,XXXXX,BADLIC,duplicate_provider_id
P011327,Chopra and Sons,Pediatrics,Saharanpur,Arunachal Pradesh,682028768,LIC483090,duplicate_provider_id
P013217,Barman-Borde,Dermatology,Meerut,Punjab,977843890,LIC535610,duplicate_provider_id
P023003,"Upadhyay, Rajan and Zachariah",OBGYN,Anantapuram,Meghalaya,760356156,LIC303479,duplicate_provider_id
P034101,"Chahal, Dhar and Shankar",General Medicine,Durg,West Bengal,723863246,LIC102488,duplicate_provider_id
P000710,"Panchal, Dayal and Shroff",Oncology,Kharagpur,Assam,XXXXX,BADLIC,duplicate_provider_id
P000369,"Yohannan, Basu and Butala",ENT,Rajahmundry,Tamil Nadu,178611145,LIC232952,duplicate_provider_id
P022187,Amble Ltd,ENT,Kollam,Gujarat,526141055,LIC953392,duplicate_provider_id
P009096,Balan-Zachariah,General Medicine,Karimnagar,Kerala,927074207,LIC285719,duplicate_provider_id
P032385,"Raman, Mallick and Sur",Cardiology,Pimpri-Chinchwad,Uttarakhand,535865263,LIC906991,duplicate_provider_id
P030038,Madan PLC,Oncology,Ahmedabad,Mizoram,835775395,LIC934160,duplicate_provider_id
P000600,Nagy Group,Oncology,Moradabad,Goa,XXXXX,BADLIC,duplicate_provider_id
P005703,Venkatesh-Warrior,Dermatology,Jalandhar,Maharashtra,XXXXX,BADLIC,duplicate_provider_id
P009723,"Zachariah, Bhasin and Magar",Urology,Tumkur,Odisha,784783921,LIC882576,duplicate_provider_id
P018067,"Panchal, Dayal and Shroff",Cardiology,Saharanpur,Assam,XXXXX,BADLIC,duplicate_provider_id
P013989,Lata-Brahmbhatt,ENT,Pudukkottai,Bihar,XXXXX,BADLIC,duplicate_provider_id
P030274,"Butala, Bhakta and Bal",General Medicine,Chittoor,Karnataka,XXXXX,BADLIC,duplicate_provider_id
P026019,Solanki-Chacko,Pediatrics,Raurkela Industrial Township,Gujarat,182067892,LIC932550,duplicate_provider_id
P010764,Mander-Baria,Neurology,Udaipur,Karnataka,XXXXX,BADLIC,duplicate_provider_id
P027277,Bakshi-Dey,Neurology,Saharsa,Sikkim,XXXXX,BADLIC,duplicate_provider_id
P010694,"Rana, Sekhon and Lalla",General Medicine,Varanasi,Telangana,719740641,LIC313079,duplicate_provider_id
P017448,Kala-Choudhury,ENT,Malegaon,Odisha,752779519,LIC977044,duplicate_provider_id
P017109,"Sharma, Barad and Sura",Pediatrics,Munger,Uttarakhand,XXXXX,BADLIC,duplicate_provider_id
P000626,Lall LLC,Dermatology,Rajkot,Assam,225931854,LIC549826,duplicate_provider_id
P020703,"Kapoor, Kari and Wali",General Medicine,Amaravati,Madhya Pradesh,705876400,LIC519648,duplicate_provider_id
P006682,"Reddy, Sridhar and Krishnan",Urology,Bhusawal,Assam,927936065,LIC948350,duplicate_provider_id
P029617,"Narayanan, Aurora and Savant",Cardiology,Bhavnagar,Jharkhand,XXXXX,BADLIC,duplicate_provider_id
P016438,Parsa Ltd,Oncology,Mangalore,Punjab,676131649,LIC700958,duplicate_provider_id
P024489,"Wali, Oza and Dora",OBGYN,Pondicherry,Manipur,408213275,LIC553745,duplicate_provider_id
P021169,Bir and Sons,Pediatrics,Bahraich,Karnataka,XXXXX,BADLIC,duplicate_provider_id
P006238,"Datta, Kothari and Mannan",Orthopedics,Sikar,Meghalaya,XXXXX,BADLIC,duplicate_provider_id
P001375,"Bhatia, Master and Parmer",Orthopedics,Bidar,Mizoram,829165809,LIC372524,duplicate_provider_id
P030328,Ganesan Inc,Oncology,Muzaffarnagar,Jharkhand,827646861,LIC202162,duplicate_provider_id
P010042,Wali LLC,Pediatrics,Bhusawal,Karnataka,XXXXX,BADLIC,duplicate_provider_id
P024082,"Mishra, Baral and Kapur",Cardiology,Tinsukia,Bihar,992983851,LIC868309,duplicate_provider_id
P025093,Palla Group,Neurology,Raiganj,Nagaland,781159413,LIC286921,duplicate_provider_id
P027980,Ram Inc,ENT,Pali,Tamil Nadu,157281068,LIC739053,duplicate_provider_id
P010163,"Setty, Bhat and Bhatt",Orthopedics,Bihar Sharif,Madhya Pradesh,568228832,LIC767590,duplicate_provider_id
P004112,"Sharaf, Sahni and Dutta",Cardiology,Alwar,Rajasthan,XXXXX,BADLIC,duplicate_provider_id
P027211,"Goda, Dara and Kaur",Oncology,Bareilly,Chhattisgarh,830058697,LIC979242,duplicate_provider_id
P029387,"Majumdar, Dhawan and Saraf",General Medicine,Madurai,Odisha,XXXXX,BADLIC,duplicate_provider_id
P032631,Sunder LLC,OBGYN,Dibrugarh,Uttarakhand,XXXXX,BADLIC,duplicate_provider_id
P019543,Sengupta-Agate,Dermatology,Karawal Nagar,Mizoram,XXXXX,BADLIC,duplicate_provider_id
P007672,Char-Muni,Neurology,Shivpuri,Tripura,607093694,LIC649766,duplicate_provider_id
P024082,"Swamy, Oak and Bali",Dermatology,Aizawl,Jharkhand,XXXXX,BADLIC,duplicate_provider_id
P021506,Dara Ltd,Dermatology,Farrukhabad,Himachal Pradesh,595578659,LIC706590,duplicate_provider_id
P002855,Shenoy Ltd,OBGYN,Loni,Rajasthan,300256337,LIC192090,duplicate_provider_id
P023072,Bose-Memon,General Medicine,Rajahmundry,Himachal Pradesh,XXXXX,BADLIC,duplicate_provider_id
P029187,"Pradhan, Dubey and Samra",ENT,Hospet,Bihar,XXXXX,BADLIC,duplicate_provider_id
P019903,Dhaliwal-Tandon,Orthopedics,Machilipatnam,Manipur,XXXXX,BADLIC,duplicate_provider_id
P012973,"Batra, Bandi and Patla",General Medicine,Davanagere,Jharkhand,XXXXX,BADLIC,duplicate_provider_id
P018719,Bobal-Sidhu,Dermatology,Munger,Manipur,882109728,LIC220188,duplicate_provider_id
P023299,Vohra-Trivedi,Neurology,Serampore,Haryana,120811145,LIC444352,duplicate_provider_id
P006882,Ahluwalia and Sons,General Medicine,Narasaraopet,Gujarat,885471313,LIC653741,duplicate_provider_id
P033350,Bakshi-Mane,Orthopedics,Gopalpur,Mizoram,942387186,LIC111137,duplicate_provider_id
P003809,Dave and Sons,Oncology,Muzaffarnagar,Manipur,341147927,LIC255761,duplicate_provider_id
P024493,"Tandon, Contractor and Sarraf",Oncology,Gwalior,Gujarat,566342026,LIC847222,duplicate_provider_id
P012761,Chana-Kala,Neurology,Varanasi,Tamil Nadu,XXXXX,BADLIC,duplicate_provider_id
P023919,Ganguly Ltd,Urology,Ghaziabad,Maharashtra,XXXXX,BADLIC,duplicate_provider_id
P020280,"Sachdev, Agrawal and Dhawan",Cardiology,Jamalpur,Bihar,XXXXX,BADLIC,duplicate_provider_id
P020007,Banerjee PLC,OBGYN,Mumbai,Manipur,307305361,LIC510078,duplicate_provider_id
P006973,Naidu PLC,Urology,Vijayawada,Chhattisgarh,XXXXX,BADLIC,duplicate_provider_id
P020172,Shroff Inc,OBGYN,Anand,Punjab,XXXXX,BADLIC,duplicate_provider_id
P022368,Sathe-Pai,Orthopedics,Kollam,Sikkim,604729089,LIC281339,duplicate_provider_id
P025764,Pall PLC,Pediatrics,Ranchi,Jharkhand,XXXXX,BADLIC,duplicate_provider_id
P028640,Sabharwal and Sons,Orthopedics,Coimbatore,Madhya Pradesh,588357273,LIC708802,duplicate_provider_id
P003423,Dhingra and Sons,Neurology,Mahbubnagar,Telangana,XXXXX,BADLIC,duplicate_provider_id
P025853,Nagar PLC,ENT,Pimpri-Chinchwad,Haryana,XXXXX,BADLIC,duplicate_provider_id
P009226,"Dube, Raghavan and Gala",Dermatology,Belgaum,Punjab,XXXXX,BADLIC,duplicate_provider_id
P024797,Dhar-Chandran,Orthopedics,Erode,Karnataka,904604965,LIC168399,duplicate_provider_id
P003151,"Bhattacharyya, Chopra and Vora",Pediatrics,Shahjahanpur,Telangana,837243471,LIC880629,duplicate_provider_id
P032643,"Sarkar, Naik and Grewal",ENT,Ghaziabad,Tamil Nadu,XXXXX,BADLIC,duplicate_provider_id
P026493,Bhasin-Venkatesh,Urology,Chandrapur,Haryana,709583099,LIC806764,duplicate_provider_id
P018262,"Joshi, Swaminathan and Bava",General Medicine,Nagercoil,Maharashtra,XXXXX,BADLIC,duplicate_provider_id
P014620,Dhar and Sons,ENT,Ozhukarai,Odisha,933526302,LIC594808,duplicate_provider_id
P000951,"Nazareth, Bhavsar and Muni",Oncology,Vasai-Virar,Manipur,XXXXX,BADLIC,duplicate_provider_id
P015047,Badal-Gade,Neurology,Hapur,Andhra Pradesh,XXXXX,BADLIC,duplicate_provider_id
P018319,"Goel, Shere and Deo",Pediatrics,Siliguri,Uttarakhand,XXXXX,BADLIC,duplicate_provider_id
P003693,Kohli Inc,Oncology,Dhule,Karnataka,XXXXX,BADLIC,duplicate_provider_id
P022421,Ganesh-Sachdev,OBGYN,Dhanbad,Mizoram,266618831,LIC647214,duplicate_provider_id
P001265,"Dua, Atwal and Varughese",OBGYN,Junagadh,Andhra Pradesh,526260514,LIC294172,duplicate_provider_id
P026870,"Dhar, Naidu and Mandal",Orthopedics,Delhi,Bihar,316384230,LIC432581,duplicate_provider_id
P007821,"Talwar, Bera and Shan",Pediatrics,Ahmednagar,Haryana,215564375,LIC563441,duplicate_provider_id
P004888,Yohannan Group,ENT,Proddatur,Karnataka,727618122,LIC602841,duplicate_provider_id
P032259,Vig-Varma,Oncology,Bhimavaram,Manipur,XXXXX,BADLIC,duplicate_provider_id
P032067,Varkey-Ghosh,OBGYN,Srikakulam,West Bengal,XXXXX,BADLIC,duplicate_provider_id
P033694,Peri PLC,Urology,Secunderabad,Bihar,XXXXX,BADLIC,duplicate_provider_id
P005449,Basu-Rana,Oncology,Ranchi,Nagaland,141779465,LIC853779,duplicate_provider_id
P016195,Kaul LLC,Neurology,Khandwa,Mizoram,850469794,LIC931586,duplicate_provider_id
P019890,Sarma LLC,Cardiology,Rajpur Sonarpur,Odisha,XXXXX,BADLIC,duplicate_provider_id
P027489,"Shah, Magar and Reddy",ENT,Kalyan-Dombivli,Sikkim,172234536,LIC671710,duplicate_provider_id
P003558,Ranganathan-Puri,Urology,Ratlam,Arunachal Pradesh,476601735,LIC761570,duplicate_provider_id
P015196,Devan Group,Neurology,Ambarnath,Bihar,308091165,LIC493712,duplicate_provider_id
P002313,"Memon, Palla and Acharya",ENT,Nagpur,Haryana,XXXXX,BADLIC,duplicate_provider_id
P012359,Varma LLC,General Medicine,Hyderabad,Madhya Pradesh,341771522,LIC306232,duplicate_provider_id
P022146,"Banik, Patla and Wason",Dermatology,Raipur,Jharkhand,XXXXX,BADLIC,duplicate_provider_id
P026665,"Chada, Mahajan and Sankaran",Cardiology,Adoni,Chhattisgarh,163558333,LIC443496,duplicate_provider_id
P026318,Issac and Sons,Dermatology,Sasaram,Karnataka,663784866,LIC149814,duplicate_provider_id
P012908,Dara Ltd,Urology,Tumkur,Karnataka,XXXXX,BADLIC,duplicate_provider_id
P018161,Sanghvi Inc,Oncology,Agra,Karnataka,XXXXX,BADLIC,duplicate_provider_id
P027885,"Mukherjee, Devi and Ramachandran",Urology,Thoothukudi,Assam,XXXXX,BADLIC,duplicate_provider_id
P013510,Raghavan Inc,General Medicine,Shahjahanpur,Karnataka,847340668,LIC559098,duplicate_provider_id
P021868,Pradhan-More,Cardiology,Kota,West Bengal,357572122,LIC183324,duplicate_provider_id
P022478,Brar and Sons,General Medicine,Hubli–Dharwad,Uttarakhand,899112623,LIC277286,duplicate_provider_id
P005213,"Toor, Cheema and Halder",Orthopedics,Panchkula,Sikkim,956902014,LIC302281,duplicate_provider_id
P034393,"Dhar, Bains and Narula",Pediatrics,Tezpur,Assam,XXXXX,BADLIC,duplicate_provider_id
P012055,Kumer-Arya,Pediatrics,Gaya,Tripura,369021326,LIC836950,duplicate_provider_id
P011061,Sastry Inc,Dermatology,Madhyamgram,Haryana,923904103,LIC786484,duplicate_provider_id
P016477,Goyal-Mistry,OBGYN,Noida,Mizoram,XXXXX,BADLIC,duplicate_provider_id
P001433,Chacko LLC,Oncology,Udupi,Madhya Pradesh,XXXXX,BADLIC,duplicate_provider_id
P005749,Khosla-Rajagopal,Orthopedics,Bulandshahr,Kerala,649714118,LIC713658,duplicate_provider_id
P013246,Dhawan-Bhatt,Neurology,Kalyan-Dombivli,Rajasthan,XXXXX,BADLIC,duplicate_provider_id
P002660,Dhaliwal-Tandon,Oncology,Phagwara,Telangana,942202913,LIC380102,duplicate_provider_id
P023202,Solanki PLC,General Medicine,Bokaro,Rajasthan,XXXXX,BADLIC,duplicate_provider_id
P000920,Chada-Hegde,Cardiology,New Delhi,Kerala,XXXXX,BADLIC,duplicate_provider_id
P007094,Venkataraman-Zachariah,Orthopedics,Sambalpur,Odisha,311629939,LIC398964,duplicate_provider_id
P031112,Saran-Jhaveri,Pediatrics,Kavali,Punjab,XXXXX,BADLIC,duplicate_provider_id
P013234,Amble Ltd,Cardiology,Phagwara,Arunachal Pradesh,XXXXX,BADLIC,duplicate_provider_id
P013841,Saini-Bedi,Neurology,Bhavnagar,Himachal Pradesh,XXXXX,BADLIC,duplicate_provider_id
P033758,"Pillai, Randhawa and Saini",Neurology,Nadiad,Assam,XXXXX,BADLIC,duplicate_provider_id
P021912,Parekh LLC,OBGYN,Bhatpara,Maharashtra,XXXXX,BADLIC,duplicate_provider_id
P034679,"Keer, Bhasin and Rana",Neurology,Udaipur,Punjab,XXXXX,BADLIC,duplicate_provider_id
P031665,"Tank, Kala and Bhardwaj",ENT,Adoni,Punjab,XXXXX,BADLIC,duplicate_provider_id
P011809,Deo LLC,Dermatology,Thiruvananthapuram,Assam,XXXXX,BADLIC,duplicate_provider_id
P007044,Master Group,Dermatology,Gorakhpur,Gujarat,XXXXX,BADLIC,duplicate_provider_id
P001297,Yogi Ltd,Oncology,Pallavaram,Punjab,XXXXX,BADLIC,duplicate_provider_id
P029926,Mohan-Kuruvilla,Cardiology,Ludhiana,Gujarat,XXXXX,BADLIC,duplicate_provider_id
P010808,Dara PLC,Dermatology,Tiruvottiyur,Bihar,XXXXX,BADLIC,duplicate_provider_id
P005657,Dhaliwal-Jani,Urology,Tiruppur,Karnataka,598974754,LIC761345,duplicate_provider_id
P032545,"Butala, Grover and Choudhry",Orthopedics,Bathinda,Gujarat,962586927,LIC172284,duplicate_provider_id
P026356,Verma Inc,OBGYN,Kochi,Maharashtra,597419466,LIC702929,duplicate_provider_id
P028604,Prashad-Bhavsar,Pediatrics,Bhimavaram,Madhya Pradesh,XXXXX,BADLIC,duplicate_provider_id
P029104,"Sane, Venkatesh and Yadav",Pediatrics,Sikar,Telangana,XXXXX,BADLIC,duplicate_provider_id
P005630,"Varty, Thaman and Lala",Orthopedics,Bulandshahr,Tamil Nadu,XXXXX,BADLIC,duplicate_provider_id
P014946,Pillay PLC,Dermatology,Pali,Manipur,853406369,LIC258581,duplicate_provider_id
P019236,"Apte, Shah and Jhaveri",OBGYN,Danapur,Nagaland,XXXXX,BADLIC,duplicate_provider_id
P029264,Padmanabhan-Kala,Oncology,Shahjahanpur,Rajasthan,XXXXX,BADLIC,duplicate_provider_id
P007642,Trivedi Group,OBGYN,Jalandhar,Andhra Pradesh,477864845,LIC214758,duplicate_provider_id
P009882,"Bhatnagar, Sule and Suresh",Orthopedics,Kalyan-Dombivli,Goa,XXXXX,BADLIC,duplicate_provider_id
P021411,Kohli-Gade,Urology,Nizamabad,Meghalaya,XXXXX,BADLIC,duplicate_provider_id
P005046,Sagar-Sharaf,Orthopedics,Pondicherry,Mizoram,XXXXX,BADLIC,duplicate_provider_id
P007063,Tiwari-Soman,Oncology,Gurgaon,Jharkhand,XXXXX,BADLIC,duplicate_provider_id
P020395,Vora PLC,Neurology,Bhopal,Madhya Pradesh,XXXXX,BADLIC,duplicate_provider_id
P022851,Agrawal Ltd,Pediatrics,Purnia,Maharashtra,XXXXX,BADLIC,duplicate_provider_id
P010743,"Chowdhury, Sandal and Rao",Urology,Sasaram,Uttarakhand,666072314,LIC561416,duplicate_provider_id
P001593,Jayaraman and Sons,Urology,Guna,Himachal Pradesh,XXXXX,BADLIC,duplicate_provider_id
P009062,Bhandari-Baral,Oncology,Bettiah,Sikkim,609093425,LIC147646,duplicate_provider_id
P009255,Sahni-Dass,Urology,Uluberia,Jharkhand,335111656,LIC883993,duplicate_provider_id
P014356,Sarna-Bir,ENT,Chittoor,Karnataka,639210642,LIC565376,duplicate_provider_id
P015447,"Varghese, Rajagopalan and Palla",Dermatology,Hajipur,Punjab,XXXXX,BADLIC,duplicate_provider_id
P030187,Gupta-Ben,Orthopedics,Jammu,Himachal Pradesh,182392410,LIC392117,duplicate_provider_id
P021845,"Warrior, Kothari and Kapur",ENT,Bettiah,Meghalaya,XXXXX,BADLIC,duplicate_provider_id
P017671,"Merchant, Reddy and Bhakta",Urology,Navi Mumbai,Chhattisgarh,XXXXX,BADLIC,duplicate_provider_id
P007094,Thakur LLC,Pediatrics,Lucknow,Madhya Pradesh,XXXXX,BADLIC,duplicate_provider_id
P010052,Raj-Devan,Urology,Imphal,Nagaland,587427261,LIC514903,duplicate_provider_id
P034170,Sridhar-Das,General Medicine,Nadiad,Odisha,757366315,LIC118761,duplicate_provider_id
P000074,Dua-Master,ENT,Dibrugarh,Assam,476176327,LIC608306,duplicate_provider_id
P019624,"Sodhi, Rajan and Srinivas",Oncology,Uluberia,Karnataka,XXXXX,BADLIC,duplicate_provider_id
P027281,Joshi and Sons,Pediatrics,Nashik,Kerala,404029578,LIC174948,duplicate_provider_id
P027638,"Balay, Gill and Desai",Dermatology,Mumbai,Punjab,XXXXX,BADLIC,duplicate_provider_id
P034004,Cherian Ltd,Urology,Ahmedabad,Karnataka,786736952,LIC175108,duplicate_provider_id
P011470,Gopal-Dube,Neurology,Nanded,Himachal Pradesh,XXXXX,BADLIC,duplicate_provider_id
P017326,Wali Group,Cardiology,Kozhikode,Goa,171801882,LIC474937,duplicate_provider_id
P027863,Zacharia-Parmer,ENT,Gudivada,Punjab,165241723,LIC971805,duplicate_provider_id
P034991,"Lall, Sangha and Misra",Oncology,Dewas,Punjab,424550285,LIC876413,duplicate_provider_id
P006835,Saini-Kade,Urology,Kamarhati,Telangana,XXXXX,BADLIC,duplicate_provider_id
P017716,"Badal, Goel and Doctor",OBGYN,Jamnagar,Assam,929057609,LIC180096,duplicate_provider_id
P010460,Dara-Morar,Orthopedics,Alwar,Andhra Pradesh,837961699,LIC335142,duplicate_provider_id
P010112,"Sachdev, Dani and Ram",Oncology,Arrah,Kerala,XXXXX,BADLIC,duplicate_provider_id
P028422,Oza PLC,Dermatology,Sagar,Andhra Pradesh,881743677,LIC227669,duplicate_provider_id
P009263,Kata-Pingle,Oncology,Serampore,Odisha,XXXXX,BADLIC,duplicate_provider_id
P017226,"Datta, Comar and Shere",ENT,Hapur,Manipur,648295412,LIC112765,duplicate_provider_id
P032832,Bali LLC,OBGYN,Aizawl,Goa,433874403,LIC350814,duplicate_provider_id
P026712,"Goel, Dasgupta and Goyal",Oncology,Silchar,Uttar Pradesh,933237395,LIC174876,duplicate_provider_id
P009905,Keer-Bhardwaj,ENT,Delhi,Mizoram,XXXXX,BADLIC,duplicate_provider_id
P009567,"Tandon, Saha and Raj",Oncology,Panihati,Tamil Nadu,885355688,LIC677700,duplicate_provider_id
P026663,"Bhardwaj, Mukherjee and Tank",Orthopedics,Phagwara,Nagaland,XXXXX,BADLIC,duplicate_provider_id
P014881,Sheth-Choudhury,Urology,Anantapur,Karnataka,845416435,LIC321952,duplicate_provider_id
P018437,Bala-Bhatia,Urology,Thiruvananthapuram,Maharashtra,XXXXX,BADLIC,duplicate_provider_id
P010908,Bahri Ltd,Neurology,Tirunelveli,Odisha,XXXXX,BADLIC,duplicate_provider_id
P013479,Sahota PLC,Orthopedics,Aurangabad,Maharashtra,XXXXX,BADLIC,duplicate_provider_id
P020804,Pandey Group,Oncology,Madurai,Chhattisgarh,XXXXX,BADLIC,duplicate_provider_id
P028789,"Swamy, Oak and Bali",Neurology,Machilipatnam,Bihar,266138822,LIC108898,duplicate_provider_id
P011457,Minhas Group,Neurology,Saharsa,Manipur,XXXXX,BADLIC,duplicate_provider_id
P034560,Mahajan-Dey,Orthopedics,Patiala,Haryana,XXXXX,BADLIC,duplicate_provider_id
P002011,"Dyal, Mall and Korpal",Neurology,Vijayanagaram,Karnataka,368965552,LIC532529,duplicate_provider_id
P003100,"Vyas, Dhawan and Murthy",Oncology,Bokaro,Telangana,XXXXX,BADLIC,duplicate_provider_id
P016900,"Nadig, Datta and Muni",Orthopedics,Satara,Tripura,XXXXX,BADLIC,duplicate_provider_id
P006424,"Divan, Sangha and Varkey",Urology,Begusarai,Bihar,220540852,LIC111118,duplicate_provider_id
P005265,Roy Group,Orthopedics,Navi Mumbai,Chhattisgarh,837276153,LIC968627,duplicate_provider_id
P027477,Gandhi-Chada,OBGYN,Bellary,Madhya Pradesh,XXXXX,BADLIC,duplicate_provider_id
P008024,"Biswas, Kala and Lata",General Medicine,Bhatpara,Uttarakhand,XXXXX,BADLIC,duplicate_provider_id
P033099,Dutt Group,Dermatology,Bareilly,Rajasthan,330212960,LIC470017,duplicate_provider_id
P018543,Sahni-De,Orthopedics,Saharsa,Tamil Nadu,743874385,LIC791169,duplicate_provider_id
P005234,Dara PLC,Oncology,Raurkela Industrial Township,Punjab,974552147,LIC434954,duplicate_provider_id
P031369,Doshi-Iyer,Neurology,Begusarai,Bihar,XXXXX,BADLIC,duplicate_provider_id
P003499,Sachdeva-Tiwari,ENT,Giridih,Madhya Pradesh,221434355,LIC553342,duplicate_provider_id
P034989,Sane PLC,OBGYN,Anantapur,Bihar,380015232,LIC588266,duplicate_provider_id
P011004,"Kanda, Deep and Bobal",Orthopedics,Arrah,Maharashtra,XXXXX,BADLIC,duplicate_provider_id
P000963,Agrawal-Ben,Pediatrics,Bhilai,Madhya Pradesh,XXXXX,BADLIC,duplicate_provider_id
P008756,"De, Yohannan and Nazareth",Cardiology,Sikar,Assam,XXXXX,BADLIC,duplicate_provider_id
P016777,Shetty-Johal,ENT,Jabalpur,Chhattisgarh,XXXXX,BADLIC,duplicate_provider_id
P022694,"Virk, Lad and Andra",OBGYN,Haridwar,Goa,XXXXX,BADLIC,duplicate_provider_id
P012100,Misra-Konda,ENT,Bilaspur,Gujarat,XXXXX,BADLIC,duplicate_provider_id
P018180,"Srivastava, Dhaliwal and Din",Urology,Jabalpur,Gujarat,110363556,LIC759025,duplicate_provider_id
P002890,Sundaram Inc,ENT,Pali,Mizoram,263520731,LIC514365,duplicate_provider_id
P034843,Thakkar Ltd,Pediatrics,Rohtak,West Bengal,566971755,LIC869791,duplicate_provider_id
P001653,"Saha, Cherian and Mangal",Dermatology,Tiruvottiyur,Mizoram,XXXXX,BADLIC,duplicate_provider_id
P010977,Sathe and Sons,Cardiology,Malda,Telangana,224612552,LIC346220,duplicate_provider_id
P001332,Puri Inc,Cardiology,Bidar,Chhattisgarh,255081038,LIC255944,duplicate_provider_id
P001688,Handa LLC,Pediatrics,Madhyamgram,Manipur,XXXXX,BADLIC,duplicate_provider_id
P018008,"Bhasin, Karan and Ram",Urology,Danapur,Assam,XXXXX,BADLIC,duplicate_provider_id
P024151,"Dyal, Banerjee and Gade",Pediatrics,Belgaum,Gujarat,XXXXX,BADLIC,duplicate_provider_id
P016897,Krish-Kakar,Urology,Fatehpur,Maharashtra,XXXXX,BADLIC,duplicate_provider_id
P027858,Banerjee-Yadav,General Medicine,Indore,Mizoram,106410462,LIC253338,duplicate_provider_id
P028054,"Vasa, Virk and Kala",Dermatology,Bhavnagar,Rajasthan,462395328,LIC791082,duplicate_provider_id
P013125,"Solanki, Ramaswamy and Shan",Neurology,Dehri,Kerala,XXXXX,BADLIC,duplicate_provider_id
P024744,Iyer-Mitter,Dermatology,Hajipur,Odisha,XXXXX,BADLIC,duplicate_provider_id
P003298,Bora Ltd,Orthopedics,Sasaram,Manipur,XXXXX,BADLIC,duplicate_provider_id
P007399,Mitra PLC,ENT,Nangloi Jat,Bihar,302828544,LIC449591,duplicate_provider_id
P006315,"Thaker, Dugar and Ben",OBGYN,Bhilwara,Gujarat,916396280,LIC353056,duplicate_provider_id
P000859,D’Alia-Bali,ENT,Nandyal,Bihar,362272790,LIC751824,duplicate_provider_id
P032401,"Shroff, Mandal and Agate",Dermatology,Khandwa,Jharkhand,989786658,LIC471656,duplicate_provider_id
P028962,"Chopra, Yogi and Jhaveri",Neurology,Ichalkaranji,Arunachal Pradesh,XXXXX,BADLIC,duplicate_provider_id
P022647,Kalla-Vasa,Cardiology,Dharmavaram,Jharkhand,433249564,LIC708115,duplicate_provider_id
P006740,"Murthy, Pandey and Sibal",General Medicine,Lucknow,Meghalaya,866316116,LIC211485,duplicate_provider_id
P002386,Radhakrishnan-Naik,ENT,Solapur,Karnataka,XXXXX,BADLIC,duplicate_provider_id
P019717,Misra-Oak,OBGYN,Sambhal,West Bengal,310681066,LIC720607,duplicate_provider_id
P018988,Bera-Natarajan,OBGYN,Udupi,Madhya Pradesh,XXXXX,BADLIC,duplicate_provider_id
P028209,Madan and Sons,Pediatrics,Chandigarh,Manipur,601888271,LIC992984,duplicate_provider_id
P031866,Ghose LLC,Neurology,Parbhani,Uttarakhand,301710409,LIC668340,duplicate_provider_id
P033184,"Handa, Sanghvi and Sahota",Oncology,Chandigarh,Bihar,931813159,LIC891409,duplicate_provider_id
P009391,Cherian-Aggarwal,General Medicine,Shimoga,Arunachal Pradesh,204741570,LIC992610,duplicate_provider_id
P023556,Minhas Ltd,Pediatrics,Sri Ganganagar,Gujarat,673413350,LIC811607,duplicate_provider_id
P008974,Agarwal Inc,Urology,Rampur,Tripura,XXXXX,BADLIC,duplicate_provider_id
P006963,"Iyengar, Ravel and Goyal",Neurology,Saharsa,Manipur,XXXXX,BADLIC,duplicate_provider_id
P029500,Korpal LLC,General Medicine,Jamalpur,Maharashtra,949791683,LIC418289,duplicate_provider_id
P005627,Sani LLC,Cardiology,Madurai,Jharkhand,XXXXX,BADLIC,duplicate_provider_id
P031499,"Chokshi, Yogi and Iyengar",Orthopedics,Hosur,Punjab,479656372,LIC106301,duplicate_provider_id
P000769,Rai PLC,Dermatology,Etawah,Odisha,XXXXX,BADLIC,duplicate_provider_id
P018280,"Kumar, Dayal and Yogi",Oncology,Agartala,Bihar,XXXXX,BADLIC,duplicate_provider_id
P018953,Oza-Thakkar,Neurology,Barasat,Bihar,173008498,LIC118704,duplicate_provider_id
P024187,Bora-Palla,General Medicine,Durgapur,Rajasthan,XXXXX,BADLIC,duplicate_provider_id
P000430,"Babu, Deshmukh and Nagi",Cardiology,Bidar,Gujarat,XXXXX,BADLIC,duplicate_provider_id
P011286,"Ravel, Buch and Gola",OBGYN,Visakhapatnam,Maharashtra,566288654,LIC361352,duplicate_provider_id
P002623,"Som, Rao and Gola",Neurology,Rohtak,Tripura,XXXXX,BADLIC,duplicate_provider_id
P012867,"Keer, Kata and Bandi",ENT,Tenali,Gujarat,XXXXX,BADLIC,duplicate_provider_id
P007735,Manda and Sons,Oncology,Sonipat,West Bengal,XXXXX,BADLIC,duplicate_provider_id
P024443,"Bassi, Devi and Choudhry",ENT,Noida,Tripura,929778478,LIC515802,duplicate_provider_id
P010317,"Dugal, Chada and Gandhi",Pediatrics,Akola,Chhattisgarh,557408540,LIC446679,duplicate_provider_id
P025105,Murty-Kapur,ENT,Proddatur,West Bengal,335003420,LIC575619,duplicate_provider_id
P015263,Chaudhary-Devan,Orthopedics,Dehradun,Meghalaya,980150726,LIC790161,duplicate_provider_id
P034762,Rao-Nadkarni,ENT,Pudukkottai,Uttarakhand,XXXXX,BADLIC,duplicate_provider_id
P010713,"Wali, Ratta and Sura",Cardiology,Guntakal,Uttarakhand,465793772,LIC619630,duplicate_provider_id
P008208,"Apte, Patil and Yadav",ENT,Anand,West Bengal,XXXXX,BADLIC,duplicate_provider_id
P003290,"Taneja, Korpal and Din",Oncology,Jalandhar,West Bengal,541755564,LIC699727,duplicate_provider_id
P017420,Andra-Suri,Orthopedics,Srikakulam,Telangana,653684002,LIC304725,duplicate_provider_id
P030483,Chaudry LLC,Dermatology,Howrah,Kerala,769185239,LIC394402,duplicate_provider_id
P029178,Talwar-Bhat,Oncology,Allahabad,Goa,XXXXX,BADLIC,duplicate_provider_id
P022143,Grover-Majumdar,Dermatology,Malegaon,Haryana,XXXXX,BADLIC,duplicate_provider_id
P030845,Garg-Buch,Pediatrics,Yamunanagar,Uttarakhand,XXXXX,BADLIC,duplicate_provider_id
P005708,"Pradhan, Sehgal and Wali",Dermatology,Meerut,Rajasthan,XXXXX,BADLIC,duplicate_provider_id
P001060,"Handa, Kohli and Chakrabarti",Urology,Arrah,Uttarakhand,XXXXX,BADLIC,duplicate_provider_id
P019603,Bala Inc,Urology,Ratlam,West Bengal,XXXXX,BADLIC,duplicate_provider_id
P018657,"Ram, Karnik and Ranganathan",OBGYN,Madhyamgram,Uttarakhand,640517128,LIC795723,duplicate_provider_id
P008754,Ranganathan Inc,OBGYN,Junagadh,Punjab,XXXXX,BADLIC,duplicate_provider_id
P028220,Bhatia-Nath,ENT,Singrauli,Chhattisgarh,219737945,LIC699003,duplicate_provider_id
P017296,"Balay, Pandey and Sharma",Urology,Kota,Himachal Pradesh,XXXXX,BADLIC,duplicate_provider_id
P015724,"Sandal, Sanghvi and Jayaraman",Dermatology,Vellore,Madhya Pradesh,771150930,LIC659707,duplicate_provider_id
P000608,Rau-Ramanathan,Cardiology,Hajipur,West Bengal,729082320,LIC169604,duplicate_provider_id
P026017,Trivedi-Sharaf,ENT,Bhatpara,Telangana,487076650,LIC418827,duplicate_provider_id
P018782,"Yadav, Bhavsar and Thaman",Cardiology,Etawah,Goa,XXXXX,BADLIC,duplicate_provider_id
P001471,Sundaram-Kalla,Cardiology,Ratlam,Punjab,XXXXX,BADLIC,duplicate_provider_id
P028961,Rai Ltd,Pediatrics,Varanasi,Jharkhand,XXXXX,BADLIC,duplicate_provider_id
P026921,"Magar, Kumer and Shah",OBGYN,Anantapur,Rajasthan,191441860,LIC795623,duplicate_provider_id
P020221,Sunder LLC,Dermatology,Panipat,Arunachal Pradesh,534658866,LIC785204,duplicate_provider_id
P014528,Sethi and Sons,ENT,Ajmer,Mizoram,XXXXX,BADLIC,duplicate_provider_id
P016293,Mandal-Raja,Dermatology,Karaikudi,Kerala,614577546,LIC286159,duplicate_provider_id
P023651,Thakkar Ltd,Dermatology,Dindigul,Gujarat,XXXXX,BADLIC,duplicate_provider_id
P011165,Kapoor Group,Neurology,Nagaon,Tamil Nadu,503868275,LIC654113,duplicate_provider_id
P018633,"Nori, Mall and Nadkarni",Cardiology,Noida,Mizoram,645996536,LIC831471,duplicate_provider_id
P015957,Varkey and Sons,Neurology,Sikar,Punjab,606809407,LIC867842,duplicate_provider_id
P007331,Lal-Palan,Pediatrics,Mira-Bhayandar,Madhya Pradesh,XXXXX,BADLIC,duplicate_provider_id
P018744,"Wason, Kala and Chahal",OBGYN,Ratlam,West Bengal,810970953,LIC619325,duplicate_provider_id
P026194,Pau-Soni,OBGYN,Raurkela Industrial Township,Madhya Pradesh,153560221,LIC798359,duplicate_provider_id
P030034,Wable LLC,Dermatology,Shahjahanpur,Manipur,XXXXX,BADLIC,duplicate_provider_id
P023505,Merchant Group,Dermatology,Pondicherry,Kerala,XXXXX,BADLIC,duplicate_provider_id
P010879,"Barman, Sekhon and Chakraborty",OBGYN,Ghaziabad,Uttarakhand,XXXXX,BADLIC,duplicate_provider_id
P027373,"Keer, Nanda and Zacharia",Pediatrics,Jammu,Gujarat,XXXXX,BADLIC,duplicate_provider_id
P017257,Chakrabarti Ltd,Urology,Kozhikode,Odisha,225635573,LIC298553,duplicate_provider_id
P030408,Ramaswamy-Goswami,Urology,Rajkot,Goa,XXXXX,BADLIC,duplicate_provider_id
P019326,Rajagopal and Sons,Neurology,Raurkela Industrial Township,Maharashtra,XXXXX,BADLIC,duplicate_provider_id
P018034,"Sodhi, Mannan and Bajaj",Oncology,Sultan Pur Majra,Chhattisgarh,XXXXX,BADLIC,duplicate_provider_id
P020406,Palla Inc,Dermatology,Saharsa,Maharashtra,290697830,LIC398008,duplicate_provider_id
P004344,Brar LLC,Urology,Chandrapur,Sikkim,XXXXX,BADLIC,duplicate_provider_id
P014130,Bali LLC,Dermatology,Baranagar,Odisha,XXXXX,BADLIC,duplicate_provider_id
P014579,Badal-Dey,Neurology,Mau,Jharkhand,XXXXX,BADLIC,duplicate_provider_id
P009121,"Shetty, Biswas and Chand",OBGYN,Shivpuri,Chhattisgarh,XXXXX,BADLIC,duplicate_provider_id
P005550,"Chaudry, Bhalla and Sami",Urology,Dewas,Jharkhand,247510359,LIC766279,duplicate_provider_id
P011258,Bhatnagar Inc,Cardiology,Kalyan-Dombivli,Tamil Nadu,689262174,LIC850788,duplicate_provider_id
P004687,Vora-Upadhyay,General Medicine,Chandigarh,Gujarat,XXXXX,BADLIC,duplicate_provider_id
P026030,Iyer-Rai,OBGYN,Yamunanagar,Telangana,655275929,LIC207951,duplicate_provider_id
P028233,"Natarajan, Wason and Chahal",Dermatology,Visakhapatnam,Uttarakhand,XXXXX,BADLIC,duplicate_provider_id
P014675,"Ratta, Pillai and Bath",OBGYN,Nagaon,Telangana,XXXXX,BADLIC,duplicate_provider_id
P016087,Tank-Nagarajan,Oncology,Nanded,Nagaland,XXXXX,BADLIC,duplicate_provider_id
P034469,Upadhyay-Malhotra,Dermatology,Jalgaon,West Bengal,XXXXX,BADLIC,duplicate_provider_id
P010064,Venkataraman-Biswas,Pediatrics,Malda,Bihar,118772172,LIC254569,duplicate_provider_id
P010333,Kapur Ltd,Neurology,Miryalaguda,Karnataka,XXXXX,BADLIC,duplicate_provider_id
P026116,Sharaf-Dubey,Pediatrics,Raurkela Industrial Township,Manipur,XXXXX,BADLIC,duplicate_provider_id
P007179,"Sandal, Batta and Rajagopal",Dermatology,Munger,Bihar,XXXXX,BADLIC,duplicate_provider_id
P009468,Grewal Inc,ENT,Saharsa,Odisha,XXXXX,BADLIC,duplicate_provider_id
P029813,Murthy-Dave,Cardiology,Nangloi Jat,Maharashtra,XXXXX,BADLIC,duplicate_provider_id
P019775,Hegde-Kanda,General Medicine,Ballia,Odisha,636212094,LIC341665,duplicate_provider_id
P003129,Gokhale Inc,General Medicine,Mangalore,Assam,460660186,LIC245320,duplicate_provider_id
P005869,Lata-Madan,ENT,Bikaner,Tripura,208046552,LIC912825,duplicate_provider_id
P019812,Prashad-Bhavsar,Oncology,Dhanbad,Uttarakhand,441118199,LIC175031,duplicate_provider_id
P028853,"Chaudhari, Dua and Dugal",Orthopedics,Bhilai,Uttar Pradesh,100728824,LIC626962,duplicate_provider_id
P013277,Taneja-Ramaswamy,Neurology,Dewas,Nagaland,931346190,LIC155289,duplicate_provider_id
P006935,Bhatia-Zachariah,Orthopedics,Siliguri,Karnataka,681473882,LIC725305,duplicate_provider_id
P020109,Sha-Pradhan,ENT,Salem,Telangana,551130230,LIC139637,duplicate_provider_id
P024169,"Kapur, Rattan and Dugar",OBGYN,Bhilai,Himachal Pradesh,618448857,LIC610271,duplicate_provider_id
P028172,Deep-Minhas,OBGYN,Ballia,Sikkim,435405793,LIC412183,duplicate_provider_id
P028426,Pingle Ltd,Neurology,Maheshtala,Uttar Pradesh,487196083,LIC767015,duplicate_provider_id
P018760,Soman-Prakash,Cardiology,Rampur,Mizoram,357002550,LIC863740,duplicate_provider_id
P012732,Deep-Sane,Neurology,Amritsar,Nagaland,826299035,LIC762080,duplicate_provider_id
P010689,Rastogi-Lala,ENT,Bharatpur,Jharkhand,199847010,LIC295493,duplicate_provider_id
P024613,Kannan-Prashad,Pediatrics,Tadipatri,West Bengal,498748364,LIC444501,duplicate_provider_id
P032505,"Mitter, Murthy and Chaudhuri",Oncology,Ludhiana,Tripura,XXXXX,BADLIC,duplicate_provider_id
P016584,Mital LLC,Neurology,Saharsa,Haryana,715704367,LIC540026,duplicate_provider_id
P008207,"Hora, Ramachandran and Sarkar",Dermatology,Ambala,Jharkhand,637450945,LIC665868,duplicate_provider_id
P028135,Chander Group,Pediatrics,Haldia,Chhattisgarh,XXXXX,BADLIC,duplicate_provider_id
P006175,Cherian-Mani,ENT,Madhyamgram,Karnataka,921616844,LIC416114,duplicate_provider_id
P018467,Walla and Sons,Orthopedics,Kozhikode,Uttar Pradesh,XXXXX,BADLIC,duplicate_provider_id
P006886,Gupta-Wagle,Orthopedics,Burhanpur,Punjab,XXXXX,BADLIC,duplicate_provider_id
P025867,Munshi-Zachariah,OBGYN,Thane,Gujarat,854535285,LIC671540,duplicate_provider_id
P024091,Munshi-Nayak,Dermatology,Khandwa,Goa,329699584,LIC474401,duplicate_provider_id
P022599,Venkatesh-Saini,Dermatology,Tadipatri,West Bengal,484783936,LIC343001,duplicate_provider_id
P030792,Badal-Sha,Cardiology,Jamshedpur,Maharashtra,XXXXX,BADLIC,duplicate_provider_id
P002545,Kadakia-Vig,Oncology,Bhopal,Mizoram,158748822,LIC409668,duplicate_provider_id
P010907,Gupta-Wagle,Dermatology,Khammam,Karnataka,778341799,LIC689926,duplicate_provider_id
P013962,D’Alia-Chana,Neurology,Nangloi Jat,Mizoram,XXXXX,BADLIC,duplicate_provider_id
P034032,Nayar Inc,Urology,Navi Mumbai,Kerala,883234450,LIC430856,duplicate_provider_id
P007387,"Ganguly, Subramanian and Mall",Oncology,Faridabad,Jharkhand,238467788,LIC811384,duplicate_provider_id
P034710,Keer-Sachar,Oncology,Dewas,Manipur,725069237,LIC379769,duplicate_provider_id
P018575,Bobal Ltd,General Medicine,Nashik,Maharashtra,XXXXX,BADLIC,duplicate_provider_id
P009499,"Raju, Bir and Roy",Urology,Tiruchirappalli,Haryana,XXXXX,BADLIC,duplicate_provider_id
P007210,"Bhagat, Hegde and Sood",Cardiology,Bhilwara,Uttarakhand,XXXXX,BADLIC,duplicate_provider_id
P021077,"Dugal, Panchal and Palla",Orthopedics,Firozabad,Sikkim,663658584,LIC728571,duplicate_provider_id
P027726,Patla Inc,Cardiology,Muzaffarnagar,Bihar,845333182,LIC597885,duplicate_provider_id
P031825,"Swaminathan, Subramanian and Garg",Pediatrics,Mangalore,Kerala,414357029,LIC588190,duplicate_provider_id
P001588,"Nadkarni, Kunda and Tandon",Orthopedics,Kharagpur,Mizoram,XXXXX,BADLIC,duplicate_provider_id
P008248,"Bajaj, Kala and Dhar",Neurology,Jalna,Gujarat,769134810,LIC215918,duplicate_provider_id
P011459,Malhotra LLC,Cardiology,Chapra,Himachal Pradesh,XXXXX,BADLIC,duplicate_provider_id
P034146,Kashyap-Keer,Neurology,Kumbakonam,Sikkim,663165975,LIC797513,duplicate_provider_id
P020624,Manda Inc,Dermatology,Rewa,Assam,XXXXX,BADLIC,duplicate_provider_id
P034998,Gupta-Ben,Oncology,Ramgarh,West Bengal,XXXXX,BADLIC,duplicate_provider_id
P006796,Karnik and Sons,General Medicine,Bongaigaon,Tamil Nadu,148245618,LIC231878,duplicate_provider_id
P010306,Chandran-Sarma,Orthopedics,Bellary,Assam,XXXXX,BADLIC,duplicate_provider_id
P001446,"Din, Grewal and Wason",Oncology,Thoothukudi,Madhya Pradesh,XXXXX,BADLIC,duplicate_provider_id
P010829,Sastry-Dua,Orthopedics,Sikar,Nagaland,887873341,LIC682485,duplicate_provider_id
P017540,Agate LLC,Cardiology,Chandrapur,Mizoram,XXXXX,BADLIC,duplicate_provider_id
P008220,Raj-Master,Pediatrics,Saharsa,Meghalaya,349703989,LIC856631,duplicate_provider_id
P000163,Mand-Balakrishnan,OBGYN,Jaunpur,Uttar Pradesh,142107701,LIC437114,duplicate_provider_id
P003351,Bail Inc,Urology,Ambarnath,Haryana,272850757,LIC732128,duplicate_provider_id
P003987,Kulkarni PLC,Urology,Muzaffarpur,Uttarakhand,XXXXX,BADLIC,duplicate_provider_id
P015346,Bora PLC,Pediatrics,Udupi,Gujarat,402627816,LIC903733,duplicate_provider_id
P019259,Dhawan and Sons,Neurology,Kota,Uttarakhand,XXXXX,BADLIC,duplicate_provider_id
P001704,"Barad, Mody and Bhalla",Dermatology,Ongole,Haryana,XXXXX,BADLIC,duplicate_provider_id
P005393,Bhakta Inc,Neurology,Raurkela Industrial Township,Bihar,XXXXX,BADLIC,duplicate_provider_id
P030722,Date LLC,General Medicine,Barasat,Punjab,125219983,LIC380661,duplicate_provider_id
P024825,Kade LLC,General Medicine,Hapur,Assam,649260967,LIC953227,duplicate_provider_id
P001999,Goda-Bahri,Neurology,Tenali,Maharashtra,597144453,LIC690922,duplicate_provider_id
P006058,Pai and Sons,Neurology,Baranagar,Chhattisgarh,899863054,LIC306868,duplicate_provider_id
P026310,"Soni, Dey and Parekh",OBGYN,Siliguri,Himachal Pradesh,992775715,LIC312354,duplicate_provider_id
P001308,"Chakrabarti, Sathe and Sekhon",Neurology,New Delhi,Rajasthan,XXXXX,BADLIC,duplicate_provider_id
P010352,"Bhatt, Doshi and Pant",Orthopedics,Sangli-Miraj & Kupwad,Uttarakhand,143311097,LIC363126,duplicate_provider_id
P021211,Bobal-Nadig,Pediatrics,Surendranagar Dudhrej,Chhattisgarh,XXXXX,BADLIC,duplicate_provider_id
P016405,"Rana, Setty and Chand",OBGYN,Ulhasnagar,Nagaland,XXXXX,BADLIC,duplicate_provider_id
P001057,Pall-Jani,Cardiology,Deoghar,Punjab,XXXXX,BADLIC,duplicate_provider_id
P001239,Iyengar LLC,Cardiology,Bhalswa Jahangir Pur,Gujarat,XXXXX,BADLIC,duplicate_provider_id
P003432,"Menon, Patla and Rajagopalan",Dermatology,Shimoga,Karnataka,310555193,LIC572913,duplicate_provider_id
P033439,Naik LLC,Neurology,Bhind,Meghalaya,XXXXX,BADLIC,duplicate_provider_id
P000619,Borde Group,Urology,Kishanganj,Gujarat,659359175,LIC944901,duplicate_provider_id
P000297,Karan Group,ENT,Rewa,Haryana,693267644,LIC710074,duplicate_provider_id
P000576,Devi Ltd,General Medicine,Sambalpur,Uttar Pradesh,204692796,LIC405092,duplicate_provider_id
P007503,Gera-Karan,Cardiology,Sirsa,Assam,XXXXX,BADLIC,duplicate_provider_id
P024974,Sunder-Modi,ENT,Pondicherry,Rajasthan,781152121,LIC661516,duplicate_provider_id
P032138,Gour and Sons,Pediatrics,Firozabad,Odisha,980844671,LIC556041,duplicate_provider_id
P026414,Warrior Inc,Dermatology,Raipur,Goa,838406585,LIC565168,duplicate_provider_id
P000810,Kohli Ltd,Oncology,Madurai,Mizoram,XXXXX,BADLIC,duplicate_provider_id
P003939,Kumar-Parikh,Orthopedics,Tadepalligudem,Himachal Pradesh,973022959,LIC130267,duplicate_provider_id
P006632,Mani-Dave,Dermatology,Kadapa,Maharashtra,385385049,LIC603247,duplicate_provider_id
P017033,"Kamdar, Om and Puri",Urology,Ramagundam,Maharashtra,XXXXX,BADLIC,duplicate_provider_id
P011300,Sem and Sons,Pediatrics,Delhi,Maharashtra,972817791,LIC821064,duplicate_provider_id
P015639,"Mukhopadhyay, Jha and Sridhar",Orthopedics,Bhalswa Jahangir Pur,Karnataka,145799852,LIC543372,duplicate_provider_id
P028689,Patil Group,Oncology,Ujjain,Odisha,144859486,LIC119139,duplicate_provider_id
P018867,Baral-Sunder,Pediatrics,Narasaraopet,Madhya Pradesh,619283596,LIC976257,duplicate_provider_id
P013101,"Sridhar, Bath and Sidhu",OBGYN,Giridih,Gujarat,951982372,LIC476332,duplicate_provider_id
P015482,"Lata, Chanda and Sha",Pediatrics,Thrissur,Sikkim,XXXXX,BADLIC,duplicate_provider_id
P026994,Chowdhury-Ramaswamy,ENT,Nagercoil,Karnataka,XXXXX,BADLIC,duplicate_provider_id
P020412,Peri Inc,ENT,Srinagar,Odisha,XXXXX,BADLIC,duplicate_provider_id
P001807,Tailor-Shere,OBGYN,Hosur,Punjab,XXXXX,BADLIC,duplicate_provider_id
P025572,"Bhardwaj, Sridhar and Setty",Cardiology,Vijayawada,Gujarat,XXXXX,BADLIC,duplicate_provider_id
P008752,"Mishra, Baral and Kapur",Dermatology,Gaya,Jharkhand,188578105,LIC588915,duplicate_provider_id
P028763,Gupta-Ben,Urology,Chennai,Gujarat,XXXXX,BADLIC,duplicate_provider_id
P031031,Sengupta-Ravel,Urology,Khandwa,Chhattisgarh,925174228,LIC749915,duplicate_provider_id
P024084,Tella-Pathak,Orthopedics,Bidar,Chhattisgarh,XXXXX,BADLIC,duplicate_provider_id
P002599,Vora PLC,General Medicine,Kirari Suleman Nagar,Gujarat,XXXXX,BADLIC,duplicate_provider_id
P034120,"Dua, Garde and Barad",Dermatology,Eluru,Gujarat,XXXXX,BADLIC,duplicate_provider_id
P002146,"Sandal, Sanghvi and Jayaraman",Cardiology,Hospet,Tripura,XXXXX,BADLIC,duplicate_provider_id
P020070,Goswami-Dewan,Pediatrics,Ranchi,Bihar,739405887,LIC674084,duplicate_provider_id
P016537,Suri-Shetty,Urology,Patna,Kerala,XXXXX,BADLIC,duplicate_provider_id
P003569,"Zachariah, Shetty and Tandon",Orthopedics,Ramagundam,Uttar Pradesh,733222925,LIC879723,duplicate_provider_id
P002694,"Chacko, Goyal and Subramanian",OBGYN,Jamnagar,Punjab,XXXXX,BADLIC,duplicate_provider_id
P014301,"Kade, Hari and Krishnamurthy",Neurology,Berhampur,Odisha,335775292,LIC153492,duplicate_provider_id
P012570,"Bhardwaj, Sridhar and Setty",ENT,Allahabad,Rajasthan,XXXXX,BADLIC,duplicate_provider_id
P017449,Grover-Majumdar,General Medicine,Nagaon,Bihar,XXXXX,BADLIC,duplicate_provider_id
P022003,"Dua, Yohannan and Morar",Oncology,Kolkata,Rajasthan,XXXXX,BADLIC,duplicate_provider_id
P012836,Lalla and Sons,Cardiology,Bhubaneswar,Uttarakhand,289945056,LIC242223,duplicate_provider_id
P027068,Wadhwa LLC,General Medicine,Vasai-Virar,Jharkhand,XXXXX,BADLIC,duplicate_provider_id
P008540,"Narasimhan, Gill and Palan",Cardiology,Siwan,Goa,XXXXX,BADLIC,duplicate_provider_id
P013876,Shenoy-Dhingra,OBGYN,Guntakal,Uttar Pradesh,XXXXX,BADLIC,duplicate_provider_id
P028681,Behl PLC,Dermatology,Deoghar,Odisha,478256774,LIC919424,duplicate_provider_id
P022583,Randhawa LLC,Dermatology,Sasaram,Gujarat,652187372,LIC494569,duplicate_provider_id
P033479,Behl-Peri,Dermatology,Kadapa,Chhattisgarh,819971961,LIC963408,duplicate_provider_id
P012918,Sangha-Varma,Pediatrics,Khora ,Haryana,597962240,LIC876022,duplicate_provider_id
P009432,Majumdar PLC,General Medicine,Hajipur,Karnataka,XXXXX,BADLIC,duplicate_provider_id
P005118,Mannan-Gaba,ENT,Dewas,Haryana,XXXXX,BADLIC,duplicate_provider_id
P007154,Basu Inc,Oncology,Cuttack,Assam,XXXXX,BADLIC,duplicate_provider_id
P024378,Varkey-Grewal,General Medicine,Nadiad,Punjab,XXXXX,BADLIC,duplicate_provider_id
P034904,Ganesh-Sachdev,ENT,Cuttack,Mizoram,213099863,LIC894180,duplicate_provider_id
P024362,Krishna-Om,Pediatrics,Kamarhati,Odisha,XXXXX,BADLIC,duplicate_provider_id
P010242,Chhabra Group,Pediatrics,Madhyamgram,Assam,696962655,LIC475683,duplicate_provider_id
P034596,Om-Batra,ENT,Rampur,Madhya Pradesh,148476412,LIC744461,duplicate_provider_id
P026610,Sethi Inc,Oncology,Gandhidham,Odisha,XXXXX,BADLIC,duplicate_provider_id
P033109,"Sem, Gola and Dhillon",ENT,Sikar,West Bengal,XXXXX,BADLIC,duplicate_provider_id
P027577,"Singh, Atwal and Sahni",Neurology,Nadiad,Himachal Pradesh,331598903,LIC882486,duplicate_provider_id
P008946,"Wable, Bhatia and Basu",Oncology,Gwalior,Bihar,891633702,LIC379236,duplicate_provider_id
P013799,"Chhabra, Ratti and Sarraf",OBGYN,Miryalaguda,Arunachal Pradesh,XXXXX,BADLIC,duplicate_provider_id
P001073,Kakar-Ray,Orthopedics,Amritsar,Rajasthan,XXXXX,BADLIC,duplicate_provider_id
P016083,"Murthy, Mander and Jha",Pediatrics,Shimla,Bihar,892186448,LIC891364,duplicate_provider_id
P029377,"Yadav, Korpal and Butala",General Medicine,Anantapur,Tripura,767248940,LIC764820,duplicate_provider_id
P003101,Khalsa LLC,ENT,Bhopal,Chhattisgarh,742840119,LIC398652,duplicate_provider_id
P026224,"Korpal, Patel and Sahota",Pediatrics,Sonipat,Mizoram,XXXXX,BADLIC,duplicate_provider_id
P026550,Bhatti-Bhalla,Urology,Rohtak,Punjab,XXXXX,BADLIC,duplicate_provider_id
P012306,"Ganesan, Ben and Kaul",Cardiology,Fatehpur,Arunachal Pradesh,XXXXX,BADLIC,duplicate_provider_id
P004030,"Ravi, Soni and Pau",Oncology,Dibrugarh,Haryana,XXXXX,BADLIC,duplicate_provider_id
P026763,Dani-Kibe,OBGYN,Nashik,Punjab,804893704,LIC748480,duplicate_provider_id
P034385,Dash-Arora,General Medicine,Belgaum,Madhya Pradesh,XXXXX,BADLIC,duplicate_provider_id
P030060,Deep Group,Pediatrics,Sagar,Kerala,536032027,LIC607296,duplicate_provider_id
P000537,Gokhale-Balasubramanian,OBGYN,Sikar,Rajasthan,XXXXX,BADLIC,duplicate_provider_id
P029242,"Pingle, Kant and Rajagopalan",Neurology,Hazaribagh,Karnataka,XXXXX,BADLIC,duplicate_provider_id
P019775,Kohli-Sahota,Urology,Firozabad,Assam,XXXXX,BADLIC,duplicate_provider_id
P007117,Varghese Group,Oncology,Davanagere,Nagaland,288018599,LIC469281,duplicate_provider_id
P000608,Ramesh PLC,Orthopedics,Sonipat,Nagaland,XXXXX,BADLIC,duplicate_provider_id
P028005,Krishna-Om,Cardiology,Jamalpur,Punjab,768737682,LIC850775,duplicate_provider_id
P011282,"Wason, Pillay and Agarwal",OBGYN,Jalna,Punjab,360630603,LIC786905,duplicate_provider_id
P000275,Ranganathan Inc,Dermatology,Bareilly,Sikkim,477052037,LIC178308,duplicate_provider_id
P010458,Mukherjee PLC,Oncology,Yamunanagar,Gujarat,XXXXX,BADLIC,duplicate_provider_id
P033355,Mandal-Dalal,Neurology,Rewa,Madhya Pradesh,283967729,LIC447212,duplicate_provider_id
P031149,"Savant, Korpal and Krish",OBGYN,Kurnool,Punjab,380635651,LIC602842,duplicate_provider_id
P027438,Pall PLC,OBGYN,Giridih,Himachal Pradesh,898949285,LIC571303,duplicate_provider_id
P015889,Panchal LLC,Urology,North Dumdum,Assam,XXXXX,BADLIC,duplicate_provider_id
P026529,"Cheema, Venkatesh and Desai",Dermatology,Sikar,Karnataka,XXXXX,BADLIC,duplicate_provider_id
P004873,Dave-Bath,Pediatrics,Kharagpur,Telangana,XXXXX,BADLIC,duplicate_provider_id
P005229,Ramesh Group,Pediatrics,Pudukkottai,Odisha,133514262,LIC372686,duplicate_provider_id
P021930,"Nagar, Swamy and Talwar",General Medicine,Rewa,Nagaland,XXXXX,BADLIC,duplicate_provider_id
P027192,"Patil, Narasimhan and Vig",Oncology,New Delhi,Tripura,624333878,LIC733142,duplicate_provider_id
P018677,Deep-Sane,ENT,Naihati,Himachal Pradesh,XXXXX,BADLIC,duplicate_provider_id
P008340,"Soni, Dey and Parekh",Cardiology,Bhusawal,Manipur,272608963,LIC369064,duplicate_provider_id
P001488,Om-Batra,General Medicine,Erode,Telangana,209173362,LIC174001,duplicate_provider_id
P017904,Varghese Group,Urology,Mathura,Assam,XXXXX,BADLIC,duplicate_provider_id
P000284,Prasad-Dua,Cardiology,Kumbakonam,Uttar Pradesh,XXXXX,BADLIC,duplicate_provider_id
P000478,Purohit-Manne,Neurology,Madhyamgram,Manipur,427993026,LIC662445,duplicate_provider_id
P011019,"Kala, Savant and Kaul",General Medicine,Tadepalligudem,Karnataka,446216036,LIC435950,duplicate_provider_id
P029926,"Nayar, Wali and Bahri",OBGYN,Junagadh,West Bengal,XXXXX,BADLIC,duplicate_provider_id
P010763,"Mukherjee, Doshi and Brar",Neurology,Jalna,Kerala,XXXXX,BADLIC,duplicate_provider_id
P001887,Raju-Balasubramanian,ENT,Anantapur,Madhya Pradesh,553844650,LIC671311,duplicate_provider_id
P027123,Khalsa-Sule,Urology,Narasaraopet,Odisha,502450562,LIC448151,duplicate_provider_id
P020803,Sibal LLC,Oncology,Amritsar,Uttarakhand,341648089,LIC966707,duplicate_provider_id
P008614,Rajagopalan-Samra,OBGYN,Bhimavaram,West Bengal,XXXXX,BADLIC,duplicate_provider_id
P026664,Mital-Kulkarni,ENT,Mango,Chhattisgarh,XXXXX,BADLIC,duplicate_provider_id
P005716,Bath and Sons,Oncology,Amaravati,Uttar Pradesh,XXXXX,BADLIC,duplicate_provider_id
P022205,Sant-Shroff,ENT,Mahbubnagar,Rajasthan,389800396,LIC523959,duplicate_provider_id
P021798,"Lall, Walla and Chatterjee",Orthopedics,Ghaziabad,Tamil Nadu,750835301,LIC470252,duplicate_provider_id
P032927,Grewal-Sunder,ENT,Tirupati,Mizoram,XXXXX,BADLIC,duplicate_provider_id
P029267,D’Alia Ltd,Dermatology,Khora ,Chhattisgarh,XXXXX,BADLIC,duplicate_provider_id
P020520,"Pal, Manne and Kata",Cardiology,Hazaribagh,Bihar,XXXXX,BADLIC,duplicate_provider_id
P008260,"Mohan, Vohra and Varkey",Neurology,Chandrapur,Manipur,745613039,LIC543916,duplicate_provider_id
P010300,Parmar LLC,General Medicine,Gangtok,Uttarakhand,110988153,LIC204434,duplicate_provider_id
P013890,Walia-Arora,Pediatrics,Mumbai,Rajasthan,XXXXX,BADLIC,duplicate_provider_id
P000809,Rana-Sarkar,Dermatology,Ambattur,Chhattisgarh,XXXXX,BADLIC,duplicate_provider_id
P012008,Joshi-Prasad,OBGYN,Chandrapur,Chhattisgarh,XXXXX,BADLIC,duplicate_provider_id
P020897,Dar PLC,General Medicine,Kishanganj,Himachal Pradesh,XXXXX,BADLIC,duplicate_provider_id
P004769,Borah LLC,Pediatrics,Ulhasnagar,Himachal Pradesh,XXXXX,BADLIC,duplicate_provider_id
P002689,Dash and Sons,Neurology,Kulti,Maharashtra,XXXXX,BADLIC,duplicate_provider_id
P004941,"Issac, Aurora and Barad",Pediatrics,Amravati,Telangana,XXXXX,BADLIC,duplicate_provider_id
P006109,Barad PLC,Cardiology,Jhansi,West Bengal,400721348,LIC818091,duplicate_provider_id
P029339,D’Alia Ltd,General Medicine,Tirupati,Punjab,XXXXX,BADLIC,duplicate_provider_id
P009868,Magar Inc,OBGYN,Serampore,Punjab,297805588,LIC714364,duplicate_provider_id
P022593,"Pathak, Master and Seshadri",Oncology,Bidar,Bihar,488553463,LIC127017,duplicate_provider_id
P011860,Sharaf PLC,Cardiology,New Delhi,Mizoram,XXXXX,BADLIC,duplicate_provider_id
P030380,Mander-Ranganathan,Dermatology,Bally,Haryana,XXXXX,BADLIC,duplicate_provider_id
P017929,Krishnan-Chaudry,General Medicine,Nandyal,Nagaland,XXXXX,BADLIC,duplicate_provider_id
P024515,"Kale, Toor and Badal",OBGYN,Bhatpara,Mizoram,934759903,LIC841526,duplicate_provider_id
P026073,Rajagopalan-Samra,Oncology,Kota,Maharashtra,XXXXX,BADLIC,duplicate_provider_id
P009684,Gaba LLC,Neurology,Vijayawada,Maharashtra,XXXXX,BADLIC,duplicate_provider_id
P033796,Bhatnagar-Dewan,Urology,Katihar,Uttar Pradesh,225202198,LIC248089,duplicate_provider_id
P018790,Shere LLC,Pediatrics,Adoni,Chhattisgarh,773312390,LIC933621,duplicate_provider_id
P005690,"Shetty, Biswas and Chand",Neurology,Chennai,Bihar,XXXXX,BADLIC,duplicate_provider_id
P026686,"Narain, Swaminathan and Lad",Urology,Gudivada,Tamil Nadu,271731903,LIC997255,duplicate_provider_id
P003847,Balakrishnan-Parekh,General Medicine,Kumbakonam,Karnataka,XXXXX,BADLIC,duplicate_provider_id
P011139,Aggarwal and Sons,Oncology,Bardhaman,Maharashtra,XXXXX,BADLIC,duplicate_provider_id
P006074,Kamdar and Sons,OBGYN,Bhubaneswar,Tripura,XXXXX,BADLIC,duplicate_provider_id
P033917,Gera and Sons,ENT,Chandrapur,Haryana,492050660,LIC879613,duplicate_provider_id
P002905,Sankaran-Gara,Dermatology,Bhagalpur,West Bengal,XXXXX,BADLIC,duplicate_provider_id
P013077,Baral-Varughese,Pediatrics,Burhanpur,Andhra Pradesh,XXXXX,BADLIC,duplicate_provider_id
P013594,"Saraf, Tiwari and Sinha",Dermatology,Sambalpur,Arunachal Pradesh,249684871,LIC601863,duplicate_provider_id
P027536,Basak Inc,Orthopedics,Siliguri,Tamil Nadu,XXXXX,BADLIC,duplicate_provider_id
P016670,Setty-Palla,Pediatrics,Pali,Tamil Nadu,885985699,LIC406645,duplicate_provider_id
P011752,Talwar-Panchal,Dermatology,Gopalpur,Haryana,443996408,LIC773051,duplicate_provider_id
P012834,Pillai and Sons,Dermatology,Raurkela Industrial Township,Uttar Pradesh,XXXXX,BADLIC,duplicate_provider_id
P022488,"Dar, Sandhu and Chand",Orthopedics,Hyderabad,Gujarat,494318168,LIC110889,duplicate_provider_id
P020850,Mammen-Patil,ENT,North Dumdum,Karnataka,876590375,LIC573273,duplicate_provider_id
P034337,Dasgupta-Mittal,Oncology,Yamunanagar,Maharashtra,XXXXX,BADLIC,duplicate_provider_id
P013347,Kant-Parmar,Oncology,Loni,Chhattisgarh,XXXXX,BADLIC,duplicate_provider_id
P016973,Rastogi PLC,Dermatology,Kadapa,Mizoram,XXXXX,BADLIC,duplicate_provider_id
P010455,"Dugar, Sangha and Malhotra",Cardiology,Gwalior,Rajasthan,XXXXX,BADLIC,duplicate_provider_id
P012260,"Madan, Ramakrishnan and Ram",Urology,Bhagalpur,Assam,XXXXX,BADLIC,duplicate_provider_id
P021861,Chatterjee Group,Pediatrics,Srinagar,Kerala,XXXXX,BADLIC,duplicate_provider_id
P016110,Kohli-Agate,Urology,Miryalaguda,Meghalaya,582234296,LIC974307,duplicate_provider_id
P027074,Wagle-Devan,Neurology,Raipur,Odisha,XXXXX,BADLIC,duplicate_provider_id
P023843,Bhasin Inc,Urology,Nandyal,Haryana,234719895,LIC288155,duplicate_provider_id
P028677,Bhakta-Dass,Dermatology,Orai,Punjab,XXXXX,BADLIC,duplicate_provider_id
P016040,"Puri, Balan and Vohra",ENT,Pimpri-Chinchwad,Assam,XXXXX,BADLIC,duplicate_provider_id
P033312,"Ramanathan, Rajagopalan and Ramesh",Dermatology,Guntakal,Gujarat,XXXXX,BADLIC,duplicate_provider_id
P023260,Goda Group,Neurology,Barasat,Tripura,XXXXX,BADLIC,duplicate_provider_id
P012970,Guha-Mody,Urology,Satara,Maharashtra,XXXXX,BADLIC,duplicate_provider_id
P026961,"Contractor, Dugar and Kapur",General Medicine,Bhind,Goa,XXXXX,BADLIC,duplicate_provider_id
P028854,"Chaudhuri, Barman and Choudhary",Dermatology,Davanagere,Assam,XXXXX,BADLIC,duplicate_provider_id
P034367,Suresh-Sankar,OBGYN,Shimoga,Mizoram,589506330,LIC377932,duplicate_provider_id
P001618,Deo-Ramaswamy,Neurology,Hubli–Dharwad,Karnataka,685671400,LIC584467,duplicate_provider_id
P006840,Chowdhury-Chaudhary,General Medicine,Jalna,Chhattisgarh,660545994,LIC124382,duplicate_provider_id
P004365,Modi Group,Pediatrics,Dhanbad,Rajasthan,768914081,LIC447951,duplicate_provider_id
P022182,"Upadhyay, Seshadri and Kapoor",Oncology,Udaipur,Madhya Pradesh,XXXXX,BADLIC,duplicate_provider_id
P020956,Dugal LLC,General Medicine,Rajpur Sonarpur,Goa,XXXXX,BADLIC,duplicate_provider_id
P026616,Ramachandran Ltd,Oncology,Raurkela Industrial Township,Punjab,XXXXX,BADLIC,duplicate_provider_id
P009049,Sarin-Bhandari,Cardiology,Rewa,West Bengal,148411153,LIC881359,duplicate_provider_id
P008979,Jani Ltd,Orthopedics,Kochi,Goa,582426424,LIC877034,duplicate_provider_id
P010337,Barman PLC,General Medicine,Etawah,Uttar Pradesh,XXXXX,BADLIC,duplicate_provider_id
P008932,Sen-Toor,Pediatrics,Firozabad,Assam,XXXXX,BADLIC,duplicate_provider_id
P012153,"Brahmbhatt, Arora and Patil",ENT,Farrukhabad,Haryana,101917166,LIC365015,duplicate_provider_id
P017119,Srinivas and Sons,Dermatology,Berhampur,Chhattisgarh,231190653,LIC300418,duplicate_provider_id
P032767,"Acharya, Sankar and Rama",Orthopedics,Lucknow,Madhya Pradesh,XXXXX,BADLIC,duplicate_provider_id
P021329,Nanda-Bhattacharyya,Neurology,Berhampur,Uttar Pradesh,981234664,LIC421615,duplicate_provider_id
P009366,"Varghese, Dar and Arya",Orthopedics,Sonipat,Punjab,XXXXX,BADLIC,duplicate_provider_id
P031902,"Vaidya, Shere and Kalita",Cardiology,Agartala,Rajasthan,275503081,LIC892056,duplicate_provider_id
P014668,"Grewal, Sharma and Kadakia",Pediatrics,Karaikudi,Tamil Nadu,XXXXX,BADLIC,duplicate_provider_id
P024936,Murty Ltd,Pediatrics,Jhansi,Assam,XXXXX,BADLIC,duplicate_provider_id
P000040,Bava PLC,Urology,Jaipur,Maharashtra,XXXXX,BADLIC,duplicate_provider_id
P008228,Sama LLC,Dermatology,Kirari Suleman Nagar,Punjab,XXXXX,BADLIC,duplicate_provider_id
P003480,"Chandra, Thakkar and Dara",Urology,Proddatur,Karnataka,171775463,LIC966155,duplicate_provider_id
P017476,Arora-Dar,ENT,Kanpur,Tamil Nadu,XXXXX,BADLIC,duplicate_provider_id
P022117,Issac and Sons,ENT,Maheshtala,Manipur,XXXXX,BADLIC,duplicate_provider_id
P022746,Natt Ltd,Orthopedics,Bilaspur,Assam,XXXXX,BADLIC,duplicate_provider_id
P011920,Varghese Group,Cardiology,Ulhasnagar,Uttarakhand,539573927,LIC258099,duplicate_provider_id
P030942,Agate-Din,OBGYN,Jodhpur,Telangana,XXXXX,BADLIC,duplicate_provider_id
P028247,Prabhu-Yadav,Pediatrics,Khandwa,Jharkhand,144085535,LIC266238,duplicate_provider_id
P013289,Saini-Kade,Cardiology,Jalandhar,Arunachal Pradesh,421342722,LIC266354,duplicate_provider_id
P000718,Nagarajan Group,Cardiology,Unnao,Tripura,738869179,LIC692350,duplicate_provider_id
P029444,Lad PLC,OBGYN,Ichalkaranji,Madhya Pradesh,686453621,LIC891676,duplicate_provider_id
P022019,"Kumar, Dayal and Yogi",OBGYN,Kolhapur,Karnataka,XXXXX,BADLIC,duplicate_provider_id
P019979,"Rana, Setty and Chand",Urology,Amaravati,West Bengal,342814734,LIC382074,duplicate_provider_id
P028068,"Gour, Parsa and Sahni",General Medicine,Anantapuram,Arunachal Pradesh,XXXXX,BADLIC,duplicate_provider_id
P003394,"Gera, Kaur and Saraf",Orthopedics,Panihati,Kerala,XXXXX,BADLIC,duplicate_provider_id
P023564,Dasgupta Ltd,Dermatology,Nagaon,Haryana,641360397,LIC100436,duplicate_provider_id
P034935,"Comar, Gandhi and Patil",Pediatrics,Jodhpur,Assam,XXXXX,BADLIC,duplicate_provider_id
P002731,"Sachar, Sane and Yohannan",ENT,Ludhiana,Sikkim,XXXXX,BADLIC,duplicate_provider_id
P014295,Balay Group,Pediatrics,Hindupur,Nagaland,XXXXX,BADLIC,duplicate_provider_id
P021175,Sura PLC,ENT,Suryapet,Assam,XXXXX,BADLIC,duplicate_provider_id
P020451,"Din, Dass and Balasubramanian",Neurology,Davanagere,Madhya Pradesh,XXXXX,BADLIC,duplicate_provider_id
P023568,Bahri-Sangha,General Medicine,Kozhikode,Odisha,891915014,LIC806710,duplicate_provider_id
P027536,Saxena-Bajaj,OBGYN,Vellore,Tamil Nadu,989352937,LIC806024,duplicate_provider_id
P026472,"Dhaliwal, Manda and Kara",Dermatology,Chandrapur,Madhya Pradesh,XXXXX,BADLIC,duplicate_provider_id
P012673,Balasubramanian Ltd,Orthopedics,Bally,Chhattisgarh,674404897,LIC691205,duplicate_provider_id
P024247,Dyal LLC,Neurology,Nashik,Punjab,XXXXX,BADLIC,duplicate_provider_id
P029656,Dara-Mishra,Orthopedics,Gaya,Uttarakhand,563195829,LIC511402,duplicate_provider_id
P010166,Mital Inc,Neurology,Bhilai,Goa,XXXXX,BADLIC,duplicate_provider_id
P025022,"Rege, Raval and Pant",Pediatrics,Satara,Odisha,XXXXX,BADLIC,duplicate_provider_id
P007775,"Borde, Comar and Dixit",Pediatrics,Madhyamgram,Haryana,643343078,LIC489705,duplicate_provider_id
P030830,Dugar-Madan,Oncology,Kottayam,Tripura,867237033,LIC100530,duplicate_provider_id
P021805,"Sodhi, Rajan and Srinivas",Neurology,Delhi,Maharashtra,XXXXX,BADLIC,duplicate_provider_id
P025532,"Sachar, Golla and Sundaram",Cardiology,Bhopal,Bihar,XXXXX,BADLIC,duplicate_provider_id
P019211,"Oak, Kothari and Saha",Oncology,Bilaspur,Rajasthan,XXXXX,BADLIC,duplicate_provider_id
P021246,Lall-Narayanan,Cardiology,Belgaum,Haryana,XXXXX,BADLIC,duplicate_provider_id
P001520,"Ramanathan, Agate and Pradhan",ENT,Hospet,Telangana,964735465,LIC329867,duplicate_provider_id
P005275,"Krish, Nayak and Lall",Cardiology,Kollam,Assam,XXXXX,BADLIC,duplicate_provider_id
P033109,Sanghvi-Bir,Urology,North Dumdum,Gujarat,XXXXX,BADLIC,duplicate_provider_id
P000171,"Jain, Sachar and Sanghvi",Pediatrics,Ozhukarai,West Bengal,985194078,LIC784129,duplicate_provider_id
P012066,"Chaudhari, Sandal and Patla",Pediatrics,Bahraich,Andhra Pradesh,XXXXX,BADLIC,duplicate_provider_id
P017109,"Deshmukh, Balay and Hayre",Orthopedics,Khora ,Punjab,XXXXX,BADLIC,duplicate_provider_id
P017792,Dara LLC,OBGYN,Aizawl,Maharashtra,XXXXX,BADLIC,duplicate_provider_id
P001533,Jani-Balakrishnan,Neurology,Motihari,Tripura,XXXXX,BADLIC,duplicate_provider_id
P018788,"Sandhu, Dixit and Saini",Neurology,Gulbarga,Karnataka,492852314,LIC483801,duplicate_provider_id
P032723,Chaudhari Group,OBGYN,Bhagalpur,Himachal Pradesh,145624303,LIC592216,duplicate_provider_id
P019425,Chandra-Taneja,ENT,Tirupati,Andhra Pradesh,XXXXX,BADLIC,duplicate_provider_id
P029848,Kale Inc,Oncology,Firozabad,Gujarat,206744069,LIC498673,duplicate_provider_id
P027737,Ganesan-Kaur,Dermatology,Ahmedabad,Assam,XXXXX,BADLIC,duplicate_provider_id
P019137,"Sastry, Sawhney and Contractor",Cardiology,Chapra,Kerala,XXXXX,BADLIC,duplicate_provider_id
P016179,Balakrishnan PLC,Oncology,Panvel,Chhattisgarh,XXXXX,BADLIC,duplicate_provider_id
P001376,Pillay-Tiwari,Orthopedics,Yamunanagar,Uttarakhand,XXXXX,BADLIC,duplicate_provider_id
P001234,Jhaveri-Mohan,Cardiology,Jamshedpur,Telangana,XXXXX,BADLIC,duplicate_provider_id
P034786,Gole Inc,Dermatology,Bongaigaon,Uttarakhand,324778194,LIC747880,duplicate_provider_id
P011627,Bajaj-Jaggi,ENT,Akola,Maharashtra,479997832,LIC669029,duplicate_provider_id
P006679,Sarraf and Sons,Oncology,Kurnool,Punjab,576451123,LIC454995,duplicate_provider_id
P013446,Bhardwaj-Viswanathan,General Medicine,Madurai,Odisha,213678234,LIC715553,duplicate_provider_id
P005073,Loyal-Savant,Neurology,Jalna,Mizoram,XXXXX,BADLIC,duplicate_provider_id
P025946,Chana Ltd,General Medicine,Faridabad,Gujarat,XXXXX,BADLIC,duplicate_provider_id
P014613,Sanghvi LLC,OBGYN,Yamunanagar,Tripura,XXXXX,BADLIC,duplicate_provider_id
P003871,Murty and Sons,Cardiology,Cuttack,Odisha,XXXXX,BADLIC,duplicate_provider_id
P028525,Babu PLC,Orthopedics,Kharagpur,Odisha,162573144,LIC955816,duplicate_provider_id
P008256,"Kari, Chand and Shere",Urology,Kota,West Bengal,978706299,LIC743512,duplicate_provider_id
P006224,"Deol, Bassi and Rao",ENT,Kirari Suleman Nagar,Meghalaya,678243651,LIC972644,duplicate_provider_id
P024503,Tank and Sons,OBGYN,Bathinda,Mizoram,XXXXX,BADLIC,duplicate_provider_id
P025980,Dhar-Kuruvilla,Orthopedics,Amaravati,Punjab,XXXXX,BADLIC,duplicate_provider_id
P007607,Chawla-Ahuja,Neurology,Alappuzha,Haryana,360090421,LIC776374,duplicate_provider_id
P033953,Biswas-Maharaj,Cardiology,Asansol,Sikkim,XXXXX,BADLIC,duplicate_provider_id
P008482,Sawhney-Verma,ENT,Tumkur,Haryana,975150157,LIC207192,duplicate_provider_id
P019529,"Korpal, Rastogi and Iyer",Pediatrics,Bahraich,Rajasthan,602272481,LIC680380,duplicate_provider_id
P009944,Thakur LLC,Orthopedics,Chandigarh,Bihar,593160241,LIC231280,duplicate_provider_id
P013399,Naidu Ltd,Dermatology,Vasai-Virar,Rajasthan,XXXXX,BADLIC,duplicate_provider_id
P003121,"Lad, Sengupta and Chandran",Cardiology,Guwahati,Punjab,XXXXX,BADLIC,duplicate_provider_id
P021725,"Madan, Sani and Muni",Cardiology,Rewa,Madhya Pradesh,XXXXX,BADLIC,duplicate_provider_id
P013331,Vora-Upadhyay,Dermatology,Ratlam,Assam,857202030,LIC382361,duplicate_provider_id
P012718,Sule-Ray,Oncology,Mau,Punjab,152336514,LIC867438,duplicate_provider_id
P034153,"Raju, Bir and Roy",OBGYN,Madurai,Haryana,XXXXX,BADLIC,duplicate_provider_id
P015222,Luthra Group,ENT,Anantapuram,Maharashtra,XXXXX,BADLIC,duplicate_provider_id
P025485,"Behl, Bala and Balay",Neurology,Moradabad,Bihar,XXXXX,BADLIC,duplicate_provider_id
P030042,Palan Inc,Oncology,Thrissur,Bihar,978026441,LIC125665,duplicate_provider_id
P001199,Jain-Wali,Oncology,Jalandhar,Sikkim,XXXXX,BADLIC,duplicate_provider_id
P033231,Wali Inc,OBGYN,Anand,Uttarakhand,XXXXX,BADLIC,duplicate_provider_id
P018398,Bajwa-Dugar,ENT,Haridwar,Punjab,529106123,LIC804619,duplicate_provider_id
P027844,Gupta PLC,Orthopedics,Gangtok,Gujarat,926536360,LIC887649,duplicate_provider_id
P019869,Purohit-Manne,Pediatrics,Jamshedpur,Himachal Pradesh,XXXXX,BADLIC,duplicate_provider_id
P030533,Patla-Hegde,Neurology,Guwahati,Telangana,XXXXX,BADLIC,duplicate_provider_id
P014161,"Chacko, Sarin and Kurian",Cardiology,Ichalkaranji,Karnataka,245110151,LIC544446,duplicate_provider_id
P030966,Ganesan-Kaur,General Medicine,Srinagar,Goa,219918776,LIC968849,duplicate_provider_id
P029560,"Sridhar, Ramakrishnan and Kulkarni",Neurology,Bangalore,Kerala,XXXXX,BADLIC,duplicate_provider_id
P011365,"Rout, Sehgal and Ganesh",Urology,Uluberia,Odisha,XXXXX,BADLIC,duplicate_provider_id
P018967,Sekhon-Tailor,Oncology,Danapur,Kerala,XXXXX,BADLIC,duplicate_provider_id
P023987,Rau-Sathe,Orthopedics,Karimnagar,Tripura,694988255,LIC502392,duplicate_provider_id
P008878,"Subramanian, Anand and Chandran",Dermatology,Pallavaram,Gujarat,XXXXX,BADLIC,duplicate_provider_id
P025357,Vala Inc,Dermatology,Raiganj,Goa,928627378,LIC754924,duplicate_provider_id
P027185,Gara and Sons,Cardiology,Sasaram,Maharashtra,342900286,LIC620481,duplicate_provider_id
P002700,"Chatterjee, Bansal and Palla",Pediatrics,Gandhinagar,Meghalaya,XXXXX,BADLIC,duplicate_provider_id
P026830,Ramachandran PLC,Pediatrics,Chandrapur,Mizoram,XXXXX,BADLIC,duplicate_provider_id
P029025,Nori-Sarna,General Medicine,Siliguri,Kerala,757420712,LIC159671,duplicate_provider_id
P029688,Bajaj LLC,Orthopedics,Ghaziabad,Karnataka,479886887,LIC925533,duplicate_provider_id
P005716,"Mishra, Chand and Karan",Pediatrics,Gudivada,Mizoram,XXXXX,BADLIC,duplicate_provider_id
P011074,Korpal-Venkataraman,Urology,Madanapalle,Mizoram,139262994,LIC333926,duplicate_provider_id
P033853,Badal-Sha,Dermatology,Muzaffarpur,Tripura,XXXXX,BADLIC,duplicate_provider_id
P009675,Oommen Group,Dermatology,Sambalpur,Goa,XXXXX,BADLIC,duplicate_provider_id
P003296,"Apte, Bajaj and Goswami",Cardiology,Chandrapur,Haryana,XXXXX,BADLIC,duplicate_provider_id
P015598,"Parmer, Gokhale and Baral",Oncology,Pimpri-Chinchwad,West Bengal,XXXXX,BADLIC,duplicate_provider_id
P026770,Srinivas-Tripathi,OBGYN,Guna,Rajasthan,857084135,LIC149445,duplicate_provider_id
P020678,"Mallick, Saini and Misra",ENT,Sasaram,Arunachal Pradesh,XXXXX,BADLIC,duplicate_provider_id
P028129,Nath and Sons,Cardiology,Anantapuram,Maharashtra,XXXXX,BADLIC,duplicate_provider_id
P028449,Pandey Group,Orthopedics,Srikakulam,Odisha,XXXXX,BADLIC,duplicate_provider_id
P011660,Radhakrishnan-Bail,OBGYN,Sonipat,Karnataka,XXXXX,BADLIC,duplicate_provider_id
P022441,"Sathe, Sarma and De",ENT,Lucknow,Manipur,247018963,LIC542326,duplicate_provider_id
P014094,Kumar Group,General Medicine,Vadodara,Meghalaya,XXXXX,BADLIC,duplicate_provider_id
P029187,"Chada, Mahajan and Sankaran",Cardiology,Sagar,Manipur,214521404,LIC558714,duplicate_provider_id
P006996,Vasa Ltd,OBGYN,Ghaziabad,Manipur,118208661,LIC704891,duplicate_provider_id
P021267,"Brar, Parikh and Desai",Dermatology,Solapur,Haryana,965501466,LIC656770,duplicate_provider_id
P034732,Mandal Inc,Pediatrics,Belgaum,Karnataka,134829699,LIC512377,duplicate_provider_id
P012023,Morar Inc,OBGYN,Muzaffarpur,Kerala,781850556,LIC208144,duplicate_provider_id
P014756,Konda-Nath,Pediatrics,Sagar,Jharkhand,XXXXX,BADLIC,duplicate_provider_id
P023952,"Choudhry, Krishna and Bir",OBGYN,Anand,Bihar,710972308,LIC864014,duplicate_provider_id
P012945,Johal-Basu,Urology,Chandrapur,Assam,413431769,LIC997450,duplicate_provider_id
P006545,"Kala, Deshpande and More",Cardiology,Muzaffarnagar,Telangana,XXXXX,BADLIC,duplicate_provider_id
P002974,Bains LLC,Urology,Muzaffarnagar,Punjab,XXXXX,BADLIC,duplicate_provider_id
P018707,Verma Inc,Cardiology,Madanapalle,Madhya Pradesh,XXXXX,BADLIC,duplicate_provider_id
P033343,Kara-Ghose,General Medicine,Saharsa,Karnataka,836440303,LIC812271,duplicate_provider_id
P025127,"Rana, Kaul and Sarin",ENT,Jabalpur,West Bengal,346261040,LIC669020,duplicate_provider_id
P011660,Vohra Ltd,ENT,Surendranagar Dudhrej,Maharashtra,XXXXX,BADLIC,duplicate_provider_id
P008449,"Agate, Palla and Memon",Oncology,Sambalpur,Chhattisgarh,XXXXX,BADLIC,duplicate_provider_id
P022544,Sur Inc,OBGYN,Mirzapur,Gujarat,139627003,LIC676555,duplicate_provider_id
P030160,"Ramachandran, Bahl and Swaminathan",Neurology,Amaravati,Himachal Pradesh,XXXXX,BADLIC,duplicate_provider_id
P020760,"Badal, Dixit and Sura",Urology,Dindigul,Nagaland,485153446,LIC332018,duplicate_provider_id
P028555,"Sampath, Kashyap and Bhargava",OBGYN,Unnao,Assam,XXXXX,BADLIC,duplicate_provider_id
P020390,Dube PLC,General Medicine,Gorakhpur,Assam,XXXXX,BADLIC,duplicate_provider_id
P007041,Chad-Ganguly,Oncology,Bhilwara,Uttarakhand,XXXXX,BADLIC,duplicate_provider_id
P023960,Trivedi Ltd,Cardiology,Karawal Nagar,Punjab,343352666,LIC450170,duplicate_provider_id
P024248,Venkatesh-Saini,Dermatology,Nizamabad,Mizoram,133140456,LIC481987,duplicate_provider_id
P031354,Kamdar-Rai,Orthopedics,Mumbai,Bihar,XXXXX,BADLIC,duplicate_provider_id
P024686,Vig-Mody,ENT,Mira-Bhayandar,Punjab,XXXXX,BADLIC,duplicate_provider_id
P033657,"Din, Zachariah and Parsa",Pediatrics,Barasat,Manipur,126537606,LIC480435,duplicate_provider_id
P005345,"Rajagopal, Golla and Doctor",Cardiology,Arrah,Assam,XXXXX,BADLIC,duplicate_provider_id
P031296,"Batra, Bandi and Patla",Dermatology,Chandigarh,Manipur,187440876,LIC655110,duplicate_provider_id
P025514,Nazareth-Narang,Dermatology,Ujjain,Odisha,951010583,LIC322820,duplicate_provider_id
P031248,"Dar, Sinha and Prashad",ENT,Bellary,Telangana,162860447,LIC282719,duplicate_provider_id
P024459,"Sathe, Chada and Prabhu",Neurology,Kamarhati,Bihar,401603657,LIC179350,duplicate_provider_id
P024002,Mukhopadhyay Ltd,Dermatology,Nadiad,Haryana,357218981,LIC936098,duplicate_provider_id
P023773,Sarraf and Sons,Oncology,Bhind,Himachal Pradesh,XXXXX,BADLIC,duplicate_provider_id
P015528,"Konda, Palan and Balay",Neurology,Etawah,Tripura,574905909,LIC879290,duplicate_provider_id
P033477,"Dubey, Sarkar and Trivedi",Oncology,Nanded,Mizoram,XXXXX,BADLIC,duplicate_provider_id
P024869,More Inc,Cardiology,Karimnagar,Kerala,XXXXX,BADLIC,duplicate_provider_id
P015309,Dhaliwal-Tandon,Urology,Agartala,Mizoram,525334407,LIC511311,duplicate_provider_id
P001037,Manne Ltd,Cardiology,Singrauli,Chhattisgarh,928709087,LIC982752,duplicate_provider_id
P021365,Bora Ltd,OBGYN,Sirsa,Odisha,XXXXX,BADLIC,duplicate_provider_id
P022136,Chanda Group,ENT,Ongole,Karnataka,XXXXX,BADLIC,duplicate_provider_id
P034997,"Balay, Bhatti and Rege",General Medicine,Sangli-Miraj & Kupwad,Arunachal Pradesh,774322337,LIC335971,duplicate_provider_id
P007315,Choudhary-Luthra,Cardiology,Unnao,Kerala,XXXXX,BADLIC,duplicate_provider_id
P029192,Maharaj-Dhaliwal,Neurology,Sambhal,Meghalaya,XXXXX,BADLIC,duplicate_provider_id
P018232,Soman-Krishnan,OBGYN,Muzaffarnagar,Arunachal Pradesh,XXXXX,BADLIC,duplicate_provider_id
P024799,"Tara, Karnik and Grover",Neurology,Rourkela,Telangana,207566997,LIC845585,duplicate_provider_id
P006413,Pingle LLC,Dermatology,Davanagere,Uttar Pradesh,XXXXX,BADLIC,duplicate_provider_id
P007162,Roy-Prabhu,Urology,Erode,Assam,624901003,LIC936503,duplicate_provider_id
P017161,Konda LLC,ENT,Pune,Sikkim,XXXXX,BADLIC,duplicate_provider_id
P005327,Warrior Ltd,Cardiology,Phusro,Mizoram,XXXXX,BADLIC,duplicate_provider_id
P031200,Dhaliwal LLC,Orthopedics,Panihati,Manipur,XXXXX,BADLIC,duplicate_provider_id
P032725,Dave and Sons,Orthopedics,Srinagar,Gujarat,XXXXX,BADLIC,duplicate_provider_id
P011238,"Bhatia, Master and Parmer",General Medicine,Tiruchirappalli,Gujarat,XXXXX,BADLIC,duplicate_provider_id
P025739,Naidu-Sankaran,Dermatology,Haridwar,Karnataka,357852880,LIC665753,duplicate_provider_id
P030302,Ram-Mittal,Oncology,Tirunelveli,Haryana,750063596,LIC155756,duplicate_provider_id
P014285,"Kapur, Nigam and Gole",General Medicine,Dhanbad,Gujarat,XXXXX,BADLIC,duplicate_provider_id
P026697,Purohit-Koshy,Oncology,Bihar Sharif,Madhya Pradesh,XXXXX,BADLIC,duplicate_provider_id
P005635,"Ratta, Chahal and Sastry",Oncology,Sri Ganganagar,West Bengal,602714882,LIC589384,duplicate_provider_id
P016522,Chaudhary-Nath,Cardiology,Kamarhati,Bihar,XXXXX,BADLIC,duplicate_provider_id
P022227,"Sandhu, Som and Som",Dermatology,Ahmednagar,Gujarat,XXXXX,BADLIC,duplicate_provider_id
P010794,"Randhawa, Bassi and Chokshi",General Medicine,Hubli–Dharwad,Tripura,666617692,LIC197303,duplicate_provider_id
P032983,Sodhi-Virk,Orthopedics,Shahjahanpur,Arunachal Pradesh,XXXXX,BADLIC,duplicate_provider_id
P006014,"Doctor, Oommen and Prabhu",Orthopedics,Sonipat,Arunachal Pradesh,740639692,LIC488306,duplicate_provider_id
P030718,"Bansal, Kaur and Ravel",Pediatrics,Kumbakonam,Assam,XXXXX,BADLIC,duplicate_provider_id
P014275,Sarkar-Kunda,Dermatology,Tinsukia,Odisha,XXXXX,BADLIC,duplicate_provider_id
P009424,"Patla, Gour and Dey",Urology,Ghaziabad,Jharkhand,XXXXX,BADLIC,duplicate_provider_id
P001538,Mandal Inc,Orthopedics,New Delhi,Haryana,454234203,LIC437471,duplicate_provider_id
P023392,"Peri, Guha and Chander",Neurology,Mathura,Maharashtra,XXXXX,BADLIC,duplicate_provider_id
P020786,Bakshi Group,Neurology,Ludhiana,West Bengal,XXXXX,BADLIC,duplicate_provider_id
P003012,Dubey-Sankaran,Pediatrics,Moradabad,Bihar,499156075,LIC535127,duplicate_provider_id
P031112,Chaudry LLC,Urology,New Delhi,Tamil Nadu,474104259,LIC804613,duplicate_provider_id
P029117,Golla-Chauhan,Pediatrics,Kolkata,Kerala,XXXXX,BADLIC,duplicate_provider_id
P003025,Nagarajan-Chada,Cardiology,Tumkur,Gujarat,325229992,LIC557237,duplicate_provider_id
P028639,Mallick LLC,General Medicine,Anantapur,Rajasthan,XXXXX,BADLIC,duplicate_provider_id
P034669,"Kota, Chad and Lata",OBGYN,Etawah,Telangana,806412270,LIC282990,duplicate_provider_id
P018019,"Nadkarni, Kunda and Tandon",OBGYN,Jalna,Karnataka,609852478,LIC198016,duplicate_provider_id
P026537,Rai Inc,Orthopedics,Mumbai,Goa,XXXXX,BADLIC,duplicate_provider_id
P011837,"Sekhon, Mane and Chokshi",General Medicine,Aligarh,Manipur,XXXXX,BADLIC,duplicate_provider_id
P009240,Merchant-More,General Medicine,Sasaram,Punjab,671650303,LIC338444,duplicate_provider_id
P015305,Dey-Badal,Pediatrics,Aizawl,Tamil Nadu,XXXXX,BADLIC,duplicate_provider_id
P027549,Mitra-Deo,Urology,Agartala,Arunachal Pradesh,XXXXX,BADLIC,duplicate_provider_id
P028006,Varma-Seshadri,General Medicine,Bhagalpur,Jharkhand,480180854,LIC833220,duplicate_provider_id
P002810,Chakraborty PLC,Cardiology,Saharsa,Karnataka,187356063,LIC395760,duplicate_provider_id
P006017,Palan LLC,OBGYN,Hyderabad,Madhya Pradesh,396381298,LIC231938,duplicate_provider_id
P031518,"Rout, Sehgal and Ganesh",Pediatrics,Pallavaram,Madhya Pradesh,638466067,LIC707530,duplicate_provider_id
P027981,"Rau, Sampath and Krishna",Orthopedics,Rewa,Punjab,XXXXX,BADLIC,duplicate_provider_id
P007156,"Reddy, Batra and Mukhopadhyay",Orthopedics,Hajipur,Arunachal Pradesh,XXXXX,BADLIC,duplicate_provider_id
P005051,"Aurora, Bumb and Nagi",OBGYN,Bhavnagar,Maharashtra,XXXXX,BADLIC,duplicate_provider_id
P008761,"Konda, Modi and Uppal",Orthopedics,Bijapur,Bihar,XXXXX,BADLIC,duplicate_provider_id
P032025,Sarkar-Mitter,Pediatrics,Bhiwandi,Meghalaya,391578080,LIC735679,duplicate_provider_id
P028096,"Apte, Rai and Srinivas",OBGYN,Patiala,Nagaland,XXXXX,BADLIC,duplicate_provider_id
P002460,Kari Inc,Cardiology,Varanasi,Andhra Pradesh,240596454,LIC267841,duplicate_provider_id
P021677,Kota PLC,Pediatrics,Deoghar,Telangana,XXXXX,BADLIC,duplicate_provider_id
P001696,Chawla-Tripathi,Pediatrics,Giridih,Telangana,XXXXX,BADLIC,duplicate_provider_id
P027613,Nagarajan Group,Dermatology,Bareilly,Andhra Pradesh,XXXXX,BADLIC,duplicate_provider_id
P019433,Kari and Sons,Oncology,Sri Ganganagar,Himachal Pradesh,925765952,LIC264253,duplicate_provider_id
P000941,Choudhary Inc,ENT,Srikakulam,Karnataka,XXXXX,BADLIC,duplicate_provider_id
P025315,Sahni Inc,OBGYN,Mahbubnagar,Maharashtra,908961827,LIC514323,duplicate_provider_id
P020981,Raman-Din,ENT,Mau,Odisha,XXXXX,BADLIC,duplicate_provider_id
P001640,Ramakrishnan-Varghese,Neurology,Solapur,Odisha,423049576,LIC470777,duplicate_provider_id
P032602,Kala-Dhawan,OBGYN,Mathura,Assam,863616605,LIC859107,duplicate_provider_id
P004976,Gandhi-Aggarwal,General Medicine,Kolkata,Odisha,906303501,LIC930399,duplicate_provider_id
P027756,Rau-Sathe,Orthopedics,Ramgarh,Assam,XXXXX,BADLIC,duplicate_provider_id
P007612,Pathak-Yohannan,ENT,Sambalpur,Goa,865338075,LIC584961,duplicate_provider_id
P021602,Khatri Group,Orthopedics,Tinsukia,Uttar Pradesh,XXXXX,BADLIC,duplicate_provider_id
P026020,Wagle Inc,Neurology,Karnal,Haryana,285178024,LIC870598,duplicate_provider_id
P005335,"Master, Upadhyay and Buch",Urology,Bhatpara,Haryana,XXXXX,BADLIC,duplicate_provider_id
P007544,Ahluwalia-Basak,Cardiology,Raichur,Jharkhand,593061136,LIC589920,duplicate_provider_id
P006158,Badal Group,OBGYN,Asansol,Manipur,XXXXX,BADLIC,duplicate_provider_id
P016615,Kohli and Sons,Orthopedics,Anantapur,Uttarakhand,991757465,LIC331328,duplicate_provider_id
P022724,"Bora, Pal and Randhawa",General Medicine,Ambattur,Arunachal Pradesh,XXXXX,BADLIC,duplicate_provider_id
P011882,Behl-Tella,Pediatrics,Coimbatore,Odisha,XXXXX,BADLIC,duplicate_provider_id
P023967,Murthy-Borra,OBGYN,Adoni,Maharashtra,XXXXX,BADLIC,duplicate_provider_id
P009595,Boase Ltd,ENT,Ghaziabad,Punjab,832434876,LIC853364,duplicate_provider_id
P010371,Grover PLC,Oncology,Farrukhabad,Sikkim,184089095,LIC620506,duplicate_provider_id
P006050,Dhillon LLC,Urology,Bettiah,Nagaland,757706287,LIC934582,duplicate_provider_id
P022375,Rama-Chokshi,Orthopedics,Chittoor,Punjab,901217710,LIC240720,duplicate_provider_id
P020194,"Pandit, Chaudhry and Dhingra",Orthopedics,Anantapuram,Odisha,XXXXX,BADLIC,duplicate_provider_id
P012896,Chad-Bhagat,Dermatology,Gulbarga,Himachal Pradesh,XXXXX,BADLIC,duplicate_provider_id
P029831,Puri Inc,ENT,Ambattur,Meghalaya,174753626,LIC747021,duplicate_provider_id
P026771,"Goswami, Mital and Choudhry",Neurology,Agartala,Andhra Pradesh,778361898,LIC547053,duplicate_provider_id
P015123,Yogi Inc,Dermatology,Eluru,Punjab,XXXXX,BADLIC,duplicate_provider_id
P031245,Das and Sons,Cardiology,Satara,Kerala,XXXXX,BADLIC,duplicate_provider_id
P010789,Prashad Inc,Dermatology,Berhampur,Assam,652736581,LIC214984,duplicate_provider_id
P030208,Banik-Lad,Neurology,Sambalpur,Odisha,303998233,LIC369377,duplicate_provider_id
P020984,Rout-Loyal,Dermatology,Jalgaon,Mizoram,XXXXX,BADLIC,duplicate_provider_id
P009439,Kapadia Inc,Neurology,Madanapalle,Madhya Pradesh,XXXXX,BADLIC,duplicate_provider_id
P007566,Parsa and Sons,Neurology,Jhansi,Goa,842427062,LIC106333,duplicate_provider_id
P025396,"Bhattacharyya, Chopra and Vora",Orthopedics,Bidhannagar,Nagaland,392769804,LIC377098,duplicate_provider_id
P024388,"Bhardwaj, Mukherjee and Tank",Oncology,Dhule,Andhra Pradesh,251581082,LIC517612,duplicate_provider_id
P033675,Golla-Wason,Dermatology,Gudivada,Meghalaya,119453890,LIC496660,duplicate_provider_id
P034016,Rout-Choudhury,ENT,Kota,West Bengal,730733632,LIC645324,duplicate_provider_id
P005434,"Choudhary, Nadkarni and Nadkarni",Neurology,Durgapur,Andhra Pradesh,632438719,LIC857471,duplicate_provider_id
P004368,Kata PLC,Urology,Etawah,Goa,628757481,LIC498392,duplicate_provider_id
P032102,"Sehgal, Ravi and Natt",ENT,Bhagalpur,Uttarakhand,XXXXX,BADLIC,duplicate_provider_id
P014966,Bhavsar-Balay,Orthopedics,Miryalaguda,Haryana,648116423,LIC943773,duplicate_provider_id
P026801,Sharaf-Raval,Orthopedics,Nizamabad,Arunachal Pradesh,XXXXX,BADLIC,duplicate_provider_id
P026536,Guha-Mody,Orthopedics,Patiala,Odisha,XXXXX,BADLIC,duplicate_provider_id
P005385,"Nadkarni, Kibe and Savant",Oncology,Nagaon,Kerala,XXXXX,BADLIC,duplicate_provider_id
P008358,Bose-Memon,Orthopedics,Tiruvottiyur,Goa,996378344,LIC364404,duplicate_provider_id
P021368,Ravi-Gole,Pediatrics,Rourkela,Punjab,XXXXX,BADLIC,duplicate_provider_id
P024953,Anand-Vohra,Dermatology,Agartala,Maharashtra,XXXXX,BADLIC,duplicate_provider_id
P000221,Tank-Ganguly,Orthopedics,Cuttack,Rajasthan,XXXXX,BADLIC,duplicate_provider_id
P014004,"Sachdev, Datta and Deol",Urology,Katni,Odisha,XXXXX,BADLIC,duplicate_provider_id
P011057,"Kulkarni, Hans and Kamdar",Orthopedics,Nizamabad,Meghalaya,585803161,LIC629223,duplicate_provider_id
P020109,Murty and Sons,Neurology,Panchkula,Madhya Pradesh,XXXXX,BADLIC,duplicate_provider_id
P027506,Bajwa-Swaminathan,Oncology,Tumkur,Rajasthan,XXXXX,BADLIC,duplicate_provider_id
P032889,Krishnamurthy Ltd,Cardiology,Uluberia,Jharkhand,XXXXX,BADLIC,duplicate_provider_id
P007414,Mukherjee Inc,Cardiology,Purnia,Nagaland,120381603,LIC311198,duplicate_provider_id
P000896,Sarin-Mohanty,Neurology,Ramgarh,Karnataka,XXXXX,BADLIC,duplicate_provider_id
P033655,Nagy-Dixit,Orthopedics,Dehri,Madhya Pradesh,XXXXX,BADLIC,duplicate_provider_id
P022736,"Kannan, Gulati and Shan",ENT,Pudukkottai,Madhya Pradesh,XXXXX,BADLIC,duplicate_provider_id
P020582,Dhingra and Sons,Oncology,Berhampur,Arunachal Pradesh,707269335,LIC441104,duplicate_provider_id
P020942,"Chokshi, Goyal and Ganesan",Neurology,Jalna,Mizoram,211901230,LIC304687,duplicate_provider_id
P021638,Grover-Bajaj,Oncology,Meerut,Meghalaya,XXXXX,BADLIC,duplicate_provider_id
P023602,"Comar, Gandhi and Patil",General Medicine,Miryalaguda,Gujarat,758087597,LIC988895,duplicate_provider_id
P007449,"Memon, Ranganathan and Ramakrishnan",Dermatology,Navi Mumbai,Uttar Pradesh,229748699,LIC495934,duplicate_provider_id
P019010,"Nigam, Narayan and Gill",General Medicine,Saharsa,Meghalaya,XXXXX,BADLIC,duplicate_provider_id
P007331,Uppal Inc,Pediatrics,Korba,Sikkim,XXXXX,BADLIC,duplicate_provider_id
P013845,Rastogi-Batta,Pediatrics,Kalyan-Dombivli,Karnataka,XXXXX,BADLIC,duplicate_provider_id
P008392,Chana Ltd,Neurology,Delhi,Jharkhand,398381927,LIC798753,duplicate_provider_id
P016107,Dani-Kibe,ENT,Bally,Odisha,XXXXX,BADLIC,duplicate_provider_id
P031691,"Memon, Kota and Bhalla",Orthopedics,Hosur,Gujarat,XXXXX,BADLIC,duplicate_provider_id
P024030,Verma-Deshmukh,Cardiology,Jalgaon,Gujarat,XXXXX,BADLIC,duplicate_provider_id
P013800,Dugar-Chand,Urology,Asansol,Uttarakhand,557929226,LIC998297,duplicate_provider_id
P031479,Mannan PLC,General Medicine,Ichalkaranji,Karnataka,499362958,LIC552584,duplicate_provider_id
P013620,"Roy, Pillay and Chander",ENT,Tirupati,Haryana,488060445,LIC266871,duplicate_provider_id
P031116,Dutt-Wali,Orthopedics,Nandyal,Telangana,XXXXX,BADLIC,duplicate_provider_id
P024634,Deep-Dubey,Neurology,Muzaffarpur,Manipur,315675379,LIC214757,duplicate_provider_id
P015304,"Banik, Borde and Sarraf",Cardiology,Amroha,Andhra Pradesh,XXXXX,BADLIC,duplicate_provider_id
P018797,Bhavsar-Nadkarni,Neurology,Raipur,Telangana,XXXXX,BADLIC,duplicate_provider_id
P005016,"Vora, Kohli and Puri",ENT,Bahraich,Nagaland,XXXXX,BADLIC,duplicate_provider_id
P020783,Keer-Sastry,Dermatology,Thoothukudi,Telangana,XXXXX,BADLIC,duplicate_provider_id
P012946,Krishnamurthy-Om,Cardiology,Mira-Bhayandar,Punjab,XXXXX,BADLIC,duplicate_provider_id
P029048,Sane-Chaudry,OBGYN,Akola,Punjab,XXXXX,BADLIC,duplicate_provider_id
P024685,"Kala, Biswas and Som",Dermatology,Mumbai,Manipur,XXXXX,BADLIC,duplicate_provider_id
P007760,"Kala, Sarin and Mital",Neurology,Vijayanagaram,Karnataka,738786484,LIC745749,duplicate_provider_id
P014340,Pradhan LLC,OBGYN,Narasaraopet,Haryana,XXXXX,BADLIC,duplicate_provider_id
P001363,Wali LLC,Cardiology,Berhampore,Karnataka,XXXXX,BADLIC,duplicate_provider_id
P015411,Sharaf-Pai,Urology,Ranchi,Mizoram,609687089,LIC545289,duplicate_provider_id
P032349,Kaur-Banik,Dermatology,Unnao,Telangana,XXXXX,BADLIC,duplicate_provider_id
P008604,Nath LLC,General Medicine,Thiruvananthapuram,Tamil Nadu,457240009,LIC816338,duplicate_provider_id
P006196,Jain-Shroff,Oncology,Pali,Uttarakhand,XXXXX,BADLIC,duplicate_provider_id
P014699,"Pal, Bera and Aggarwal",Pediatrics,Miryalaguda,Punjab,XXXXX,BADLIC,duplicate_provider_id
P032131,"Salvi, Venkatesh and Kala",Oncology,Lucknow,Uttarakhand,482524833,LIC339604,duplicate_provider_id
P028331,Sem-Panchal,General Medicine,Ambattur,Maharashtra,XXXXX,BADLIC,duplicate_provider_id
P006724,"Halder, Chana and Dixit",Pediatrics,Nagaon,Assam,492032691,LIC959759,duplicate_provider_id
P023575,Rana-Sarkar,OBGYN,Tiruvottiyur,Tripura,XXXXX,BADLIC,duplicate_provider_id
P028116,Gola-Rege,Urology,Dibrugarh,West Bengal,XXXXX,BADLIC,duplicate_provider_id
P004204,Grover and Sons,ENT,Vellore,Odisha,865688951,LIC346210,duplicate_provider_id
P001409,Khosla-Sankar,General Medicine,Sultan Pur Majra,Bihar,XXXXX,BADLIC,duplicate_provider_id
P033399,Tak and Sons,Oncology,Khora ,Assam,XXXXX,BADLIC,duplicate_provider_id
P013890,Sankar Inc,Pediatrics,Alwar,Uttarakhand,512229261,LIC623863,duplicate_provider_id
P031080,Bobal-Sidhu,Neurology,Kulti,Odisha,827216756,LIC138503,duplicate_provider_id
P006637,Rajagopal Ltd,Oncology,Mango,Bihar,589695346,LIC329690,duplicate_provider_id
P034493,"Ben, Mishra and Mitra",Urology,Panchkula,Madhya Pradesh,XXXXX,BADLIC,duplicate_provider_id
P025317,Chopra Group,General Medicine,Aurangabad,Uttarakhand,XXXXX,BADLIC,duplicate_provider_id
P003724,Bumb-Bhatia,Urology,Mangalore,Goa,XXXXX,BADLIC,duplicate_provider_id
P016940,"Sridhar, Hegde and Sunder",Orthopedics,Narasaraopet,Uttar Pradesh,XXXXX,BADLIC,duplicate_provider_id
P008685,Agarwal Inc,Oncology,Vasai-Virar,Jharkhand,XXXXX,BADLIC,duplicate_provider_id
P003467,Puri-Sridhar,Orthopedics,Parbhani,Karnataka,XXXXX,BADLIC,duplicate_provider_id
P017826,Badami-Ahluwalia,Neurology,Baranagar,Uttar Pradesh,XXXXX,BADLIC,duplicate_provider_id
P028124,Parmer Inc,Oncology,Hapur,Himachal Pradesh,775805652,LIC585541,duplicate_provider_id
P009124,Gara-Dada,Neurology,Chapra,Jharkhand,XXXXX,BADLIC,duplicate_provider_id
P023269,Padmanabhan-Sandhu,Oncology,Rajpur Sonarpur,Haryana,XXXXX,BADLIC,duplicate_provider_id
P033290,"Chaudhuri, Ratta and Nori",OBGYN,Amritsar,Tamil Nadu,569171238,LIC423603,duplicate_provider_id
P033059,"Bahri, Grewal and Seshadri",Oncology,Tadepalligudem,Meghalaya,XXXXX,BADLIC,duplicate_provider_id
P011380,Randhawa Inc,Urology,Panchkula,Meghalaya,XXXXX,BADLIC,duplicate_provider_id
P026288,"Parsa, Kumer and Raju",General Medicine,Rajpur Sonarpur,Madhya Pradesh,845972630,LIC147557,duplicate_provider_id
P031865,Kumer-Arya,Urology,Ghaziabad,Himachal Pradesh,842056814,LIC820551,duplicate_provider_id
P020282,Sastry-Butala,Neurology,Uluberia,Haryana,XXXXX,BADLIC,duplicate_provider_id
P030612,Chandra-Majumdar,Oncology,Patna,Kerala,319143561,LIC860940,duplicate_provider_id
P008494,Srinivas and Sons,Pediatrics,Junagadh,Meghalaya,147225243,LIC750716,duplicate_provider_id
P016928,"Verma, Srinivasan and Kade",Neurology,Ramagundam,Bihar,XXXXX,BADLIC,duplicate_provider_id
P015394,Sethi Inc,General Medicine,Mehsana,Madhya Pradesh,399629314,LIC747147,duplicate_provider_id
P012773,"Varty, Lalla and Kapoor",Neurology,Buxar,Bihar,421630683,LIC399180,duplicate_provider_id
P015372,Sidhu-Verma,Pediatrics,Tenali,Madhya Pradesh,XXXXX,BADLIC,duplicate_provider_id
P003707,Prakash Inc,ENT,Durgapur,Punjab,XXXXX,BADLIC,duplicate_provider_id
P009671,Sengupta Inc,OBGYN,Bidar,Nagaland,XXXXX,BADLIC,duplicate_provider_id
P027852,Sehgal Inc,Oncology,Khandwa,West Bengal,603070396,LIC983209,duplicate_provider_id
P026030,Bath-Balan,Pediatrics,Sirsa,Punjab,XXXXX,BADLIC,duplicate_provider_id
P027950,"Dube, Gaba and Krish",OBGYN,Silchar,Rajasthan,650765774,LIC481452,duplicate_provider_id
P024835,Rama Group,Oncology,Tumkur,Chhattisgarh,239139835,LIC267743,duplicate_provider_id
P012897,Radhakrishnan and Sons,Dermatology,Jorhat,Arunachal Pradesh,383916842,LIC721667,duplicate_provider_id
P004742,Uppal-Tella,Cardiology,Tiruvottiyur,Meghalaya,447369208,LIC771616,duplicate_provider_id
P017210,"Bali, Tank and Varty",Pediatrics,Bareilly,Meghalaya,958824691,LIC332804,duplicate_provider_id
P031842,Brar LLC,Cardiology,Nagaon,Odisha,460702281,LIC287673,duplicate_provider_id
P015622,"Gill, Raghavan and Tank",Cardiology,Chapra,Karnataka,XXXXX,BADLIC,duplicate_provider_id
P013978,Konda and Sons,Oncology,Chennai,Tamil Nadu,XXXXX,BADLIC,duplicate_provider_id
P012068,Borde PLC,Pediatrics,Begusarai,West Bengal,957649688,LIC155717,duplicate_provider_id
P020686,Sama Inc,General Medicine,Bettiah,Himachal Pradesh,669055415,LIC233946,duplicate_provider_id
P027585,Nagarajan-Reddy,Orthopedics,Dewas,West Bengal,XXXXX,BADLIC,duplicate_provider_id
P019417,Dhillon-Ravel,Orthopedics,Chittoor,Assam,XXXXX,BADLIC,duplicate_provider_id
P019966,Amble-Manne,Pediatrics,Salem,Tamil Nadu,254491401,LIC188596,duplicate_provider_id
P032919,Sheth-Trivedi,OBGYN,Pali,Jharkhand,XXXXX,BADLIC,duplicate_provider_id
P008840,Lal-Palan,ENT,Avadi,Nagaland,131574232,LIC588677,duplicate_provider_id
P028556,Mitra-Deo,Cardiology,Moradabad,Odisha,369493730,LIC387574,duplicate_provider_id
P004286,Parekh-Kaul,OBGYN,Nanded,Tripura,XXXXX,BADLIC,duplicate_provider_id
P019784,Raghavan-Chokshi,General Medicine,Pallavaram,Bihar,XXXXX,BADLIC,duplicate_provider_id
P023892,"Dhillon, Majumdar and Chad",Oncology,Jamshedpur,Maharashtra,XXXXX,BADLIC,duplicate_provider_id
P006841,Iyengar-Narula,General Medicine,Mehsana,Goa,XXXXX,BADLIC,duplicate_provider_id
P004966,Sane-Mishra,OBGYN,Malda,Assam,XXXXX,BADLIC,duplicate_provider_id
P007209,Banik-Narasimhan,OBGYN,Jalna,Manipur,XXXXX,BADLIC,duplicate_provider_id
P034163,"Merchant, Dass and Dara",Cardiology,Aligarh,Uttarakhand,400484544,LIC296597,duplicate_provider_id
P006751,"More, Rattan and Deshpande",Orthopedics,Gurgaon,Arunachal Pradesh,XXXXX,BADLIC,duplicate_provider_id
P007853,Shetty-Dara,Urology,Gangtok,Uttar Pradesh,XXXXX,BADLIC,duplicate_provider_id
P004895,"Dutta, Murthy and Suri",Dermatology,Surat,Madhya Pradesh,692753915,LIC711759,duplicate_provider_id
P024346,Tella LLC,General Medicine,Raipur,Sikkim,217514811,LIC167650,duplicate_provider_id
P034337,Rau-Loke,Dermatology,Nandyal,Assam,168389565,LIC822537,duplicate_provider_id
P014067,Sem Inc,Orthopedics,Kamarhati,Kerala,317949202,LIC650950,duplicate_provider_id
P034533,Gade-Randhawa,General Medicine,Saharsa,Punjab,XXXXX,BADLIC,duplicate_provider_id
P013644,Dhillon-Shere,Oncology,Arrah,Assam,XXXXX,BADLIC,duplicate_provider_id
P004441,Wali-Bassi,Neurology,Amravati,Gujarat,XXXXX,BADLIC,duplicate_provider_id
P012893,"Bora, Pal and Randhawa",OBGYN,Bhatpara,Arunachal Pradesh,XXXXX,BADLIC,duplicate_provider_id
P022923,"Rattan, Patel and Natarajan",Cardiology,Surendranagar Dudhrej,Odisha,705940208,LIC696433,duplicate_provider_id
P007757,Rao-Merchant,Pediatrics,Sambalpur,Haryana,XXXXX,BADLIC,duplicate_provider_id
P008846,Mane Group,ENT,Cuttack,Chhattisgarh,356894395,LIC453823,duplicate_provider_id
P021618,Oak-Jayaraman,Urology,Kurnool,Bihar,657908774,LIC694611,duplicate_provider_id
P015275,Parekh-Varkey,ENT,Arrah,Uttarakhand,810099239,LIC663463,duplicate_provider_id
P015926,Mann-Pal,General Medicine,Tiruvottiyur,Rajasthan,XXXXX,BADLIC,duplicate_provider_id
P004788,Patla Group,Pediatrics,Rampur,West Bengal,474272387,LIC290473,duplicate_provider_id
P021175,"Tailor, Andra and Sarma",Urology,Pimpri-Chinchwad,Assam,378751617,LIC206369,duplicate_provider_id
P002946,"Balakrishnan, Vohra and Bal",Oncology,Raichur,Tripura,526467211,LIC401774,duplicate_provider_id
P010396,Sheth-Choudhury,OBGYN,Vellore,Telangana,346465442,LIC678251,duplicate_provider_id
P000620,"Divan, Sangha and Varkey",Dermatology,Ambala,Punjab,531694321,LIC756990,duplicate_provider_id
P004985,Toor-Bhandari,Urology,Tiruchirappalli,Punjab,XXXXX,BADLIC,duplicate_provider_id
P019075,Nigam-Walla,General Medicine,Erode,Nagaland,XXXXX,BADLIC,duplicate_provider_id
P004691,Choudhary-Gulati,General Medicine,Bhalswa Jahangir Pur,Nagaland,131292978,LIC892071,duplicate_provider_id
P019504,"Bawa, Naidu and Raja",General Medicine,Bathinda,Tamil Nadu,XXXXX,BADLIC,duplicate_provider_id
P003637,Bhandari Group,Cardiology,Jamnagar,Manipur,XXXXX,BADLIC,duplicate_provider_id
P009559,Sama-Sood,General Medicine,Tenali,Assam,854435617,LIC355753,duplicate_provider_id
P009729,Merchant Group,General Medicine,Rajkot,Uttar Pradesh,794406157,LIC194988,duplicate_provider_id
P011739,Borra Group,Neurology,Gangtok,Maharashtra,XXXXX,BADLIC,duplicate_provider_id
P013785,Bala Group,Oncology,Farrukhabad,Mizoram,XXXXX,BADLIC,duplicate_provider_id
P010458,Anne-Kalita,OBGYN,Munger,Arunachal Pradesh,XXXXX,BADLIC,duplicate_provider_id
P008147,Merchant Group,Cardiology,Nangloi Jat,Jharkhand,659203923,LIC861432,duplicate_provider_id
P010495,"De, Khalsa and Balakrishnan",General Medicine,Sonipat,Himachal Pradesh,109037220,LIC334342,duplicate_provider_id
P002887,"Iyer, Aurora and Wali",Dermatology,Bikaner,Assam,413658874,LIC520816,duplicate_provider_id
P013884,Nath-Modi,Urology,Dharmavaram,Sikkim,XXXXX,BADLIC,duplicate_provider_id
P034329,Pingle PLC,OBGYN,Eluru,Mizoram,428734696,LIC890302,duplicate_provider_id
P009464,Menon-Thaker,Orthopedics,Lucknow,Goa,XXXXX,BADLIC,duplicate_provider_id
P004943,Choudhary PLC,ENT,Ujjain,Mizoram,998869129,LIC671548,duplicate_provider_id
P010502,Pandya-Pal,Pediatrics,Hindupur,Tamil Nadu,557054585,LIC828431,duplicate_provider_id
P011827,Hayer Ltd,General Medicine,Bally,Gujarat,XXXXX,BADLIC,duplicate_provider_id
P010451,"Sani, Dey and Rama",Oncology,Muzaffarnagar,Mizoram,669194137,LIC268308,duplicate_provider_id
P026810,"Borde, Srinivas and Banik",ENT,Bhiwani,Nagaland,214479704,LIC240694,duplicate_provider_id
P023435,Bali Group,Urology,Medininagar,Meghalaya,XXXXX,BADLIC,duplicate_provider_id
P003732,Pandey LLC,Cardiology,Nagpur,Mizoram,501447457,LIC477566,duplicate_provider_id
P027729,Banik-Thaker,Dermatology,Silchar,Punjab,XXXXX,BADLIC,duplicate_provider_id
P027676,Walia-Dave,Orthopedics,Kamarhati,Arunachal Pradesh,XXXXX,BADLIC,duplicate_provider_id
P005972,Chakraborty-Bhasin,Orthopedics,Visakhapatnam,Assam,321492142,LIC438069,duplicate_provider_id
P030665,Rege and Sons,Pediatrics,Siliguri,Odisha,XXXXX,BADLIC,duplicate_provider_id
P030408,Uppal Ltd,Urology,Jalna,Gujarat,480967722,LIC317249,duplicate_provider_id
P019425,Parekh-Shan,Dermatology,Tiruchirappalli,Bihar,XXXXX,BADLIC,duplicate_provider_id
P013657,Babu LLC,Oncology,Nadiad,Uttar Pradesh,XXXXX,BADLIC,duplicate_provider_id
P006517,Chandran-Edwin,Orthopedics,Sagar,Uttarakhand,XXXXX,BADLIC,duplicate_provider_id
P001032,"Naidu, Dutta and Zacharia",ENT,Nizamabad,Nagaland,XXXXX,BADLIC,duplicate_provider_id
P027451,"Kadakia, Balakrishnan and Modi",Urology,Rewa,Rajasthan,376577299,LIC426806,duplicate_provider_id
P028059,Kakar Ltd,General Medicine,Tiruvottiyur,Arunachal Pradesh,306319598,LIC956504,duplicate_provider_id
P012397,"Narasimhan, Gill and Palan",Oncology,Rajkot,Assam,949065582,LIC378730,duplicate_provider_id
P033337,Dara Ltd,General Medicine,Pali,Haryana,XXXXX,BADLIC,duplicate_provider_id
P021443,Manda Inc,Oncology,Satna,Odisha,810067025,LIC646693,duplicate_provider_id
P004459,"Chaudhary, Kuruvilla and Roy",OBGYN,Serampore,Punjab,590193755,LIC164446,duplicate_provider_id
P022891,Cheema Inc,Oncology,Farrukhabad,Punjab,742190601,LIC744552,duplicate_provider_id
P001805,Bajwa-Dugar,OBGYN,Bhalswa Jahangir Pur,Chhattisgarh,XXXXX,BADLIC,duplicate_provider_id
P007599,Yadav Inc,Urology,Bathinda,Telangana,874057090,LIC763279,duplicate_provider_id
P022653,Dani LLC,Dermatology,Mangalore,Maharashtra,751543726,LIC599481,duplicate_provider_id
P030279,Amble Ltd,ENT,Bhopal,Chhattisgarh,736118162,LIC854403,duplicate_provider_id
P005122,Balan-Zachariah,OBGYN,Barasat,Jharkhand,XXXXX,BADLIC,duplicate_provider_id
P028926,Pant LLC,OBGYN,Belgaum,West Bengal,XXXXX,BADLIC,duplicate_provider_id
P021312,Rana-Gokhale,ENT,Ludhiana,Assam,673995797,LIC160436,duplicate_provider_id
P006210,Das and Sons,Pediatrics,Proddatur,Karnataka,XXXXX,BADLIC,duplicate_provider_id
P031069,"Suresh, Srinivasan and Wadhwa",Dermatology,Karawal Nagar,Uttar Pradesh,285329555,LIC257382,duplicate_provider_id
P004379,"Randhawa, Rajagopal and Datta",Neurology,Kozhikode,Kerala,XXXXX,BADLIC,duplicate_provider_id
P026414,Sama LLC,Oncology,Mirzapur,West Bengal,XXXXX,BADLIC,duplicate_provider_id
P031684,Buch Ltd,Cardiology,Karimnagar,Jharkhand,XXXXX,BADLIC,duplicate_provider_id
P032147,Zacharia-Dass,Orthopedics,Giridih,Kerala,XXXXX,BADLIC,duplicate_provider_id
P002988,"Misra, Bahl and Memon",Cardiology,Nellore,Assam,171522107,LIC659726,duplicate_provider_id
P004348,Swaminathan-Korpal,OBGYN,Ujjain,Haryana,XXXXX,BADLIC,duplicate_provider_id
P024445,Atwal-Venkatesh,Oncology,Tadepalligudem,Punjab,XXXXX,BADLIC,duplicate_provider_id
P025821,Ramakrishnan LLC,OBGYN,Firozabad,Odisha,XXXXX,BADLIC,duplicate_provider_id
P020799,Brar-Kota,General Medicine,Pimpri-Chinchwad,Arunachal Pradesh,609616811,LIC819547,duplicate_provider_id
P003304,Loyal and Sons,Orthopedics,Anantapur,Uttar Pradesh,576324863,LIC308200,duplicate_provider_id
P027070,"Gour, Kar and Dar",Pediatrics,Mira-Bhayandar,Chhattisgarh,XXXXX,BADLIC,duplicate_provider_id
P009076,"Karan, Sibal and Wadhwa",Orthopedics,Coimbatore,Kerala,549401361,LIC401886,duplicate_provider_id
P032494,"Sangha, Sibal and Kulkarni",Pediatrics,Ramagundam,Uttar Pradesh,743169450,LIC946644,duplicate_provider_id
P006327,Manne-Mitra,ENT,Guntakal,Telangana,XXXXX,BADLIC,duplicate_provider_id
P000739,"Sem, Pandit and Mann",Oncology,Tezpur,Himachal Pradesh,XXXXX,BADLIC,duplicate_provider_id
P002009,"Bhatia, Shan and Goyal",General Medicine,Surendranagar Dudhrej,Bihar,934218933,LIC247348,duplicate_provider_id
P024525,"Shanker, Suri and Narayan",Orthopedics,Solapur,Mizoram,689092964,LIC587549,duplicate_provider_id
P013329,Om PLC,Oncology,Tiruvottiyur,Meghalaya,312895947,LIC138933,duplicate_provider_id
P016292,Krish Ltd,General Medicine,Ratlam,Gujarat,XXXXX,BADLIC,duplicate_provider_id
P014310,Som Group,ENT,Akola,Meghalaya,638181088,LIC698100,duplicate_provider_id
P029394,Dyal Group,Cardiology,Noida,Assam,698437049,LIC474606,duplicate_provider_id
P030645,Shenoy-Krish,Dermatology,Asansol,Gujarat,XXXXX,BADLIC,duplicate_provider_id
P018862,Dube LLC,Pediatrics,Morbi,Haryana,967937486,LIC371806,duplicate_provider_id
P027550,Dugar-Bhatt,Dermatology,Tadepalligudem,Gujarat,XXXXX,BADLIC,duplicate_provider_id
P026237,Devi Ltd,ENT,Siliguri,Assam,XXXXX,BADLIC,duplicate_provider_id
P005811,"Prabhakar, Kibe and Vig",Neurology,Kota,Telangana,217454672,LIC647979,duplicate_provider_id
P007045,Om-Keer,Orthopedics,Gwalior,Odisha,XXXXX,BADLIC,duplicate_provider_id
P017338,Sankaran Ltd,Pediatrics,Munger,Andhra Pradesh,345541049,LIC621670,duplicate_provider_id
P025074,Dar LLC,Cardiology,Thoothukudi,Punjab,XXXXX,BADLIC,duplicate_provider_id
P025160,Bhalla-Varty,Urology,Anantapur,Kerala,338749951,LIC473048,duplicate_provider_id
P013324,Swamy-Chakrabarti,OBGYN,Machilipatnam,Gujarat,XXXXX,BADLIC,duplicate_provider_id
P013661,Borra Inc,ENT,Panihati,Tripura,883297562,LIC178012,duplicate_provider_id
P013324,"Iyengar, Ravel and Goyal",Urology,Baranagar,Bihar,XXXXX,BADLIC,duplicate_provider_id
P033584,"Kohli, Shan and Sem",Pediatrics,Panipat,Madhya Pradesh,105946672,LIC768813,duplicate_provider_id
P012661,Goda Group,ENT,Ongole,Manipur,XXXXX,BADLIC,duplicate_provider_id
P007069,Dada-Vig,Pediatrics,Jehanabad,Mizoram,XXXXX,BADLIC,duplicate_provider_id
P002864,"Soni, Pillay and Kota",OBGYN,Raipur,Chhattisgarh,241069077,LIC231772,duplicate_provider_id
P025544,Chaudhry-Zacharia,Cardiology,Tiruppur,West Bengal,703890878,LIC281861,duplicate_provider_id
P000368,"Uppal, Koshy and Vig",Cardiology,Pali,Odisha,436957226,LIC281962,duplicate_provider_id
P010797,Mann-Pal,OBGYN,Hapur,Goa,532433786,LIC345003,duplicate_provider_id
P018094,Salvi Ltd,Oncology,Kharagpur,Himachal Pradesh,623535377,LIC156043,duplicate_provider_id
P022766,"Devan, Shah and Shukla",Dermatology,Thanjavur,Punjab,762907693,LIC855854,duplicate_provider_id
P022591,"Sane, Bose and Chad",ENT,Kulti,Haryana,XXXXX,BADLIC,duplicate_provider_id
P010586,"Shere, Sarraf and Bumb",ENT,Gorakhpur,Maharashtra,XXXXX,BADLIC,duplicate_provider_id
P012756,Bera-Rege,Dermatology,Bhubaneswar,Andhra Pradesh,751425938,LIC883995,duplicate_provider_id
P022785,Sarin and Sons,Neurology,Gorakhpur,Haryana,XXXXX,BADLIC,duplicate_provider_id
P014231,Rattan Ltd,Urology,Panvel,Madhya Pradesh,XXXXX,BADLIC,duplicate_provider_id
P029798,"Bhat, Bandi and Yadav",ENT,Belgaum,Assam,486951594,LIC281294,duplicate_provider_id
P003838,Prabhu-Thakur,ENT,Gandhinagar,Mizoram,216750497,LIC677603,duplicate_provider_id
P022866,"Chandran, Pathak and Sama",OBGYN,Nagercoil,Tamil Nadu,XXXXX,BADLIC,duplicate_provider_id
P010493,Bhasin-Chaudry,Pediatrics,Haldia,Himachal Pradesh,449460606,LIC485031,duplicate_provider_id
P010132,Dhawan and Sons,Orthopedics,Lucknow,Assam,473627457,LIC496561,duplicate_provider_id
P010580,"Sur, Saini and Khalsa",Neurology,Mango,Haryana,XXXXX,BADLIC,duplicate_provider_id
P016379,"Naidu, Sathe and Bobal",OBGYN,Sri Ganganagar,Tamil Nadu,825341574,LIC360798,duplicate_provider_id
P001985,Wali LLC,Cardiology,Chandrapur,Arunachal Pradesh,XXXXX,BADLIC,duplicate_provider_id
P021539,"Aggarwal, Raj and Tandon",Neurology,Kavali,Andhra Pradesh,XXXXX,BADLIC,duplicate_provider_id
P022787,"Handa, Chacko and Majumdar",OBGYN,Berhampore,Madhya Pradesh,224108663,LIC337810,duplicate_provider_id
P032849,"Dhar, Uppal and Kuruvilla",General Medicine,Kakinada,Punjab,274381449,LIC252159,duplicate_provider_id
P003822,"Pandit, Suresh and Narang",General Medicine,Deoghar,Bihar,XXXXX,BADLIC,duplicate_provider_id
P025047,"Rajagopal, Bansal and Som",Neurology,Nagercoil,Tripura,XXXXX,BADLIC,duplicate_provider_id
P034969,Nayar-Sankaran,Cardiology,Rajkot,Nagaland,XXXXX,BADLIC,duplicate_provider_id
P005178,Rout-Oza,Dermatology,Rajkot,Manipur,XXXXX,BADLIC,duplicate_provider_id
P019695,"Jain, Sachar and Sanghvi",Dermatology,Ahmednagar,Rajasthan,XXXXX,BADLIC,duplicate_provider_id
P031197,Gokhale-Dutta,ENT,Kishanganj,Assam,XXXXX,BADLIC,duplicate_provider_id
P024913,Nagy and Sons,OBGYN,Eluru,Chhattisgarh,940916123,LIC471154,duplicate_provider_id
P026934,"Kanda, Dube and Sarma",Neurology,South Dumdum,Telangana,193489176,LIC334663,duplicate_provider_id
P022983,Shetty Inc,Dermatology,Rewa,Chhattisgarh,585668327,LIC768439,duplicate_provider_id
P030238,Gill and Sons,Pediatrics,Saharanpur,Arunachal Pradesh,379662315,LIC929453,duplicate_provider_id
P020609,Shenoy-Merchant,Dermatology,Chandigarh,Goa,XXXXX,BADLIC,duplicate_provider_id
P013386,Doctor and Sons,Pediatrics,Jaipur,Punjab,XXXXX,BADLIC,duplicate_provider_id
P026229,Deep-Sane,OBGYN,Shahjahanpur,Haryana,XXXXX,BADLIC,duplicate_provider_id
P003536,"Nair, Ahluwalia and Kakar",Oncology,Vasai-Virar,Karnataka,XXXXX,BADLIC,duplicate_provider_id
P017626,Seth Ltd,ENT,Gandhinagar,West Bengal,275145438,LIC382072,duplicate_provider_id
P005653,Pai Group,Pediatrics,Anantapur,Telangana,XXXXX,BADLIC,duplicate_provider_id
P024823,Palla-Loyal,ENT,Sri Ganganagar,Madhya Pradesh,831749340,LIC164441,duplicate_provider_id
P001574,Prasad Inc,Neurology,Bharatpur,Nagaland,200596478,LIC563160,duplicate_provider_id
P023737,Bhatti and Sons,General Medicine,Chinsurah,Manipur,XXXXX,BADLIC,duplicate_provider_id
P022808,Narula LLC,Dermatology,Muzaffarpur,Chhattisgarh,XXXXX,BADLIC,duplicate_provider_id
P027776,Morar Inc,ENT,Bidar,Assam,XXXXX,BADLIC,duplicate_provider_id
P032369,"Bera, Warrior and Bahl",Neurology,Guna,Bihar,111038071,LIC685886,duplicate_provider_id
P007378,Sundaram and Sons,ENT,Mathura,Himachal Pradesh,519048633,LIC968041,duplicate_provider_id
P030722,Loyal-Trivedi,OBGYN,Bareilly,Odisha,XXXXX,BADLIC,duplicate_provider_id
P016785,"Mishra, Bawa and Ramachandran",General Medicine,Kurnool,Sikkim,502877118,LIC580169,duplicate_provider_id
P003997,Nagarajan-Balakrishnan,ENT,Durg,Haryana,256856846,LIC838915,duplicate_provider_id
P026111,"Ranganathan, Modi and Ganguly",OBGYN,Kozhikode,Odisha,XXXXX,BADLIC,duplicate_provider_id
P005265,"Lad, Jaggi and Krishnan",Cardiology,Mangalore,Punjab,XXXXX,BADLIC,duplicate_provider_id
P027768,Kara-Kibe,Oncology,Solapur,Telangana,XXXXX,BADLIC,duplicate_provider_id
P004239,Dutta-Parikh,General Medicine,Purnia,Madhya Pradesh,XXXXX,BADLIC,duplicate_provider_id
P019066,Ahuja PLC,Cardiology,Buxar,Gujarat,XXXXX,BADLIC,duplicate_provider_id
P026815,Rau-Ramanathan,Urology,Aligarh,Odisha,440354807,LIC952112,duplicate_provider_id
P031990,Pingle Ltd,General Medicine,Adoni,Maharashtra,XXXXX,BADLIC,duplicate_provider_id
P003034,"Nagi, Sandhu and Badal",OBGYN,Nellore,Odisha,702123650,LIC138448,duplicate_provider_id
P000942,"Narang, Ray and Sheth",Cardiology,Belgaum,Assam,539892364,LIC131993,duplicate_provider_id
P027753,Bajaj-Kari,Oncology,Nangloi Jat,Tripura,647079904,LIC506798,duplicate_provider_id
P024412,Kale and Sons,General Medicine,Mehsana,Kerala,XXXXX,BADLIC,duplicate_provider_id
P005483,"Dhillon, Sahota and Shetty",Dermatology,Vadodara,Meghalaya,100615498,LIC207866,duplicate_provider_id
P022870,Ratta-Purohit,Orthopedics,Gaya,Telangana,269463098,LIC312421,duplicate_provider_id
P028574,"Cheema, Gade and Bose",ENT,Morena,Punjab,350832543,LIC867746,duplicate_provider_id
P013486,Issac-Som,Neurology,Hyderabad,Sikkim,XXXXX,BADLIC,duplicate_provider_id
P025416,Sarma Inc,Orthopedics,Malda,Madhya Pradesh,474541745,LIC650447,duplicate_provider_id
P007744,Nayak LLC,Pediatrics,Kavali,Madhya Pradesh,XXXXX,BADLIC,duplicate_provider_id
P026903,Kumar PLC,Neurology,Tenali,Assam,XXXXX,BADLIC,duplicate_provider_id
P010429,"Mitter, Nath and Sampath",Urology,Howrah,Chhattisgarh,XXXXX,BADLIC,duplicate_provider_id
P005516,Samra LLC,General Medicine,Tadipatri,Odisha,506220983,LIC122849,duplicate_provider_id
P017342,"Kuruvilla, Parsa and Bains",Cardiology,Kulti,Bihar,758322301,LIC536660,duplicate_provider_id
P024147,Jayaraman and Sons,ENT,Bhagalpur,Kerala,XXXXX,BADLIC,duplicate_provider_id
P030517,"Kurian, Swaminathan and Basak",Oncology,Haridwar,Mizoram,834955161,LIC746700,duplicate_provider_id
P030810,Talwar PLC,ENT,Patiala,Jharkhand,279341430,LIC369010,duplicate_provider_id
P004817,Srinivas LLC,Orthopedics,Gurgaon,Uttar Pradesh,XXXXX,BADLIC,duplicate_provider_id
P033153,Gera-Dhillon,General Medicine,Mira-Bhayandar,Telangana,739393742,LIC190660,duplicate_provider_id
P013882,Hegde-Puri,Urology,Shahjahanpur,Gujarat,XXXXX,BADLIC,duplicate_provider_id
P013664,"Apte, Kant and Bose",ENT,Singrauli,Madhya Pradesh,XXXXX,BADLIC,duplicate_provider_id
P029491,Nagar and Sons,Pediatrics,Jamnagar,Rajasthan,224823866,LIC992146,duplicate_provider_id
P009418,Kale Group,Urology,Sasaram,Maharashtra,XXXXX,BADLIC,duplicate_provider_id
P029221,Biswas-Sengupta,OBGYN,Jalna,Rajasthan,XXXXX,BADLIC,duplicate_provider_id
P009259,Solanki-Chacko,General Medicine,Amroha,Meghalaya,XXXXX,BADLIC,duplicate_provider_id
P008661,Kant Group,Orthopedics,Saharsa,Manipur,XXXXX,BADLIC,duplicate_provider_id
P006913,"Naidu, Tandon and Saha",Dermatology,North Dumdum,Kerala,XXXXX,BADLIC,duplicate_provider_id
P033107,Sankaran Inc,Dermatology,Durg,Mizoram,XXXXX,BADLIC,duplicate_provider_id
P015170,"Tata, Yohannan and Patla",OBGYN,Pudukkottai,Uttar Pradesh,691936449,LIC657097,duplicate_provider_id
P020530,Cheema-Pandit,Oncology,Panchkula,Uttarakhand,634358394,LIC306649,duplicate_provider_id
P003036,Bansal-Bhatnagar,General Medicine,Mango,Sikkim,XXXXX,BADLIC,duplicate_provider_id
P034487,"Sheth, Nair and Naidu",ENT,Srikakulam,Tripura,XXXXX,BADLIC,duplicate_provider_id
P025295,Kakar Ltd,Urology,Jorhat,Kerala,491159516,LIC637403,duplicate_provider_id
P020927,Amble-Sundaram,ENT,Gulbarga,Telangana,XXXXX,BADLIC,duplicate_provider_id
P033487,Iyer-Bajwa,Neurology,Bilaspur,Madhya Pradesh,XXXXX,BADLIC,duplicate_provider_id
P005333,Gopal Inc,OBGYN,Bhavnagar,Telangana,XXXXX,BADLIC,duplicate_provider_id
P008233,Kadakia Inc,OBGYN,Bhagalpur,Assam,XXXXX,BADLIC,duplicate_provider_id
P006696,"Kohli, Vala and Trivedi",Urology,Bidar,Manipur,904656511,LIC818176,duplicate_provider_id
P007436,Vaidya PLC,Orthopedics,Barasat,Punjab,XXXXX,BADLIC,duplicate_provider_id
P007771,Sachdev Inc,,Sambhal,Karnataka,XXXXX,BADLIC,missing_specialty
P029862,Babu PLC,,Vijayawada,Mizoram,XXXXX,BADLIC,missing_specialty
P014537,Sarin and Sons,,Mango,Madhya Pradesh,XXXXX,BADLIC,missing_specialty
P036427,"Chaudhary, Bhasin and Batra",,Panchkula,Chhattisgarh,XXXXX,BADLIC,missing_specialty
P037652,Munshi and Sons,,Vijayanagaram,Uttarakhand,XXXXX,BADLIC,missing_specialty
P036771,Vaidya-Sama,,Akola,Himachal Pradesh,XXXXX,BADLIC,missing_specialty
P035195,Madan Inc,,Dibrugarh,Manipur,XXXXX,BADLIC,missing_specialty
P037044,"Bahri, Grewal and Seshadri",,Amaravati,Uttarakhand,XXXXX,BADLIC,missing_specialty
P014783,Sheth-Sibal,,Amritsar,Odisha,XXXXX,BADLIC,missing_specialty
P038961,Bahri-Tank,,Rajpur Sonarpur,Sikkim,XXXXX,BADLIC,missing_specialty
P039994,Mander-Ranganathan,,Serampore,Assam,XXXXX,BADLIC,missing_specialty
P036207,Mutti-Dhar,,Tezpur,Mizoram,XXXXX,BADLIC,missing_specialty
P037564,Khalsa-Rastogi,,Katihar,Maharashtra,XXXXX,BADLIC,missing_specialty
P019166,"Shan, Nair and Badami",,Allahabad,Assam,XXXXX,BADLIC,missing_specialty
P015641,"Mandal, Subramaniam and Pandey",,Nizamabad,Gujarat,XXXXX,BADLIC,missing_specialty
P037552,"Nagarajan, Sastry and Sachdev",,Phusro,Tamil Nadu,XXXXX,BADLIC,missing_specialty
P007642,Bhatnagar Inc,,Thoothukudi,Karnataka,XXXXX,BADLIC,missing_specialty
P039083,Dixit-Bassi,,Kanpur,Karnataka,XXXXX,BADLIC,missing_specialty
P035671,Badal-Dash,,Pallavaram,Nagaland,XXXXX,BADLIC,missing_specialty
P024650,Grewal Ltd,,Pudukkottai,Manipur,XXXXX,BADLIC,missing_specialty
P035659,Sarkar Inc,,Bilaspur,West Bengal,XXXXX,BADLIC,missing_specialty
P002020,Sarin-Prashad,,Khora ,Odisha,XXXXX,BADLIC,missing_specialty
P021776,Behl-Peri,,Madanapalle,Andhra Pradesh,XXXXX,BADLIC,missing_specialty
P036617,Saha Ltd,,Bhind,Kerala,XXXXX,BADLIC,missing_specialty
P036186,"Kala, Biswas and Som",,Shivpuri,Nagaland,XXXXX,BADLIC,missing_specialty
P038376,Lanka-Andra,,Guntakal,Assam,XXXXX,BADLIC,missing_specialty
P038371,Bhasin-Chaudry,,Rajahmundry,Mizoram,XXXXX,BADLIC,missing_specialty
P036739,Bhagat Group,,Jodhpur,Uttar Pradesh,XXXXX,BADLIC,missing_specialty
P037454,"Bansal, Bobal and Andra",,Anantapur,Himachal Pradesh,XXXXX,BADLIC,missing_specialty
P035539,Pandey Ltd,,Ramgarh,Himachal Pradesh,XXXXX,BADLIC,missing_specialty
P035598,"Kulkarni, Mohan and Sawhney",,Patiala,Gujarat,XXXXX,BADLIC,missing_specialty
P032616,Varughese-Arya,,Agra,Punjab,XXXXX,BADLIC,missing_specialty
P014574,Bhardwaj Inc,,Gorakhpur,Tripura,XXXXX,BADLIC,missing_specialty
P038637,"Mitter, Bahri and Agarwal",,Meerut,Odisha,XXXXX,BADLIC,missing_specialty
P036733,Grover Inc,,Kumbakonam,Punjab,XXXXX,BADLIC,missing_specialty
P001889,Warrior Group,,Jalna,Himachal Pradesh,XXXXX,BADLIC,missing_specialty
P039703,Rege Group,,Katni,Gujarat,XXXXX,BADLIC,missing_specialty
P014998,Banik Inc,,Dehradun,Madhya Pradesh,XXXXX,BADLIC,missing_specialty
P037539,Radhakrishnan-Bail,,Mau,Karnataka,XXXXX,BADLIC,missing_specialty
P039038,Jain-Sangha,,Dindigul,Nagaland,XXXXX,BADLIC,missing_specialty
P035308,"Wali, Misra and Gopal",,Kulti,Chhattisgarh,XXXXX,BADLIC,missing_specialty
P020285,Wadhwa Group,,Dewas,Meghalaya,XXXXX,BADLIC,missing_specialty
P035867,"Shan, Nair and Badami",,Mirzapur,Himachal Pradesh,XXXXX,BADLIC,missing_specialty
P037423,Prashad Inc,,Bikaner,Telangana,XXXXX,BADLIC,missing_specialty
P020250,Krishnamurthy and Sons,,Kavali,Sikkim,XXXXX,BADLIC,missing_specialty
P038638,"Dugal, Panchal and Palla",,Saharanpur,Tripura,XXXXX,BADLIC,missing_specialty
P036754,Parmer-Dube,,Rewa,Andhra Pradesh,XXXXX,BADLIC,missing_specialty
P038687,Rana-Gokhale,,Ghaziabad,Punjab,XXXXX,BADLIC,missing_specialty
P036976,Jhaveri-Mohan,,Aligarh,Meghalaya,XXXXX,BADLIC,missing_specialty
P037465,"Krish, Basu and Palla",,Sonipat,Odisha,XXXXX,BADLIC,missing_specialty
P036440,"Bali, Chana and Kibe",,Guwahati,Bihar,XXXXX,BADLIC,missing_specialty
P039716,Puri-Cherian,,Madhyamgram,Kerala,XXXXX,BADLIC,missing_specialty
P029384,"Vasa, Sarraf and Pai",,Muzaffarpur,Telangana,XXXXX,BADLIC,missing_specialty
P035134,"Mukherjee, Chaudry and Bava",,Fatehpur,Assam,XXXXX,BADLIC,missing_specialty
P039790,Dubey-Sridhar,,Bally,Maharashtra,XXXXX,BADLIC,missing_specialty
P036889,Kamdar and Sons,,Bharatpur,Madhya Pradesh,XXXXX,BADLIC,missing_specialty
P038622,"Brar, Parikh and Desai",,Mau,Tripura,XXXXX,BADLIC,missing_specialty
P036292,Parekh-Raghavan,,Bhiwani,Manipur,XXXXX,BADLIC,missing_specialty
P037655,Das-Bera,,Ulhasnagar,Karnataka,XXXXX,BADLIC,missing_specialty
P029263,Chad-Chowdhury,,Gandhinagar,Tripura,XXXXX,BADLIC,missing_specialty
P039428,Bakshi Ltd,,Sikar,Assam,XXXXX,BADLIC,missing_specialty
P035609,"Chokshi, Goyal and Ganesan",,Anantapuram,Sikkim,XXXXX,BADLIC,missing_specialty
P028598,"Virk, Lad and Andra",,Bhalswa Jahangir Pur,Punjab,XXXXX,BADLIC,missing_specialty
P010752,Rajagopalan Group,,Dibrugarh,Meghalaya,XXXXX,BADLIC,missing_specialty
P035217,"Oza, Pandey and Zacharia",,Nanded,Goa,XXXXX,BADLIC,missing_specialty
P039975,Batta and Sons,,Bhopal,Meghalaya,XXXXX,BADLIC,missing_specialty
P039951,Devi Ltd,,Muzaffarnagar,Himachal Pradesh,XXXXX,BADLIC,missing_specialty
P038177,"Rout, Sehgal and Ganesh",,Loni,Meghalaya,XXXXX,BADLIC,missing_specialty
P036258,Sharaf-Pai,,Silchar,Assam,XXXXX,BADLIC,missing_specialty
P037429,Balan and Sons,,Alappuzha,Nagaland,XXXXX,BADLIC,missing_specialty
P035082,"Dhar, Loke and Barad",,Jamalpur,Gujarat,XXXXX,BADLIC,missing_specialty
P001479,"Kaul, Batta and Kant",,Dehradun,Bihar,XXXXX,BADLIC,missing_specialty
P038537,"Sridhar, Ramanathan and Shankar",,Tadipatri,Bihar,XXXXX,BADLIC,missing_specialty
P032109,Ray Group,,Raipur,Meghalaya,XXXXX,BADLIC,missing_specialty
P007818,"Pal, Chada and Deshmukh",,Purnia,Madhya Pradesh,XXXXX,BADLIC,missing_specialty
P031481,Munshi-Solanki,,Bulandshahr,Andhra Pradesh,XXXXX,BADLIC,missing_specialty
P019493,Nagar and Sons,,Ujjain,Tripura,XXXXX,BADLIC,missing_specialty
P038514,"Iyer, Aurora and Wali",,Panihati,Jharkhand,XXXXX,BADLIC,missing_specialty
P036172,Barad Inc,,Ghaziabad,West Bengal,XXXXX,BADLIC,missing_specialty
P039602,"Som, Joshi and Wadhwa",,Mau,Mizoram,XXXXX,BADLIC,missing_specialty
P026675,Parekh-Singhal,,Morbi,Haryana,XXXXX,BADLIC,missing_specialty
P037857,"Dhaliwal, Sankar and Sama",,Gudivada,Jharkhand,XXXXX,BADLIC,missing_specialty
P037504,Joshi Group,,Guwahati,Maharashtra,XXXXX,BADLIC,missing_specialty
P037893,Dey-Kibe,,Bidhannagar,Meghalaya,XXXXX,BADLIC,missing_specialty
P006206,Kanda PLC,,Raiganj,Odisha,XXXXX,BADLIC,missing_specialty
P024903,"Wali, Dara and Behl",,Madurai,Telangana,XXXXX,BADLIC,missing_specialty
P034941,"Wali, Gole and Rege",,Giridih,Telangana,XXXXX,BADLIC,missing_specialty
P036485,"Som, Rao and Gola",,Karimnagar,Tamil Nadu,XXXXX,BADLIC,missing_specialty
P035183,"Pillay, Ganesh and Krishna",,Gwalior,Haryana,XXXXX,BADLIC,missing_specialty
P009043,Subramanian-Gokhale,,Dhanbad,Punjab,XXXXX,BADLIC,missing_specialty
P035854,Varghese-Parsa,,Kulti,Uttarakhand,XXXXX,BADLIC,missing_specialty
P038542,Hayer Ltd,,Amravati,Uttar Pradesh,XXXXX,BADLIC,missing_specialty
P003851,Rout-Aurora,,Tenali,Goa,XXXXX,BADLIC,missing_specialty
P038355,Bose Ltd,,Madanapalle,Arunachal Pradesh,XXXXX,BADLIC,missing_specialty
P003767,"Warrior, Kothari and Kapur",,Dindigul,Nagaland,XXXXX,BADLIC,missing_specialty
P002593,"Bhat, Lal and Deo",,Panipat,Sikkim,XXXXX,BADLIC,missing_specialty
P035123,Kothari-Bhakta,,Ludhiana,Madhya Pradesh,XXXXX,BADLIC,missing_specialty
P038832,Bhargava-Wadhwa,,Bhopal,Telangana,XXXXX,BADLIC,missing_specialty
P038090,Sahni-Karpe,,Rajpur Sonarpur,Tamil Nadu,XXXXX,BADLIC,missing_specialty
P036121,Rout-Pillay,,Ambarnath,Nagaland,XXXXX,BADLIC,missing_specialty
P038697,Bhatt Inc,,Phagwara,Maharashtra,XXXXX,BADLIC,missing_specialty
P035242,Mukherjee PLC,,Haldia,Jharkhand,XXXXX,BADLIC,missing_specialty
P038527,Hegde-Chand,,Tadepalligudem,Gujarat,XXXXX,BADLIC,missing_specialty
P022600,Guha-Baral,,Warangal,Nagaland,XXXXX,BADLIC,missing_specialty
P036982,Hari LLC,,Tezpur,Assam,XXXXX,BADLIC,missing_specialty
P038649,Brahmbhatt-Palla,,Madhyamgram,Punjab,XXXXX,BADLIC,missing_specialty
P035849,Chakrabarti-Tandon,,Faridabad,Rajasthan,XXXXX,BADLIC,missing_specialty
P031858,"Vyas, Dhawan and Murthy",,Anantapur,Telangana,XXXXX,BADLIC,missing_specialty
P037262,Kamdar-Rai,,Chandigarh,Arunachal Pradesh,XXXXX,BADLIC,missing_specialty
P039398,"Chana, Sunder and Randhawa",,Pali,Assam,XXXXX,BADLIC,missing_specialty
P038346,"Banerjee, Khurana and Rau",,Junagadh,Tamil Nadu,XXXXX,BADLIC,missing_specialty
P035275,Tara-Sama,,Etawah,Uttarakhand,XXXXX,BADLIC,missing_specialty
P039677,Dara LLC,,Agartala,Punjab,XXXXX,BADLIC,missing_specialty
P035558,"Chadha, Shenoy and Prakash",,Karimnagar,Tamil Nadu,XXXXX,BADLIC,missing_specialty
P037278,Nath Inc,,Guna,Madhya Pradesh,XXXXX,BADLIC,missing_specialty
P038946,Anne-Sengupta,,Tiruvottiyur,Andhra Pradesh,XXXXX,BADLIC,missing_specialty
P039290,Master-Sha,,Guntur,West Bengal,XXXXX,BADLIC,missing_specialty
P007698,"Mall, Sur and Sarin",,Kadapa,West Bengal,XXXXX,BADLIC,missing_specialty
P036765,Ramakrishnan-Palan,,Gangtok,Sikkim,XXXXX,BADLIC,missing_specialty
P039831,Deol-Loke,,Rampur,Mizoram,XXXXX,BADLIC,missing_specialty
P038991,Rajan-Memon,,Unnao,Goa,XXXXX,BADLIC,missing_specialty
P038476,Ram-Warrior,,Khandwa,Gujarat,XXXXX,BADLIC,missing_specialty
P037073,"Cheema, Kota and Baral",,Jalandhar,West Bengal,XXXXX,BADLIC,missing_specialty
P038280,Aurora-Khatri,,Durg,Tripura,XXXXX,BADLIC,missing_specialty
P036530,Edwin-Bath,,Siwan,Uttarakhand,XXXXX,BADLIC,missing_specialty
P036919,Kaul PLC,,Amritsar,Maharashtra,XXXXX,BADLIC,missing_specialty
P037669,Hans-Manne,,Malegaon,Telangana,XXXXX,BADLIC,missing_specialty
P033096,Behl Inc,,Bhagalpur,Tripura,XXXXX,BADLIC,missing_specialty
P027739,Joshi Ltd,,Erode,Rajasthan,XXXXX,BADLIC,missing_specialty
P036898,Raman LLC,,Satna,Manipur,XXXXX,BADLIC,missing_specialty
P020146,Rajagopal and Sons,,Mangalore,West Bengal,XXXXX,BADLIC,missing_specialty
P037359,Srinivasan-Menon,,Akola,Punjab,XXXXX,BADLIC,missing_specialty
P035653,"Dhawan, Natt and Brahmbhatt",,Durg,Gujarat,XXXXX,BADLIC,missing_specialty
P039746,Johal-Basu,,Pali,Rajasthan,XXXXX,BADLIC,missing_specialty
P000645,"Dhar, Bhargava and Kibe",,Buxar,Uttar Pradesh,XXXXX,BADLIC,missing_specialty
P037127,"Patla, Manne and Bassi",,Nagpur,Punjab,XXXXX,BADLIC,missing_specialty
P037957,Dyal LLC,,Karawal Nagar,Uttar Pradesh,XXXXX,BADLIC,missing_specialty
P037480,Rai Inc,,Amaravati,Tamil Nadu,XXXXX,BADLIC,missing_specialty
P033323,"Dar, Varughese and Char",,Thane,Gujarat,XXXXX,BADLIC,missing_specialty
P038828,Raman-Badal,,Kochi,Kerala,XXXXX,BADLIC,missing_specialty
P038149,Ramanathan-Lalla,,Bharatpur,Punjab,XXXXX,BADLIC,missing_specialty
P038482,Upadhyay LLC,,Latur,Assam,XXXXX,BADLIC,missing_specialty
P038267,Shanker-Roy,,Kolkata,Assam,XXXXX,BADLIC,missing_specialty
P038455,Sodhi Ltd,,Jalna,Rajasthan,XXXXX,BADLIC,missing_specialty
P035067,Rai-Koshy,,Kamarhati,Rajasthan,XXXXX,BADLIC,missing_specialty
P005064,"Batta, Dua and Bhatnagar",,Hazaribagh,Tripura,XXXXX,BADLIC,missing_specialty
P029408,"Ratti, Keer and Edwin",,Ranchi,Haryana,XXXXX,BADLIC,missing_specialty
P038929,Sampath-Gokhale,,Tadepalligudem,Mizoram,XXXXX,BADLIC,missing_specialty
P039965,Kadakia LLC,,Solapur,Karnataka,XXXXX,BADLIC,missing_specialty
P038952,"Dewan, Chakraborty and Sachdeva",,Jaipur,Andhra Pradesh,XXXXX,BADLIC,missing_specialty
P012463,Magar-Keer,,Ozhukarai,Maharashtra,XXXXX,BADLIC,missing_specialty
P039073,Gola-Dugal,,Agartala,Tripura,XXXXX,BADLIC,missing_specialty
P036395,Iyer Inc,,Bhimavaram,Kerala,XXXXX,BADLIC,missing_specialty
P037636,Jayaraman-Parekh,,Pimpri-Chinchwad,Assam,XXXXX,BADLIC,missing_specialty
P037953,Palan Inc,,Amaravati,Madhya Pradesh,XXXXX,BADLIC,missing_specialty
P036334,Chanda Group,,Nangloi Jat,Karnataka,XXXXX,BADLIC,missing_specialty
P038837,"Kulkarni, Hans and Kamdar",,Jammu,Karnataka,XXXXX,BADLIC,missing_specialty
P038107,Mannan-Bava,,Mira-Bhayandar,Assam,XXXXX,BADLIC,missing_specialty
P038286,Mannan-Bava,,Bardhaman,West Bengal,XXXXX,BADLIC,missing_specialty
P037906,Vasa-Date,,Phusro,Mizoram,XXXXX,BADLIC,missing_specialty
P039173,"Choudhry, Prashad and Toor",,Buxar,Jharkhand,XXXXX,BADLIC,missing_specialty
P036957,"Char, Hayer and Dara",,Karimnagar,Madhya Pradesh,XXXXX,BADLIC,missing_specialty
P037255,Mukherjee-Yadav,,Bhalswa Jahangir Pur,Uttar Pradesh,XXXXX,BADLIC,missing_specialty
P038433,Pillai-Patla,,Jamnagar,Arunachal Pradesh,XXXXX,BADLIC,missing_specialty
P035392,Mitter-Madan,,Tirunelveli,Gujarat,XXXXX,BADLIC,missing_specialty
P035790,Manda-Palan,,Muzaffarpur,Goa,XXXXX,BADLIC,missing_specialty
P018112,"Thaker, Char and Mander",,Mira-Bhayandar,Karnataka,XXXXX,BADLIC,missing_specialty
P035641,"Sangha, Mangal and Bobal",,Imphal,Karnataka,XXXXX,BADLIC,missing_specialty
P038640,"Korpal, Joshi and Thaman",,Rajkot,Haryana,XXXXX,BADLIC,missing_specialty
P036839,Choudhry Ltd,,Malegaon,Assam,XXXXX,BADLIC,missing_specialty
P013901,"Korpal, Mohan and Sahni",,Malda,Karnataka,XXXXX,BADLIC,missing_specialty
P036108,Amble Ltd,,Sambhal,Himachal Pradesh,XXXXX,BADLIC,missing_specialty
P006348,Sem-Prashad,,Ichalkaranji,Goa,XXXXX,BADLIC,missing_specialty
P036006,"Mohan, Hans and Soman",,Karnal,Uttarakhand,XXXXX,BADLIC,missing_specialty
P036565,"Khare, Thaman and Sule",,Alappuzha,Odisha,XXXXX,BADLIC,missing_specialty
P039829,"Bahl, Patla and Gera",,Bhalswa Jahangir Pur,Nagaland,XXXXX,BADLIC,missing_specialty
P038134,Ratta-Mistry,,Hindupur,Maharashtra,XXXXX,BADLIC,missing_specialty
P036712,"Goda, Dara and Kaur",,Parbhani,West Bengal,XXXXX,BADLIC,missing_specialty
P011019,Luthra Group,,Bharatpur,Madhya Pradesh,XXXXX,BADLIC,missing_specialty
P014311,"Saran, Pandya and Pandey",,Rohtak,Andhra Pradesh,XXXXX,BADLIC,missing_specialty
P035562,Warrior Group,,Fatehpur,Telangana,XXXXX,BADLIC,missing_specialty
P035099,"Pandey, Soman and Panchal",,Chittoor,Assam,XXXXX,BADLIC,missing_specialty
P039190,Sinha-Kumer,,Orai,Haryana,XXXXX,BADLIC,missing_specialty
P005230,Sodhi LLC,,Nagaon,Meghalaya,XXXXX,BADLIC,missing_specialty
P038028,Sunder-Modi,,Thanjavur,Nagaland,XXXXX,BADLIC,missing_specialty
P039489,Sundaram Ltd,,Sonipat,Haryana,XXXXX,BADLIC,missing_specialty
P035471,"Sodhi, Varkey and Magar",,Junagadh,West Bengal,XXXXX,BADLIC,missing_specialty
P012006,Murty Ltd,,Karimnagar,Andhra Pradesh,XXXXX,BADLIC,missing_specialty
P036337,Kumer PLC,,Srikakulam,Karnataka,XXXXX,BADLIC,missing_specialty
P037199,Chopra-Bawa,,Saharanpur,Tamil Nadu,XXXXX,BADLIC,missing_specialty
P037353,Das and Sons,,Chapra,Madhya Pradesh,XXXXX,BADLIC,missing_specialty
P032105,Mann-Zacharia,,Moradabad,Odisha,XXXXX,BADLIC,missing_specialty
P035375,Bawa Group,,Karimnagar,Haryana,XXXXX,BADLIC,missing_specialty
P037976,Bhargava-Kashyap,,Ahmedabad,Andhra Pradesh,XXXXX,BADLIC,missing_specialty
P035050,"Sachdev, Karan and Bail",,Malegaon,Uttarakhand,XXXXX,BADLIC,missing_specialty
P035466,"Seshadri, Sundaram and Bhargava",,Ballia,Odisha,XXXXX,BADLIC,missing_specialty
P038999,Chawla PLC,,Mira-Bhayandar,Gujarat,XXXXX,BADLIC,missing_specialty
P039661,"Vora, Lall and Prashad",,Kharagpur,Himachal Pradesh,XXXXX,BADLIC,missing_specialty
P039177,Pillay-Vala,,Proddatur,Punjab,XXXXX,BADLIC,missing_specialty
P039011,"Palan, Keer and Char",,Nagaon,Tripura,XXXXX,BADLIC,missing_specialty
P039214,"Karnik, Gala and Thakur",,Ahmedabad,Manipur,XXXXX,BADLIC,missing_specialty
P035745,Subramaniam Ltd,,Eluru,Tripura,XXXXX,BADLIC,missing_specialty
P001463,Dhingra PLC,,Bally,Odisha,XXXXX,BADLIC,missing_specialty
P039738,"Sem, Pandit and Mann",,Srikakulam,Kerala,XXXXX,BADLIC,missing_specialty
P016163,Kapur Ltd,,Kishanganj,Nagaland,XXXXX,BADLIC,missing_specialty
P020176,Saini-Varkey,,Khandwa,Rajasthan,XXXXX,BADLIC,missing_specialty
P037019,Mane-Dhawan,,Jalandhar,Madhya Pradesh,XXXXX,BADLIC,missing_specialty
P035484,Thaman-Walla,,Kurnool,Haryana,XXXXX,BADLIC,missing_specialty
P038478,"Agarwal, Varughese and Wadhwa",,Hyderabad,Uttar Pradesh,XXXXX,BADLIC,missing_specialty
P039174,"Purohit, Barman and Babu",,Dehradun,Bihar,XXXXX,BADLIC,missing_specialty
P038145,Parmar Group,,Pondicherry,West Bengal,XXXXX,BADLIC,missing_specialty
P035368,Chahal PLC,,Mysore,Madhya Pradesh,XXXXX,BADLIC,missing_specialty
P038462,Oza-Thakkar,,Thoothukudi,Himachal Pradesh,XXXXX,BADLIC,missing_specialty
P036721,"Konda, Nazareth and Chacko",,Pondicherry,Gujarat,XXXXX,BADLIC,missing_specialty
P015797,"Kanda, Deep and Bobal",,Mau,Jharkhand,XXXXX,BADLIC,missing_specialty
P035903,Kumer-Cheema,,Satara,Haryana,XXXXX,BADLIC,missing_specialty
P038064,Viswanathan-Borra,,Rajpur Sonarpur,Andhra Pradesh,XXXXX,BADLIC,missing_specialty
P037507,"Dash, Sharma and Sarma",,Anand,Nagaland,XXXXX,BADLIC,missing_specialty
P002690,Kota and Sons,,Pali,Assam,XXXXX,BADLIC,missing_specialty
P035537,"Magar, Bumb and Palla",,Tiruvottiyur,Assam,XXXXX,BADLIC,missing_specialty
P039033,Chopra-Bawa,,Tenali,Punjab,XXXXX,BADLIC,missing_specialty
P029599,Joshi Group,,Dehradun,Haryana,XXXXX,BADLIC,missing_specialty
P038161,Pant Inc,,Kozhikode,Rajasthan,XXXXX,BADLIC,missing_specialty
P036168,Ranganathan Inc,,Amaravati,Madhya Pradesh,XXXXX,BADLIC,missing_specialty
P039089,"Thaman, Baral and Ramanathan",,Rajahmundry,Sikkim,XXXXX,BADLIC,missing_specialty
P022616,Sahota-Murthy,,Ramagundam,Odisha,XXXXX,BADLIC,missing_specialty
P039638,"Dyal, Banerjee and Gade",,Durg,Maharashtra,XXXXX,BADLIC,missing_specialty
P038051,"Vaidya, Mittal and Misra",,Gorakhpur,Karnataka,XXXXX,BADLIC,missing_specialty
P027287,"Palla, Gaba and Pal",,Munger,West Bengal,XXXXX,BADLIC,missing_specialty
P038368,Pai-Rama,,Tiruchirappalli,Odisha,XXXXX,BADLIC,missing_specialty
P039912,Rattan-Balakrishnan,,Kadapa,Telangana,XXXXX,BADLIC,missing_specialty
P012086,"Rajan, Kothari and Sama",,Gudivada,West Bengal,XXXXX,BADLIC,missing_specialty
P025162,Dutta-Chander,,Agartala,Assam,XXXXX,BADLIC,missing_specialty
P019098,Gokhale-Lall,,Dindigul,Madhya Pradesh,XXXXX,BADLIC,missing_specialty
P038144,Khosla Inc,,Khora ,Punjab,XXXXX,BADLIC,missing_specialty
P036314,Memon-Balasubramanian,,South Dumdum,Punjab,XXXXX,BADLIC,missing_specialty
P038764,Soman-Ramanathan,,Gandhidham,West Bengal,XXXXX,BADLIC,missing_specialty
P039276,Bakshi-Shankar,,Karimnagar,Rajasthan,XXXXX,BADLIC,missing_specialty
P037125,Sodhi Inc,,Ujjain,Chhattisgarh,XXXXX,BADLIC,missing_specialty
P038019,"Bhagat, Kadakia and Jha",,Hubli–Dharwad,Mizoram,XXXXX,BADLIC,missing_specialty
P002127,"Sathe, Oza and Gour",,Nizamabad,Sikkim,XXXXX,BADLIC,missing_specialty
P038098,Doctor and Sons,,Thoothukudi,Andhra Pradesh,XXXXX,BADLIC,missing_specialty
P038457,Lata-Dara,,Kharagpur,Mizoram,XXXXX,BADLIC,missing_specialty
P037838,Madan-Soni,,Vadodara,Himachal Pradesh,XXXXX,BADLIC,missing_specialty
P038957,Yadav-Ravel,,Rewa,Assam,XXXXX,BADLIC,missing_specialty
P009542,"Ganesh, Purohit and Borra",,Fatehpur,Gujarat,XXXXX,BADLIC,missing_specialty
P038753,Uppal-Tella,,Nagaon,Karnataka,XXXXX,BADLIC,missing_specialty
P018538,Nagi and Sons,,Madhyamgram,Goa,XXXXX,BADLIC,missing_specialty
P028537,Behl-Peri,,Gudivada,Chhattisgarh,XXXXX,BADLIC,missing_specialty
P036823,Agate LLC,,Mau,West Bengal,XXXXX,BADLIC,missing_specialty
P039641,Jain-Gaba,,Kanpur,Karnataka,XXXXX,BADLIC,missing_specialty
P037649,"Merchant, Jayaraman and Gara",,Mirzapur,Maharashtra,XXXXX,BADLIC,missing_specialty
P036178,Khalsa-Sule,,Mau,Maharashtra,XXXXX,BADLIC,missing_specialty
P039798,Jain-Ben,,Adoni,Assam,XXXXX,BADLIC,missing_specialty
P035859,Bala-Singhal,,Nizamabad,Uttarakhand,XXXXX,BADLIC,missing_specialty
P000760,Badami Ltd,,Ujjain,Maharashtra,XXXXX,BADLIC,missing_specialty
P029162,"Kaur, Dua and Yohannan",,Malda,Uttarakhand,XXXXX,BADLIC,missing_specialty
P037244,"Jani, Batta and Chakraborty",,Pallavaram,Kerala,XXXXX,BADLIC,missing_specialty
P036226,Banerjee and Sons,,Adoni,Odisha,XXXXX,BADLIC,missing_specialty
P038769,Suri Group,,Anantapur,Andhra Pradesh,XXXXX,BADLIC,missing_specialty
P037694,Baral-Varughese,,Secunderabad,Odisha,XXXXX,BADLIC,missing_specialty
P038630,"Yadav, Comar and Sridhar",,Allahabad,Rajasthan,XXXXX,BADLIC,missing_specialty
P038139,Yadav Inc,,Bilaspur,Mizoram,XXXXX,BADLIC,missing_specialty
P039931,"Narayanan, Chacko and Nazareth",,Khammam,Odisha,XXXXX,BADLIC,missing_specialty
P037980,Nadkarni LLC,,Kamarhati,Odisha,XXXXX,BADLIC,missing_specialty
P038048,"Chowdhury, Sandal and Rao",,Kota,Nagaland,XXXXX,BADLIC,missing_specialty
P008938,Balakrishnan-Parekh,,Malegaon,Tripura,XXXXX,BADLIC,missing_specialty
P039123,Virk-Ghose,,Etawah,Meghalaya,XXXXX,BADLIC,missing_specialty
P038498,Mand-Deo,,Sultan Pur Majra,Tamil Nadu,XXXXX,BADLIC,missing_specialty
P032957,"Chahal, Goswami and Goda",,Sonipat,Sikkim,XXXXX,BADLIC,missing_specialty
P036746,Mammen PLC,,Sagar,Gujarat,XXXXX,BADLIC,missing_specialty
P028786,"Bhalla, Bassi and Agarwal",,Aizawl,Haryana,XXXXX,BADLIC,missing_specialty
P036563,Kohli-Suresh,,Pudukkottai,Himachal Pradesh,XXXXX,BADLIC,missing_specialty
P029496,Badami-Wali,,Thoothukudi,Gujarat,XXXXX,BADLIC,missing_specialty
P035908,Rout-Prasad,,Unnao,Telangana,XXXXX,BADLIC,missing_specialty
P037791,"Mall, Sur and Sarin",,Kalyan-Dombivli,Sikkim,XXXXX,BADLIC,missing_specialty
P038550,"Dhillon, Majumdar and Chad",,Shivpuri,Jharkhand,XXXXX,BADLIC,missing_specialty
P036324,Kohli LLC,,Panihati,Tripura,XXXXX,BADLIC,missing_specialty
P032398,"Mangal, D’Alia and Chowdhury",,Ratlam,Himachal Pradesh,XXXXX,BADLIC,missing_specialty
P039646,Nagar-Mander,,Uluberia,Odisha,XXXXX,BADLIC,missing_specialty
P038848,Kant-Parmar,,Bidar,Assam,XXXXX,BADLIC,missing_specialty
P039678,"Tata, Kala and Krish",,Katihar,Manipur,XXXXX,BADLIC,missing_specialty
P035331,Dalal LLC,,Tadepalligudem,Madhya Pradesh,XXXXX,BADLIC,missing_specialty
P035820,Bhagat-Baria,,Gwalior,Tripura,XXXXX,BADLIC,missing_specialty
P039712,Madan Group,,Chennai,Karnataka,XXXXX,BADLIC,missing_specialty
P038450,Kunda and Sons,,Thiruvananthapuram,Maharashtra,XXXXX,BADLIC,missing_specialty
P035882,"Swaminathan, Vasa and Dugar",,Maheshtala,Assam,XXXXX,BADLIC,missing_specialty
P039448,Cherian PLC,,Mangalore,Madhya Pradesh,XXXXX,BADLIC,missing_specialty
P037941,"Contractor, Rattan and Bava",,Satara,Mizoram,XXXXX,BADLIC,missing_specialty
P035989,"Sahota, Bath and Bir",,Bhilai,Gujarat,XXXXX,BADLIC,missing_specialty
P035428,Parmar-D’Alia,,Hazaribagh,Assam,XXXXX,BADLIC,missing_specialty
P036481,Dani Inc,,Karnal,Gujarat,XXXXX,BADLIC,missing_specialty
P036404,Sunder-Soni,,Junagadh,Karnataka,XXXXX,BADLIC,missing_specialty
P039305,Edwin-Dave,,Bhiwani,Karnataka,XXXXX,BADLIC,missing_specialty
P039648,Bobal PLC,,Rampur,Assam,XXXXX,BADLIC,missing_specialty
P035111,Murty Inc,,Jamnagar,Madhya Pradesh,XXXXX,BADLIC,missing_specialty
P036448,Gupta-Mody,,Pondicherry,Sikkim,XXXXX,BADLIC,missing_specialty
P012518,Rajan PLC,,Munger,Mizoram,XXXXX,BADLIC,missing_specialty
P036937,Dhingra LLC,,Vasai-Virar,Kerala,XXXXX,BADLIC,missing_specialty
P036265,"Bhasin, Karan and Ram",,Guna,Rajasthan,XXXXX,BADLIC,missing_specialty
P039519,Nagi and Sons,,Sambalpur,Madhya Pradesh,XXXXX,BADLIC,missing_specialty
P001373,Wali LLC,,Amritsar,Gujarat,XXXXX,BADLIC,missing_specialty
P038179,"Konda, Palan and Balay",,Vijayanagaram,Chhattisgarh,XXXXX,BADLIC,missing_specialty
P038932,Ben Inc,,Bhatpara,Assam,XXXXX,BADLIC,missing_specialty
P039479,Hora-Bhakta,,Alappuzha,Bihar,XXXXX,BADLIC,missing_specialty
P037656,Vaidya-Sama,,Pondicherry,Tripura,XXXXX,BADLIC,missing_specialty
P022770,"Kala, Basu and Kunda",,Nanded,Odisha,XXXXX,BADLIC,missing_specialty
P039517,"Bhatia, Shan and Goyal",,Rewa,Kerala,XXXXX,BADLIC,missing_specialty
P035033,Bal-Date,,Udupi,Karnataka,XXXXX,BADLIC,missing_specialty
P037946,Sheth-Rattan,,Kolhapur,West Bengal,XXXXX,BADLIC,missing_specialty
P036170,"Dugar, Sant and Khatri",,Orai,Haryana,XXXXX,BADLIC,missing_specialty
P037394,Bajaj PLC,,Rourkela,Andhra Pradesh,XXXXX,BADLIC,missing_specialty
P039162,Ray-Murthy,,Sikar,Manipur,XXXXX,BADLIC,missing_specialty
P038543,"Handa, Mann and Sankaran",,Aligarh,Madhya Pradesh,XXXXX,BADLIC,missing_specialty
P009534,"Kuruvilla, Sagar and Balasubramanian",,Farrukhabad,Gujarat,XXXXX,BADLIC,missing_specialty
P037207,"Tata, Sachdeva and Majumdar",,Surat,Madhya Pradesh,XXXXX,BADLIC,missing_specialty
P037321,"Mitter, Bahri and Agarwal",,Mango,Telangana,XXXXX,BADLIC,missing_specialty
P037440,Kapoor-Chatterjee,,Saharsa,Odisha,XXXXX,BADLIC,missing_specialty
P023461,Kalla-Vasa,,Kharagpur,Kerala,XXXXX,BADLIC,missing_specialty
P039296,"Kapadia, Dayal and Bandi",,Mahbubnagar,Manipur,XXXXX,BADLIC,missing_specialty
P009715,Devan-Bahri,,Anantapur,Haryana,XXXXX,BADLIC,missing_specialty
P036985,"Basak, Mannan and Solanki",,Aurangabad,Meghalaya,XXXXX,BADLIC,missing_specialty
P035756,Banerjee-Basak,,Hindupur,Assam,XXXXX,BADLIC,missing_specialty
P039003,"Sawhney, Saxena and Ramachandran",,Jehanabad,Uttar Pradesh,XXXXX,BADLIC,missing_specialty
P039963,Balan Inc,,Jalna,Gujarat,XXXXX,BADLIC,missing_specialty
P005796,Oak Ltd,,Rewa,Goa,XXXXX,BADLIC,missing_specialty
P035232,Minhas-Varty,,Kumbakonam,Odisha,XXXXX,BADLIC,missing_specialty
P038129,Pillay LLC,,Haldia,Maharashtra,XXXXX,BADLIC,missing_specialty
P038503,Borra-Kothari,,Agartala,Goa,XXXXX,BADLIC,missing_specialty
P028996,Balasubramanian Inc,,Vellore,Bihar,XXXXX,BADLIC,missing_specialty
P038009,Bansal LLC,,Berhampur,Maharashtra,XXXXX,BADLIC,missing_specialty
P038723,"Sem, Bajaj and Dyal",,Mehsana,Meghalaya,XXXXX,BADLIC,missing_specialty
P039523,Dani Inc,,Surendranagar Dudhrej,Chhattisgarh,XXXXX,BADLIC,missing_specialty
P038699,"Walia, Sachar and Dora",,Asansol,Bihar,XXXXX,BADLIC,missing_specialty
P028932,Ganguly-Borah,,Nagpur,Telangana,XXXXX,BADLIC,missing_specialty
P018909,"Thakur, Nori and Bobal",,Bhubaneswar,Rajasthan,XXXXX,BADLIC,missing_specialty
P039684,Wadhwa LLC,,Pune,Gujarat,XXXXX,BADLIC,missing_specialty
P013065,"Bansal, Gulati and Nayak",,Kochi,Himachal Pradesh,XXXXX,BADLIC,missing_specialty
P024612,Gokhale Group,,Chittoor,Uttar Pradesh,XXXXX,BADLIC,missing_specialty
P039368,"Shroff, Puri and Ray",,Nagercoil,Uttarakhand,XXXXX,BADLIC,missing_specialty
P029012,"Goswami, Mital and Choudhry",,Noida,Odisha,XXXXX,BADLIC,missing_specialty
P010086,Buch PLC,,Kanpur,Assam,XXXXX,BADLIC,missing_specialty
P039806,"Karnik, Ben and Karnik",,Chapra,Tripura,XXXXX,BADLIC,missing_specialty
P038095,Merchant-Aurora,,Muzaffarpur,Mizoram,XXXXX,BADLIC,missing_specialty
P007491,"Keer, Bhasin and Rana",,Khandwa,Arunachal Pradesh,XXXXX,BADLIC,missing_specialty
P035273,Mitter-Madan,,Kollam,Himachal Pradesh,XXXXX,BADLIC,missing_specialty
P038978,Venkatesh-Varty,,Shivpuri,Goa,XXXXX,BADLIC,missing_specialty
P016726,Dani Group,,Avadi,Tripura,XXXXX,BADLIC,missing_specialty
P038755,Khatri LLC,,Vellore,Meghalaya,XXXXX,BADLIC,missing_specialty
P038146,"Ratti, Kothari and Radhakrishnan",,Buxar,Tripura,XXXXX,BADLIC,missing_specialty
P039159,Hegde-Kanda,,Bhatpara,Telangana,XXXXX,BADLIC,missing_specialty
P035026,Shenoy-Krish,,Buxar,Tripura,XXXXX,BADLIC,missing_specialty
P020943,Gill-Verma,,Agra,Karnataka,XXXXX,BADLIC,missing_specialty
P038604,"Konda, Modi and Uppal",,Nagercoil,Assam,XXXXX,BADLIC,missing_specialty
P038121,"Hans, Gupta and Sandhu",,Noida,Maharashtra,XXXXX,BADLIC,missing_specialty
P000509,Gade PLC,,Raipur,Uttar Pradesh,XXXXX,BADLIC,missing_specialty
P039717,Kumer-Chaudhuri,,Imphal,Haryana,XXXXX,BADLIC,missing_specialty
P038553,"Lad, Kaur and Boase",,Bally,Nagaland,XXXXX,BADLIC,missing_specialty
P036345,Chakraborty Ltd,,Khora ,Gujarat,XXXXX,BADLIC,missing_specialty
P036815,"Ram, Parmer and Bera",,Karaikudi,Haryana,XXXXX,BADLIC,missing_specialty
P015995,"Shan, Patla and Pathak",,Berhampore,Punjab,XXXXX,BADLIC,missing_specialty
P037948,Swamy-Chakrabarti,,Dhanbad,Uttar Pradesh,XXXXX,BADLIC,missing_specialty
P038087,Chakraborty-Bhasin,,Raebareli,Punjab,XXXXX,BADLIC,missing_specialty
P037234,Pandey Ltd,,Chandigarh,Goa,XXXXX,BADLIC,missing_specialty
P035156,Yogi Inc,,Barasat,Mizoram,XXXXX,BADLIC,missing_specialty
P035130,D’Alia Inc,,Ahmedabad,Goa,XXXXX,BADLIC,missing_specialty
P039855,"Dua, Karpe and Subramanian",,Thrissur,Rajasthan,XXXXX,BADLIC,missing_specialty
P037016,Manda-Edwin,,Shahjahanpur,Bihar,XXXXX,BADLIC,missing_specialty
P027422,"Mander, Jayaraman and Narain",,Pallavaram,Bihar,XXXXX,BADLIC,missing_specialty
P039921,Khatri and Sons,,Kumbakonam,Tripura,XXXXX,BADLIC,missing_specialty
P038936,Sami Ltd,,Kirari Suleman Nagar,Odisha,XXXXX,BADLIC,missing_specialty
P037933,Bedi-Tella,,Amaravati,Arunachal Pradesh,XXXXX,BADLIC,missing_specialty
P038488,Randhawa-Din,,Bathinda,Mizoram,XXXXX,BADLIC,missing_specialty
P038310,"Venkatesh, Pillay and Bajwa",,Kulti,Meghalaya,XXXXX,BADLIC,missing_specialty
P036391,Kade-Goel,,Chittoor,Uttarakhand,XXXXX,BADLIC,missing_specialty
P035046,Kohli LLC,,Madhyamgram,Chhattisgarh,XXXXX,BADLIC,missing_specialty
P002485,Din PLC,,Raurkela Industrial Township,Madhya Pradesh,XXXXX,BADLIC,missing_specialty
P035467,"Kamdar, Om and Puri",,Aizawl,Rajasthan,XXXXX,BADLIC,missing_specialty
P038388,"Rana, Setty and Chand",,Bardhaman,Punjab,XXXXX,BADLIC,missing_specialty
P037358,"Mandal, Kumer and Chacko",,Hindupur,Uttar Pradesh,XXXXX,BADLIC,missing_specialty
P035632,Varma Group,,Serampore,Madhya Pradesh,XXXXX,BADLIC,missing_specialty
P020241,Chacko-Suresh,,Jalgaon,Assam,XXXXX,BADLIC,missing_specialty
P036986,Vora Group,,Phusro,Madhya Pradesh,XXXXX,BADLIC,missing_specialty
P037711,Ratti Ltd,,Aizawl,Arunachal Pradesh,XXXXX,BADLIC,missing_specialty
P037240,Setty-Kalita,,Jalna,Maharashtra,XXXXX,BADLIC,missing_specialty
P034582,"Rege, Raval and Pant",,Satara,Haryana,XXXXX,BADLIC,missing_specialty
P035041,"Saini, Kapoor and Char",,Kulti,Meghalaya,XXXXX,BADLIC,missing_specialty
P036328,Bakshi-Sidhu,,Uluberia,Goa,XXXXX,BADLIC,missing_specialty
P039334,Chowdhury Group,,Jamnagar,Bihar,XXXXX,BADLIC,missing_specialty
P039020,"Dugal, Padmanabhan and Bajaj",,Narasaraopet,Maharashtra,XXXXX,BADLIC,missing_specialty
P039102,Chatterjee Group,,Agartala,Tripura,XXXXX,BADLIC,missing_specialty
P035329,"Murty, Chadha and Sarkar",,New Delhi,Tamil Nadu,XXXXX,BADLIC,missing_specialty
P038818,"Manne, Gala and Ravel",,Kolhapur,West Bengal,XXXXX,BADLIC,missing_specialty
P035870,Agrawal-Kakar,,Dharmavaram,Himachal Pradesh,XXXXX,BADLIC,missing_specialty
P008674,Trivedi-Pingle,,Chinsurah,Madhya Pradesh,XXXXX,BADLIC,missing_specialty
P020026,Sampath-Gokhale,,Nagpur,Bihar,XXXXX,BADLIC,missing_specialty
P038693,"Singh, Kuruvilla and Chand",,Gurgaon,West Bengal,XXXXX,BADLIC,missing_specialty
P038266,"Solanki, Chakraborty and Kota",,Amritsar,Jharkhand,XXXXX,BADLIC,missing_specialty
P036549,Goel-Minhas,,Raiganj,Jharkhand,XXXXX,BADLIC,missing_specialty
P035585,Nigam-Walla,,Gurgaon,Karnataka,XXXXX,BADLIC,missing_specialty
P005914,Upadhyay-Mani,,Avadi,Punjab,XXXXX,BADLIC,missing_specialty
P036376,"Bahri, Grewal and Seshadri",,Bhatpara,West Bengal,XXXXX,BADLIC,missing_specialty
P039366,Vyas Ltd,,Dhanbad,Punjab,XXXXX,BADLIC,missing_specialty
P008883,"Bir, Mall and Amble",,Bulandshahr,Maharashtra,XXXXX,BADLIC,missing_specialty
P035378,"Chaudry, Setty and Dash",,Cuttack,Jharkhand,XXXXX,BADLIC,missing_specialty
P017681,Sarna-Bir,,Kamarhati,Madhya Pradesh,XXXXX,BADLIC,missing_specialty
P038432,Mani-Dhar,,Haldia,Karnataka,XXXXX,BADLIC,missing_specialty
P036545,"Yohannan, Contractor and Shroff",,Malda,Andhra Pradesh,XXXXX,BADLIC,missing_specialty
P036384,Mammen-Datta,,Munger,Punjab,XXXXX,BADLIC,missing_specialty
P038748,Bajaj-Kari,,Bareilly,Andhra Pradesh,XXXXX,BADLIC,missing_specialty
P036956,Singhal-Naidu,,Raurkela Industrial Township,Haryana,XXXXX,BADLIC,missing_specialty
P039642,Tailor Inc,,Sirsa,Andhra Pradesh,XXXXX,BADLIC,missing_specialty
P035205,Khosla-Kata,,Vasai-Virar,Goa,XXXXX,BADLIC,missing_specialty
P039673,"Doshi, Tailor and Bajaj",,Vasai-Virar,Sikkim,XXXXX,BADLIC,missing_specialty
P038586,Garg-Bhatt,,Kolkata,Assam,XXXXX,BADLIC,missing_specialty
P035345,Mannan-Balakrishnan,,Pallavaram,Odisha,XXXXX,BADLIC,missing_specialty
P038252,"Lad, Oza and Mahal",,Nandyal,Rajasthan,XXXXX,BADLIC,missing_specialty
P032875,Lata-Oommen,,Sikar,Gujarat,XXXXX,BADLIC,missing_specialty
P009028,"Divan, Sangha and Varkey",,Bhagalpur,Uttar Pradesh,XXXXX,BADLIC,missing_specialty
P039245,"Nanda, Bakshi and Jaggi",,Amritsar,Tripura,XXXXX,BADLIC,missing_specialty
P019602,Das-Sami,,Kharagpur,Himachal Pradesh,XXXXX,BADLIC,missing_specialty
P036704,Wason PLC,,Jamalpur,Madhya Pradesh,XXXXX,BADLIC,missing_specialty
P037064,Rattan and Sons,,Jamnagar,Assam,XXXXX,BADLIC,missing_specialty
P035074,Aurora LLC,,Sikar,Gujarat,XXXXX,BADLIC,missing_specialty
P035316,Rai PLC,,Pudukkottai,West Bengal,XXXXX,BADLIC,missing_specialty
P001742,Karan-Bhatti,,Mumbai,Andhra Pradesh,XXXXX,BADLIC,missing_specialty
P036245,Ramanathan-Lalla,,Berhampore,Jharkhand,XXXXX,BADLIC,missing_specialty
P036372,"Mitra, Kurian and Chaudry",,Saharsa,Nagaland,XXXXX,BADLIC,missing_specialty
P004828,Krishnamurthy PLC,,Mira-Bhayandar,Haryana,XXXXX,BADLIC,missing_specialty
P038781,"Nigam, Narayan and Gill",,Bongaigaon,Karnataka,XXXXX,BADLIC,missing_specialty
P038197,Swaminathan and Sons,,Farrukhabad,Assam,XXXXX,BADLIC,missing_specialty
P035200,"Sodhi, Lad and Singh",,Sangli-Miraj & Kupwad,Assam,XXXXX,BADLIC,missing_specialty
P039169,Hegde-Chand,,Kharagpur,Uttarakhand,XXXXX,BADLIC,missing_specialty
P024275,Ramesh-Atwal,Dermatology,Ahmednagar,Mizoram,633599109,LIC907894,duplicate_provider_id
P034070,Balakrishnan and Sons,Orthopedics,Malegaon,Arunachal Pradesh,XXXXX,BADLIC,duplicate_provider_id
P001200,Kala PLC,ENT,Thiruvananthapuram,Assam,XXXXX,BADLIC,duplicate_provider_id
P001597,"Sengupta, Talwar and Sachdeva",Pediatrics,Thanjavur,Goa,XXXXX,BADLIC,duplicate_provider_id
P012593,"Chaudhuri, Warrior and Saraf",Pediatrics,Loni,Odisha,375342904,LIC613872,duplicate_provider_id
P030074,Zacharia Inc,ENT,Ramgarh,Uttarakhand,XXXXX,BADLIC,duplicate_provider_id
P021214,Tank PLC,Pediatrics,Madurai,Uttarakhand,685544575,LIC922620,duplicate_provider_id
P016787,"Reddy, Batra and Mukhopadhyay",Dermatology,Mau,Odisha,XXXXX,BADLIC,duplicate_provider_id
P022079,"Sura, Sankaran and Iyer",Oncology,Panihati,Himachal Pradesh,510236136,LIC266296,duplicate_provider_id
P029148,Khare-Buch,Dermatology,Serampore,Goa,XXXXX,BADLIC,duplicate_provider_id
P027400,Mistry Inc,General Medicine,Anand,Assam,958286632,LIC107489,duplicate_provider_id
P001241,Saraf-Ganesh,Dermatology,Nandyal,Bihar,148899240,LIC364470,duplicate_provider_id
P027967,Bhatia-Nath,Neurology,Thane,Bihar,XXXXX,BADLIC,duplicate_provider_id
P011708,"Solanki, Khatri and Mahal",Oncology,Ludhiana,Karnataka,XXXXX,BADLIC,duplicate_provider_id
P021215,Saha-Bala,OBGYN,Nagaon,West Bengal,XXXXX,BADLIC,duplicate_provider_id
P012415,"Subramanian, Anand and Chandran",OBGYN,Muzaffarnagar,Tripura,875046476,LIC335266,duplicate_provider_id
P024978,Chad-Bhagat,General Medicine,Barasat,Uttar Pradesh,978256370,LIC134987,duplicate_provider_id
P009830,Joshi LLC,General Medicine,Tadipatri,Chhattisgarh,XXXXX,BADLIC,duplicate_provider_id
P023097,"Shan, Tandon and Badami",Neurology,Ulhasnagar,Odisha,XXXXX,BADLIC,duplicate_provider_id
P005752,"Nigam, Sen and Dhillon",Cardiology,Jamnagar,Nagaland,829017290,LIC728943,duplicate_provider_id
P015773,Hora Inc,OBGYN,Thoothukudi,Meghalaya,XXXXX,BADLIC,duplicate_provider_id
P032217,"Khalsa, Basu and Dugar",Oncology,Deoghar,Uttar Pradesh,813761679,LIC727135,duplicate_provider_id
P034639,Pathak and Sons,Neurology,Surendranagar Dudhrej,Meghalaya,XXXXX,BADLIC,duplicate_provider_id
P014436,Oommen Group,Neurology,Bhind,Haryana,XXXXX,BADLIC,duplicate_provider_id
P004894,"Peri, Khatri and Sur",Oncology,Amritsar,Tripura,XXXXX,BADLIC,duplicate_provider_id
P030846,"Srivastava, Krishnan and Chopra",Cardiology,Saharanpur,Bihar,XXXXX,BADLIC,duplicate_provider_id
P027719,Goswami-Mangal,Orthopedics,Tiruchirappalli,Assam,XXXXX,BADLIC,duplicate_provider_id
P006434,Shah-Bose,Urology,Nashik,Punjab,214447364,LIC729615,duplicate_provider_id
P033997,"Bali, Tank and Varty",ENT,Berhampur,Mizoram,326245867,LIC677237,duplicate_provider_id
P011456,Devan LLC,Oncology,Kalyan-Dombivli,Assam,235418015,LIC145966,duplicate_provider_id
P023400,"Chandra, Char and Sarkar",Dermatology,Bhiwandi,Odisha,XXXXX,BADLIC,duplicate_provider_id
P011327,Chopra and Sons,Pediatrics,Saharanpur,Arunachal Pradesh,682028768,LIC483090,duplicate_provider_id
P013217,Barman-Borde,Dermatology,Meerut,Punjab,977843890,LIC535610,duplicate_provider_id
P023003,"Upadhyay, Rajan and Zachariah",OBGYN,Anantapuram,Meghalaya,760356156,LIC303479,duplicate_provider_id
P034101,"Chahal, Dhar and Shankar",General Medicine,Durg,West Bengal,723863246,LIC102488,duplicate_provider_id
P000710,"Panchal, Dayal and Shroff",Oncology,Kharagpur,Assam,XXXXX,BADLIC,duplicate_provider_id
P000369,"Yohannan, Basu and Butala",ENT,Rajahmundry,Tamil Nadu,178611145,LIC232952,duplicate_provider_id
P022187,Amble Ltd,ENT,Kollam,Gujarat,526141055,LIC953392,duplicate_provider_id
P009096,Balan-Zachariah,General Medicine,Karimnagar,Kerala,927074207,LIC285719,duplicate_provider_id
P032385,"Raman, Mallick and Sur",Cardiology,Pimpri-Chinchwad,Uttarakhand,535865263,LIC906991,duplicate_provider_id
P030038,Madan PLC,Oncology,Ahmedabad,Mizoram,835775395,LIC934160,duplicate_provider_id
P000600,Nagy Group,Oncology,Moradabad,Goa,XXXXX,BADLIC,duplicate_provider_id
P005703,Venkatesh-Warrior,Dermatology,Jalandhar,Maharashtra,XXXXX,BADLIC,duplicate_provider_id
P009723,"Zachariah, Bhasin and Magar",Urology,Tumkur,Odisha,784783921,LIC882576,duplicate_provider_id
P018067,"Panchal, Dayal and Shroff",Cardiology,Saharanpur,Assam,XXXXX,BADLIC,duplicate_provider_id
P013989,Lata-Brahmbhatt,ENT,Pudukkottai,Bihar,XXXXX,BADLIC,duplicate_provider_id
P030274,"Butala, Bhakta and Bal",General Medicine,Chittoor,Karnataka,XXXXX,BADLIC,duplicate_provider_id
P026019,Solanki-Chacko,Pediatrics,Raurkela Industrial Township,Gujarat,182067892,LIC932550,duplicate_provider_id
P010764,Mander-Baria,Neurology,Udaipur,Karnataka,XXXXX,BADLIC,duplicate_provider_id
P027277,Bakshi-Dey,Neurology,Saharsa,Sikkim,XXXXX,BADLIC,duplicate_provider_id
P010694,"Rana, Sekhon and Lalla",General Medicine,Varanasi,Telangana,719740641,LIC313079,duplicate_provider_id
P017448,Kala-Choudhury,ENT,Malegaon,Odisha,752779519,LIC977044,duplicate_provider_id
P017109,"Sharma, Barad and Sura",Pediatrics,Munger,Uttarakhand,XXXXX,BADLIC,duplicate_provider_id
P000626,Lall LLC,Dermatology,Rajkot,Assam,225931854,LIC549826,duplicate_provider_id
P020703,"Kapoor, Kari and Wali",General Medicine,Amaravati,Madhya Pradesh,705876400,LIC519648,duplicate_provider_id
P006682,"Reddy, Sridhar and Krishnan",Urology,Bhusawal,Assam,927936065,LIC948350,duplicate_provider_id
P029617,"Narayanan, Aurora and Savant",Cardiology,Bhavnagar,Jharkhand,XXXXX,BADLIC,duplicate_provider_id
P016438,Parsa Ltd,Oncology,Mangalore,Punjab,676131649,LIC700958,duplicate_provider_id
P024489,"Wali, Oza and Dora",OBGYN,Pondicherry,Manipur,408213275,LIC553745,duplicate_provider_id
P021169,Bir and Sons,Pediatrics,Bahraich,Karnataka,XXXXX,BADLIC,duplicate_provider_id
P006238,"Datta, Kothari and Mannan",Orthopedics,Sikar,Meghalaya,XXXXX,BADLIC,duplicate_provider_id
P001375,"Bhatia, Master and Parmer",Orthopedics,Bidar,Mizoram,829165809,LIC372524,duplicate_provider_id
P030328,Ganesan Inc,Oncology,Muzaffarnagar,Jharkhand,827646861,LIC202162,duplicate_provider_id
P010042,Wali LLC,Pediatrics,Bhusawal,Karnataka,XXXXX,BADLIC,duplicate_provider_id
P024082,"Mishra, Baral and Kapur",Cardiology,Tinsukia,Bihar,992983851,LIC868309,duplicate_provider_id
P025093,Palla Group,Neurology,Raiganj,Nagaland,781159413,LIC286921,duplicate_provider_id
P027980,Ram Inc,ENT,Pali,Tamil Nadu,157281068,LIC739053,duplicate_provider_id
P010163,"Setty, Bhat and Bhatt",Orthopedics,Bihar Sharif,Madhya Pradesh,568228832,LIC767590,duplicate_provider_id
P004112,"Sharaf, Sahni and Dutta",Cardiology,Alwar,Rajasthan,XXXXX,BADLIC,duplicate_provider_id
P027211,"Goda, Dara and Kaur",Oncology,Bareilly,Chhattisgarh,830058697,LIC979242,duplicate_provider_id
P029387,"Majumdar, Dhawan and Saraf",General Medicine,Madurai,Odisha,XXXXX,BADLIC,duplicate_provider_id
P032631,Sunder LLC,OBGYN,Dibrugarh,Uttarakhand,XXXXX,BADLIC,duplicate_provider_id
P019543,Sengupta-Agate,Dermatology,Karawal Nagar,Mizoram,XXXXX,BADLIC,duplicate_provider_id
P007672,Char-Muni,Neurology,Shivpuri,Tripura,607093694,LIC649766,duplicate_provider_id
P024082,"Swamy, Oak and Bali",Dermatology,Aizawl,Jharkhand,XXXXX,BADLIC,duplicate_provider_id
P021506,Dara Ltd,Dermatology,Farrukhabad,Himachal Pradesh,595578659,LIC706590,duplicate_provider_id
P002855,Shenoy Ltd,OBGYN,Loni,Rajasthan,300256337,LIC192090,duplicate_provider_id
P023072,Bose-Memon,General Medicine,Rajahmundry,Himachal Pradesh,XXXXX,BADLIC,duplicate_provider_id
P029187,"Pradhan, Dubey and Samra",ENT,Hospet,Bihar,XXXXX,BADLIC,duplicate_provider_id
P019903,Dhaliwal-Tandon,Orthopedics,Machilipatnam,Manipur,XXXXX,BADLIC,duplicate_provider_id
P012973,"Batra, Bandi and Patla",General Medicine,Davanagere,Jharkhand,XXXXX,BADLIC,duplicate_provider_id
P018719,Bobal-Sidhu,Dermatology,Munger,Manipur,882109728,LIC220188,duplicate_provider_id
P023299,Vohra-Trivedi,Neurology,Serampore,Haryana,120811145,LIC444352,duplicate_provider_id
P006882,Ahluwalia and Sons,General Medicine,Narasaraopet,Gujarat,885471313,LIC653741,duplicate_provider_id
P033350,Bakshi-Mane,Orthopedics,Gopalpur,Mizoram,942387186,LIC111137,duplicate_provider_id
P003809,Dave and Sons,Oncology,Muzaffarnagar,Manipur,341147927,LIC255761,duplicate_provider_id
P024493,"Tandon, Contractor and Sarraf",Oncology,Gwalior,Gujarat,566342026,LIC847222,duplicate_provider_id
P012761,Chana-Kala,Neurology,Varanasi,Tamil Nadu,XXXXX,BADLIC,duplicate_provider_id
P023919,Ganguly Ltd,Urology,Ghaziabad,Maharashtra,XXXXX,BADLIC,duplicate_provider_id
P020280,"Sachdev, Agrawal and Dhawan",Cardiology,Jamalpur,Bihar,XXXXX,BADLIC,duplicate_provider_id
P020007,Banerjee PLC,OBGYN,Mumbai,Manipur,307305361,LIC510078,duplicate_provider_id
P006973,Naidu PLC,Urology,Vijayawada,Chhattisgarh,XXXXX,BADLIC,duplicate_provider_id
P020172,Shroff Inc,OBGYN,Anand,Punjab,XXXXX,BADLIC,duplicate_provider_id
P022368,Sathe-Pai,Orthopedics,Kollam,Sikkim,604729089,LIC281339,duplicate_provider_id
P025764,Pall PLC,Pediatrics,Ranchi,Jharkhand,XXXXX,BADLIC,duplicate_provider_id
P028640,Sabharwal and Sons,Orthopedics,Coimbatore,Madhya Pradesh,588357273,LIC708802,duplicate_provider_id
P003423,Dhingra and Sons,Neurology,Mahbubnagar,Telangana,XXXXX,BADLIC,duplicate_provider_id
P025853,Nagar PLC,ENT,Pimpri-Chinchwad,Haryana,XXXXX,BADLIC,duplicate_provider_id
P009226,"Dube, Raghavan and Gala",Dermatology,Belgaum,Punjab,XXXXX,BADLIC,duplicate_provider_id
P024797,Dhar-Chandran,Orthopedics,Erode,Karnataka,904604965,LIC168399,duplicate_provider_id
P003151,"Bhattacharyya, Chopra and Vora",Pediatrics,Shahjahanpur,Telangana,837243471,LIC880629,duplicate_provider_id
P032643,"Sarkar, Naik and Grewal",ENT,Ghaziabad,Tamil Nadu,XXXXX,BADLIC,duplicate_provider_id
P026493,Bhasin-Venkatesh,Urology,Chandrapur,Haryana,709583099,LIC806764,duplicate_provider_id
P018262,"Joshi, Swaminathan and Bava",General Medicine,Nagercoil,Maharashtra,XXXXX,BADLIC,duplicate_provider_id
P014620,Dhar and Sons,ENT,Ozhukarai,Odisha,933526302,LIC594808,duplicate_provider_id
P000951,"Nazareth, Bhavsar and Muni",Oncology,Vasai-Virar,Manipur,XXXXX,BADLIC,duplicate_provider_id
P015047,Badal-Gade,Neurology,Hapur,Andhra Pradesh,XXXXX,BADLIC,duplicate_provider_id
P018319,"Goel, Shere and Deo",Pediatrics,Siliguri,Uttarakhand,XXXXX,BADLIC,duplicate_provider_id
P003693,Kohli Inc,Oncology,Dhule,Karnataka,XXXXX,BADLIC,duplicate_provider_id
P022421,Ganesh-Sachdev,OBGYN,Dhanbad,Mizoram,266618831,LIC647214,duplicate_provider_id
P001265,"Dua, Atwal and Varughese",OBGYN,Junagadh,Andhra Pradesh,526260514,LIC294172,duplicate_provider_id
P026870,"Dhar, Naidu and Mandal",Orthopedics,Delhi,Bihar,316384230,LIC432581,duplicate_provider_id
P007821,"Talwar, Bera and Shan",Pediatrics,Ahmednagar,Haryana,215564375,LIC563441,duplicate_provider_id
P004888,Yohannan Group,ENT,Proddatur,Karnataka,727618122,LIC602841,duplicate_provider_id
P032259,Vig-Varma,Oncology,Bhimavaram,Manipur,XXXXX,BADLIC,duplicate_provider_id
P032067,Varkey-Ghosh,OBGYN,Srikakulam,West Bengal,XXXXX,BADLIC,duplicate_provider_id
P033694,Peri PLC,Urology,Secunderabad,Bihar,XXXXX,BADLIC,duplicate_provider_id
P005449,Basu-Rana,Oncology,Ranchi,Nagaland,141779465,LIC853779,duplicate_provider_id
P016195,Kaul LLC,Neurology,Khandwa,Mizoram,850469794,LIC931586,duplicate_provider_id
P019890,Sarma LLC,Cardiology,Rajpur Sonarpur,Odisha,XXXXX,BADLIC,duplicate_provider_id
P027489,"Shah, Magar and Reddy",ENT,Kalyan-Dombivli,Sikkim,172234536,LIC671710,duplicate_provider_id
P003558,Ranganathan-Puri,Urology,Ratlam,Arunachal Pradesh,476601735,LIC761570,duplicate_provider_id
P015196,Devan Group,Neurology,Ambarnath,Bihar,308091165,LIC493712,duplicate_provider_id
P002313,"Memon, Palla and Acharya",ENT,Nagpur,Haryana,XXXXX,BADLIC,duplicate_provider_id
P012359,Varma LLC,General Medicine,Hyderabad,Madhya Pradesh,341771522,LIC306232,duplicate_provider_id
P022146,"Banik, Patla and Wason",Dermatology,Raipur,Jharkhand,XXXXX,BADLIC,duplicate_provider_id
P026665,"Chada, Mahajan and Sankaran",Cardiology,Adoni,Chhattisgarh,163558333,LIC443496,duplicate_provider_id
P026318,Issac and Sons,Dermatology,Sasaram,Karnataka,663784866,LIC149814,duplicate_provider_id
P012908,Dara Ltd,Urology,Tumkur,Karnataka,XXXXX,BADLIC,duplicate_provider_id
P018161,Sanghvi Inc,Oncology,Agra,Karnataka,XXXXX,BADLIC,duplicate_provider_id
P027885,"Mukherjee, Devi and Ramachandran",Urology,Thoothukudi,Assam,XXXXX,BADLIC,duplicate_provider_id
P013510,Raghavan Inc,General Medicine,Shahjahanpur,Karnataka,847340668,LIC559098,duplicate_provider_id
P021868,Pradhan-More,Cardiology,Kota,West Bengal,357572122,LIC183324,duplicate_provider_id
P022478,Brar and Sons,General Medicine,Hubli–Dharwad,Uttarakhand,899112623,LIC277286,duplicate_provider_id
P005213,"Toor, Cheema and Halder",Orthopedics,Panchkula,Sikkim,956902014,LIC302281,duplicate_provider_id
P034393,"Dhar, Bains and Narula",Pediatrics,Tezpur,Assam,XXXXX,BADLIC,duplicate_provider_id
P012055,Kumer-Arya,Pediatrics,Gaya,Tripura,369021326,LIC836950,duplicate_provider_id
P011061,Sastry Inc,Dermatology,Madhyamgram,Haryana,923904103,LIC786484,duplicate_provider_id
P016477,Goyal-Mistry,OBGYN,Noida,Mizoram,XXXXX,BADLIC,duplicate_provider_id
P001433,Chacko LLC,Oncology,Udupi,Madhya Pradesh,XXXXX,BADLIC,duplicate_provider_id
P005749,Khosla-Rajagopal,Orthopedics,Bulandshahr,Kerala,649714118,LIC713658,duplicate_provider_id
P013246,Dhawan-Bhatt,Neurology,Kalyan-Dombivli,Rajasthan,XXXXX,BADLIC,duplicate_provider_id
P002660,Dhaliwal-Tandon,Oncology,Phagwara,Telangana,942202913,LIC380102,duplicate_provider_id
P023202,Solanki PLC,General Medicine,Bokaro,Rajasthan,XXXXX,BADLIC,duplicate_provider_id
P000920,Chada-Hegde,Cardiology,New Delhi,Kerala,XXXXX,BADLIC,duplicate_provider_id
P007094,Venkataraman-Zachariah,Orthopedics,Sambalpur,Odisha,311629939,LIC398964,duplicate_provider_id
P031112,Saran-Jhaveri,Pediatrics,Kavali,Punjab,XXXXX,BADLIC,duplicate_provider_id
P013234,Amble Ltd,Cardiology,Phagwara,Arunachal Pradesh,XXXXX,BADLIC,duplicate_provider_id
P013841,Saini-Bedi,Neurology,Bhavnagar,Himachal Pradesh,XXXXX,BADLIC,duplicate_provider_id
P033758,"Pillai, Randhawa and Saini",Neurology,Nadiad,Assam,XXXXX,BADLIC,duplicate_provider_id
P021912,Parekh LLC,OBGYN,Bhatpara,Maharashtra,XXXXX,BADLIC,duplicate_provider_id
P034679,"Keer, Bhasin and Rana",Neurology,Udaipur,Punjab,XXXXX,BADLIC,duplicate_provider_id
P031665,"Tank, Kala and Bhardwaj",ENT,Adoni,Punjab,XXXXX,BADLIC,duplicate_provider_id
P011809,Deo LLC,Dermatology,Thiruvananthapuram,Assam,XXXXX,BADLIC,duplicate_provider_id
P007044,Master Group,Dermatology,Gorakhpur,Gujarat,XXXXX,BADLIC,duplicate_provider_id
P001297,Yogi Ltd,Oncology,Pallavaram,Punjab,XXXXX,BADLIC,duplicate_provider_id
P029926,Mohan-Kuruvilla,Cardiology,Ludhiana,Gujarat,XXXXX,BADLIC,duplicate_provider_id
P010808,Dara PLC,Dermatology,Tiruvottiyur,Bihar,XXXXX,BADLIC,duplicate_provider_id
P005657,Dhaliwal-Jani,Urology,Tiruppur,Karnataka,598974754,LIC761345,duplicate_provider_id
P032545,"Butala, Grover and Choudhry",Orthopedics,Bathinda,Gujarat,962586927,LIC172284,duplicate_provider_id
P026356,Verma Inc,OBGYN,Kochi,Maharashtra,597419466,LIC702929,duplicate_provider_id
P028604,Prashad-Bhavsar,Pediatrics,Bhimavaram,Madhya Pradesh,XXXXX,BADLIC,duplicate_provider_id
P029104,"Sane, Venkatesh and Yadav",Pediatrics,Sikar,Telangana,XXXXX,BADLIC,duplicate_provider_id
P005630,"Varty, Thaman and Lala",Orthopedics,Bulandshahr,Tamil Nadu,XXXXX,BADLIC,duplicate_provider_id
P014946,Pillay PLC,Dermatology,Pali,Manipur,853406369,LIC258581,duplicate_provider_id
P019236,"Apte, Shah and Jhaveri",OBGYN,Danapur,Nagaland,XXXXX,BADLIC,duplicate_provider_id
P029264,Padmanabhan-Kala,Oncology,Shahjahanpur,Rajasthan,XXXXX,BADLIC,duplicate_provider_id
P007642,Trivedi Group,OBGYN,Jalandhar,Andhra Pradesh,477864845,LIC214758,duplicate_provider_id
P009882,"Bhatnagar, Sule and Suresh",Orthopedics,Kalyan-Dombivli,Goa,XXXXX,BADLIC,duplicate_provider_id
P021411,Kohli-Gade,Urology,Nizamabad,Meghalaya,XXXXX,BADLIC,duplicate_provider_id
P005046,Sagar-Sharaf,Orthopedics,Pondicherry,Mizoram,XXXXX,BADLIC,duplicate_provider_id
P007063,Tiwari-Soman,Oncology,Gurgaon,Jharkhand,XXXXX,BADLIC,duplicate_provider_id
P020395,Vora PLC,Neurology,Bhopal,Madhya Pradesh,XXXXX,BADLIC,duplicate_provider_id
P022851,Agrawal Ltd,Pediatrics,Purnia,Maharashtra,XXXXX,BADLIC,duplicate_provider_id
P010743,"Chowdhury, Sandal and Rao",Urology,Sasaram,Uttarakhand,666072314,LIC561416,duplicate_provider_id
P001593,Jayaraman and Sons,Urology,Guna,Himachal Pradesh,XXXXX,BADLIC,duplicate_provider_id
P009062,Bhandari-Baral,Oncology,Bettiah,Sikkim,609093425,LIC147646,duplicate_provider_id
P009255,Sahni-Dass,Urology,Uluberia,Jharkhand,335111656,LIC883993,duplicate_provider_id
P014356,Sarna-Bir,ENT,Chittoor,Karnataka,639210642,LIC565376,duplicate_provider_id
P015447,"Varghese, Rajagopalan and Palla",Dermatology,Hajipur,Punjab,XXXXX,BADLIC,duplicate_provider_id
P030187,Gupta-Ben,Orthopedics,Jammu,Himachal Pradesh,182392410,LIC392117,duplicate_provider_id
P021845,"Warrior, Kothari and Kapur",ENT,Bettiah,Meghalaya,XXXXX,BADLIC,duplicate_provider_id
P017671,"Merchant, Reddy and Bhakta",Urology,Navi Mumbai,Chhattisgarh,XXXXX,BADLIC,duplicate_provider_id
P007094,Thakur LLC,Pediatrics,Lucknow,Madhya Pradesh,XXXXX,BADLIC,duplicate_provider_id
P010052,Raj-Devan,Urology,Imphal,Nagaland,587427261,LIC514903,duplicate_provider_id
P034170,Sridhar-Das,General Medicine,Nadiad,Odisha,757366315,LIC118761,duplicate_provider_id
P000074,Dua-Master,ENT,Dibrugarh,Assam,476176327,LIC608306,duplicate_provider_id
P019624,"Sodhi, Rajan and Srinivas",Oncology,Uluberia,Karnataka,XXXXX,BADLIC,duplicate_provider_id
P027281,Joshi and Sons,Pediatrics,Nashik,Kerala,404029578,LIC174948,duplicate_provider_id
P027638,"Balay, Gill and Desai",Dermatology,Mumbai,Punjab,XXXXX,BADLIC,duplicate_provider_id
P034004,Cherian Ltd,Urology,Ahmedabad,Karnataka,786736952,LIC175108,duplicate_provider_id
P011470,Gopal-Dube,Neurology,Nanded,Himachal Pradesh,XXXXX,BADLIC,duplicate_provider_id
P017326,Wali Group,Cardiology,Kozhikode,Goa,171801882,LIC474937,duplicate_provider_id
P027863,Zacharia-Parmer,ENT,Gudivada,Punjab,165241723,LIC971805,duplicate_provider_id
P034991,"Lall, Sangha and Misra",Oncology,Dewas,Punjab,424550285,LIC876413,duplicate_provider_id
P006835,Saini-Kade,Urology,Kamarhati,Telangana,XXXXX,BADLIC,duplicate_provider_id
P017716,"Badal, Goel and Doctor",OBGYN,Jamnagar,Assam,929057609,LIC180096,duplicate_provider_id
P010460,Dara-Morar,Orthopedics,Alwar,Andhra Pradesh,837961699,LIC335142,duplicate_provider_id
P010112,"Sachdev, Dani and Ram",Oncology,Arrah,Kerala,XXXXX,BADLIC,duplicate_provider_id
P028422,Oza PLC,Dermatology,Sagar,Andhra Pradesh,881743677,LIC227669,duplicate_provider_id
P009263,Kata-Pingle,Oncology,Serampore,Odisha,XXXXX,BADLIC,duplicate_provider_id
P017226,"Datta, Comar and Shere",ENT,Hapur,Manipur,648295412,LIC112765,duplicate_provider_id
P032832,Bali LLC,OBGYN,Aizawl,Goa,433874403,LIC350814,duplicate_provider_id
P026712,"Goel, Dasgupta and Goyal",Oncology,Silchar,Uttar Pradesh,933237395,LIC174876,duplicate_provider_id
P009905,Keer-Bhardwaj,ENT,Delhi,Mizoram,XXXXX,BADLIC,duplicate_provider_id
P009567,"Tandon, Saha and Raj",Oncology,Panihati,Tamil Nadu,885355688,LIC677700,duplicate_provider_id
P026663,"Bhardwaj, Mukherjee and Tank",Orthopedics,Phagwara,Nagaland,XXXXX,BADLIC,duplicate_provider_id
P014881,Sheth-Choudhury,Urology,Anantapur,Karnataka,845416435,LIC321952,duplicate_provider_id
P018437,Bala-Bhatia,Urology,Thiruvananthapuram,Maharashtra,XXXXX,BADLIC,duplicate_provider_id
P010908,Bahri Ltd,Neurology,Tirunelveli,Odisha,XXXXX,BADLIC,duplicate_provider_id
P013479,Sahota PLC,Orthopedics,Aurangabad,Maharashtra,XXXXX,BADLIC,duplicate_provider_id
P020804,Pandey Group,Oncology,Madurai,Chhattisgarh,XXXXX,BADLIC,duplicate_provider_id
P028789,"Swamy, Oak and Bali",Neurology,Machilipatnam,Bihar,266138822,LIC108898,duplicate_provider_id
P011457,Minhas Group,Neurology,Saharsa,Manipur,XXXXX,BADLIC,duplicate_provider_id
P034560,Mahajan-Dey,Orthopedics,Patiala,Haryana,XXXXX,BADLIC,duplicate_provider_id
P002011,"Dyal, Mall and Korpal",Neurology,Vijayanagaram,Karnataka,368965552,LIC532529,duplicate_provider_id
P003100,"Vyas, Dhawan and Murthy",Oncology,Bokaro,Telangana,XXXXX,BADLIC,duplicate_provider_id
P016900,"Nadig, Datta and Muni",Orthopedics,Satara,Tripura,XXXXX,BADLIC,duplicate_provider_id
P006424,"Divan, Sangha and Varkey",Urology,Begusarai,Bihar,220540852,LIC111118,duplicate_provider_id
P005265,Roy Group,Orthopedics,Navi Mumbai,Chhattisgarh,837276153,LIC968627,duplicate_provider_id
P027477,Gandhi-Chada,OBGYN,Bellary,Madhya Pradesh,XXXXX,BADLIC,duplicate_provider_id
P008024,"Biswas, Kala and Lata",General Medicine,Bhatpara,Uttarakhand,XXXXX,BADLIC,duplicate_provider_id
P033099,Dutt Group,Dermatology,Bareilly,Rajasthan,330212960,LIC470017,duplicate_provider_id
P018543,Sahni-De,Orthopedics,Saharsa,Tamil Nadu,743874385,LIC791169,duplicate_provider_id
P005234,Dara PLC,Oncology,Raurkela Industrial Township,Punjab,974552147,LIC434954,duplicate_provider_id
P031369,Doshi-Iyer,Neurology,Begusarai,Bihar,XXXXX,BADLIC,duplicate_provider_id
P003499,Sachdeva-Tiwari,ENT,Giridih,Madhya Pradesh,221434355,LIC553342,duplicate_provider_id
P034989,Sane PLC,OBGYN,Anantapur,Bihar,380015232,LIC588266,duplicate_provider_id
P011004,"Kanda, Deep and Bobal",Orthopedics,Arrah,Maharashtra,XXXXX,BADLIC,duplicate_provider_id
P000963,Agrawal-Ben,Pediatrics,Bhilai,Madhya Pradesh,XXXXX,BADLIC,duplicate_provider_id
P008756,"De, Yohannan and Nazareth",Cardiology,Sikar,Assam,XXXXX,BADLIC,duplicate_provider_id
P016777,Shetty-Johal,ENT,Jabalpur,Chhattisgarh,XXXXX,BADLIC,duplicate_provider_id
P022694,"Virk, Lad and Andra",OBGYN,Haridwar,Goa,XXXXX,BADLIC,duplicate_provider_id
P012100,Misra-Konda,ENT,Bilaspur,Gujarat,XXXXX,BADLIC,duplicate_provider_id
P018180,"Srivastava, Dhaliwal and Din",Urology,Jabalpur,Gujarat,110363556,LIC759025,duplicate_provider_id
P002890,Sundaram Inc,ENT,Pali,Mizoram,263520731,LIC514365,duplicate_provider_id
P034843,Thakkar Ltd,Pediatrics,Rohtak,West Bengal,566971755,LIC869791,duplicate_provider_id
P001653,"Saha, Cherian and Mangal",Dermatology,Tiruvottiyur,Mizoram,XXXXX,BADLIC,duplicate_provider_id
P010977,Sathe and Sons,Cardiology,Malda,Telangana,224612552,LIC346220,duplicate_provider_id
P001332,Puri Inc,Cardiology,Bidar,Chhattisgarh,255081038,LIC255944,duplicate_provider_id
P001688,Handa LLC,Pediatrics,Madhyamgram,Manipur,XXXXX,BADLIC,duplicate_provider_id
P018008,"Bhasin, Karan and Ram",Urology,Danapur,Assam,XXXXX,BADLIC,duplicate_provider_id
P024151,"Dyal, Banerjee and Gade",Pediatrics,Belgaum,Gujarat,XXXXX,BADLIC,duplicate_provider_id
P016897,Krish-Kakar,Urology,Fatehpur,Maharashtra,XXXXX,BADLIC,duplicate_provider_id
P027858,Banerjee-Yadav,General Medicine,Indore,Mizoram,106410462,LIC253338,duplicate_provider_id
P028054,"Vasa, Virk and Kala",Dermatology,Bhavnagar,Rajasthan,462395328,LIC791082,duplicate_provider_id
P013125,"Solanki, Ramaswamy and Shan",Neurology,Dehri,Kerala,XXXXX,BADLIC,duplicate_provider_id
P024744,Iyer-Mitter,Dermatology,Hajipur,Odisha,XXXXX,BADLIC,duplicate_provider_id
P003298,Bora Ltd,Orthopedics,Sasaram,Manipur,XXXXX,BADLIC,duplicate_provider_id
P007399,Mitra PLC,ENT,Nangloi Jat,Bihar,302828544,LIC449591,duplicate_provider_id
P006315,"Thaker, Dugar and Ben",OBGYN,Bhilwara,Gujarat,916396280,LIC353056,duplicate_provider_id
P000859,D’Alia-Bali,ENT,Nandyal,Bihar,362272790,LIC751824,duplicate_provider_id
P032401,"Shroff, Mandal and Agate",Dermatology,Khandwa,Jharkhand,989786658,LIC471656,duplicate_provider_id
P028962,"Chopra, Yogi and Jhaveri",Neurology,Ichalkaranji,Arunachal Pradesh,XXXXX,BADLIC,duplicate_provider_id
P022647,Kalla-Vasa,Cardiology,Dharmavaram,Jharkhand,433249564,LIC708115,duplicate_provider_id
P006740,"Murthy, Pandey and Sibal",General Medicine,Lucknow,Meghalaya,866316116,LIC211485,duplicate_provider_id
P002386,Radhakrishnan-Naik,ENT,Solapur,Karnataka,XXXXX,BADLIC,duplicate_provider_id
P019717,Misra-Oak,OBGYN,Sambhal,West Bengal,310681066,LIC720607,duplicate_provider_id
P018988,Bera-Natarajan,OBGYN,Udupi,Madhya Pradesh,XXXXX,BADLIC,duplicate_provider_id
P028209,Madan and Sons,Pediatrics,Chandigarh,Manipur,601888271,LIC992984,duplicate_provider_id
P031866,Ghose LLC,Neurology,Parbhani,Uttarakhand,301710409,LIC668340,duplicate_provider_id
P033184,"Handa, Sanghvi and Sahota",Oncology,Chandigarh,Bihar,931813159,LIC891409,duplicate_provider_id
P009391,Cherian-Aggarwal,General Medicine,Shimoga,Arunachal Pradesh,204741570,LIC992610,duplicate_provider_id
P023556,Minhas Ltd,Pediatrics,Sri Ganganagar,Gujarat,673413350,LIC811607,duplicate_provider_id
P008974,Agarwal Inc,Urology,Rampur,Tripura,XXXXX,BADLIC,duplicate_provider_id
P006963,"Iyengar, Ravel and Goyal",Neurology,Saharsa,Manipur,XXXXX,BADLIC,duplicate_provider_id
P029500,Korpal LLC,General Medicine,Jamalpur,Maharashtra,949791683,LIC418289,duplicate_provider_id
P005627,Sani LLC,Cardiology,Madurai,Jharkhand,XXXXX,BADLIC,duplicate_provider_id
P031499,"Chokshi, Yogi and Iyengar",Orthopedics,Hosur,Punjab,479656372,LIC106301,duplicate_provider_id
P000769,Rai PLC,Dermatology,Etawah,Odisha,XXXXX,BADLIC,duplicate_provider_id
P018280,"Kumar, Dayal and Yogi",Oncology,Agartala,Bihar,XXXXX,BADLIC,duplicate_provider_id
P018953,Oza-Thakkar,Neurology,Barasat,Bihar,173008498,LIC118704,duplicate_provider_id
P024187,Bora-Palla,General Medicine,Durgapur,Rajasthan,XXXXX,BADLIC,duplicate_provider_id
P000430,"Babu, Deshmukh and Nagi",Cardiology,Bidar,Gujarat,XXXXX,BADLIC,duplicate_provider_id
P011286,"Ravel, Buch and Gola",OBGYN,Visakhapatnam,Maharashtra,566288654,LIC361352,duplicate_provider_id
P002623,"Som, Rao and Gola",Neurology,Rohtak,Tripura,XXXXX,BADLIC,duplicate_provider_id
P012867,"Keer, Kata and Bandi",ENT,Tenali,Gujarat,XXXXX,BADLIC,duplicate_provider_id
P007735,Manda and Sons,Oncology,Sonipat,West Bengal,XXXXX,BADLIC,duplicate_provider_id
P024443,"Bassi, Devi and Choudhry",ENT,Noida,Tripura,929778478,LIC515802,duplicate_provider_id
P010317,"Dugal, Chada and Gandhi",Pediatrics,Akola,Chhattisgarh,557408540,LIC446679,duplicate_provider_id
P025105,Murty-Kapur,ENT,Proddatur,West Bengal,335003420,LIC575619,duplicate_provider_id
P015263,Chaudhary-Devan,Orthopedics,Dehradun,Meghalaya,980150726,LIC790161,duplicate_provider_id
P034762,Rao-Nadkarni,ENT,Pudukkottai,Uttarakhand,XXXXX,BADLIC,duplicate_provider_id
P010713,"Wali, Ratta and Sura",Cardiology,Guntakal,Uttarakhand,465793772,LIC619630,duplicate_provider_id
P008208,"Apte, Patil and Yadav",ENT,Anand,West Bengal,XXXXX,BADLIC,duplicate_provider_id
P003290,"Taneja, Korpal and Din",Oncology,Jalandhar,West Bengal,541755564,LIC699727,duplicate_provider_id
P017420,Andra-Suri,Orthopedics,Srikakulam,Telangana,653684002,LIC304725,duplicate_provider_id
P030483,Chaudry LLC,Dermatology,Howrah,Kerala,769185239,LIC394402,duplicate_provider_id
P029178,Talwar-Bhat,Oncology,Allahabad,Goa,XXXXX,BADLIC,duplicate_provider_id
P022143,Grover-Majumdar,Dermatology,Malegaon,Haryana,XXXXX,BADLIC,duplicate_provider_id
P030845,Garg-Buch,Pediatrics,Yamunanagar,Uttarakhand,XXXXX,BADLIC,duplicate_provider_id
P005708,"Pradhan, Sehgal and Wali",Dermatology,Meerut,Rajasthan,XXXXX,BADLIC,duplicate_provider_id
P001060,"Handa, Kohli and Chakrabarti",Urology,Arrah,Uttarakhand,XXXXX,BADLIC,duplicate_provider_id
P019603,Bala Inc,Urology,Ratlam,West Bengal,XXXXX,BADLIC,duplicate_provider_id
P018657,"Ram, Karnik and Ranganathan",OBGYN,Madhyamgram,Uttarakhand,640517128,LIC795723,duplicate_provider_id
P008754,Ranganathan Inc,OBGYN,Junagadh,Punjab,XXXXX,BADLIC,duplicate_provider_id
P028220,Bhatia-Nath,ENT,Singrauli,Chhattisgarh,219737945,LIC699003,duplicate_provider_id
P017296,"Balay, Pandey and Sharma",Urology,Kota,Himachal Pradesh,XXXXX,BADLIC,duplicate_provider_id
P015724,"Sandal, Sanghvi and Jayaraman",Dermatology,Vellore,Madhya Pradesh,771150930,LIC659707,duplicate_provider_id
P000608,Rau-Ramanathan,Cardiology,Hajipur,West Bengal,729082320,LIC169604,duplicate_provider_id
P026017,Trivedi-Sharaf,ENT,Bhatpara,Telangana,487076650,LIC418827,duplicate_provider_id
P018782,"Yadav, Bhavsar and Thaman",Cardiology,Etawah,Goa,XXXXX,BADLIC,duplicate_provider_id
P001471,Sundaram-Kalla,Cardiology,Ratlam,Punjab,XXXXX,BADLIC,duplicate_provider_id
P028961,Rai Ltd,Pediatrics,Varanasi,Jharkhand,XXXXX,BADLIC,duplicate_provider_id
P026921,"Magar, Kumer and Shah",OBGYN,Anantapur,Rajasthan,191441860,LIC795623,duplicate_provider_id
P020221,Sunder LLC,Dermatology,Panipat,Arunachal Pradesh,534658866,LIC785204,duplicate_provider_id
P014528,Sethi and Sons,ENT,Ajmer,Mizoram,XXXXX,BADLIC,duplicate_provider_id
P016293,Mandal-Raja,Dermatology,Karaikudi,Kerala,614577546,LIC286159,duplicate_provider_id
P023651,Thakkar Ltd,Dermatology,Dindigul,Gujarat,XXXXX,BADLIC,duplicate_provider_id
P011165,Kapoor Group,Neurology,Nagaon,Tamil Nadu,503868275,LIC654113,duplicate_provider_id
P018633,"Nori, Mall and Nadkarni",Cardiology,Noida,Mizoram,645996536,LIC831471,duplicate_provider_id
P015957,Varkey and Sons,Neurology,Sikar,Punjab,606809407,LIC867842,duplicate_provider_id
P007331,Lal-Palan,Pediatrics,Mira-Bhayandar,Madhya Pradesh,XXXXX,BADLIC,duplicate_provider_id
P018744,"Wason, Kala and Chahal",OBGYN,Ratlam,West Bengal,810970953,LIC619325,duplicate_provider_id
P026194,Pau-Soni,OBGYN,Raurkela Industrial Township,Madhya Pradesh,153560221,LIC798359,duplicate_provider_id
P030034,Wable LLC,Dermatology,Shahjahanpur,Manipur,XXXXX,BADLIC,duplicate_provider_id
P023505,Merchant Group,Dermatology,Pondicherry,Kerala,XXXXX,BADLIC,duplicate_provider_id
P010879,"Barman, Sekhon and Chakraborty",OBGYN,Ghaziabad,Uttarakhand,XXXXX,BADLIC,duplicate_provider_id
P027373,"Keer, Nanda and Zacharia",Pediatrics,Jammu,Gujarat,XXXXX,BADLIC,duplicate_provider_id
P017257,Chakrabarti Ltd,Urology,Kozhikode,Odisha,225635573,LIC298553,duplicate_provider_id
P030408,Ramaswamy-Goswami,Urology,Rajkot,Goa,XXXXX,BADLIC,duplicate_provider_id
P019326,Rajagopal and Sons,Neurology,Raurkela Industrial Township,Maharashtra,XXXXX,BADLIC,duplicate_provider_id
P018034,"Sodhi, Mannan and Bajaj",Oncology,Sultan Pur Majra,Chhattisgarh,XXXXX,BADLIC,duplicate_provider_id
P020406,Palla Inc,Dermatology,Saharsa,Maharashtra,290697830,LIC398008,duplicate_provider_id
P004344,Brar LLC,Urology,Chandrapur,Sikkim,XXXXX,BADLIC,duplicate_provider_id
P014130,Bali LLC,Dermatology,Baranagar,Odisha,XXXXX,BADLIC,duplicate_provider_id
P014579,Badal-Dey,Neurology,Mau,Jharkhand,XXXXX,BADLIC,duplicate_provider_id
P009121,"Shetty, Biswas and Chand",OBGYN,Shivpuri,Chhattisgarh,XXXXX,BADLIC,duplicate_provider_id
P005550,"Chaudry, Bhalla and Sami",Urology,Dewas,Jharkhand,247510359,LIC766279,duplicate_provider_id
P011258,Bhatnagar Inc,Cardiology,Kalyan-Dombivli,Tamil Nadu,689262174,LIC850788,duplicate_provider_id
P004687,Vora-Upadhyay,General Medicine,Chandigarh,Gujarat,XXXXX,BADLIC,duplicate_provider_id
P026030,Iyer-Rai,OBGYN,Yamunanagar,Telangana,655275929,LIC207951,duplicate_provider_id
P028233,"Natarajan, Wason and Chahal",Dermatology,Visakhapatnam,Uttarakhand,XXXXX,BADLIC,duplicate_provider_id
P014675,"Ratta, Pillai and Bath",OBGYN,Nagaon,Telangana,XXXXX,BADLIC,duplicate_provider_id
P016087,Tank-Nagarajan,Oncology,Nanded,Nagaland,XXXXX,BADLIC,duplicate_provider_id
P034469,Upadhyay-Malhotra,Dermatology,Jalgaon,West Bengal,XXXXX,BADLIC,duplicate_provider_id
P010064,Venkataraman-Biswas,Pediatrics,Malda,Bihar,118772172,LIC254569,duplicate_provider_id
P010333,Kapur Ltd,Neurology,Miryalaguda,Karnataka,XXXXX,BADLIC,duplicate_provider_id
P026116,Sharaf-Dubey,Pediatrics,Raurkela Industrial Township,Manipur,XXXXX,BADLIC,duplicate_provider_id
P007179,"Sandal, Batta and Rajagopal",Dermatology,Munger,Bihar,XXXXX,BADLIC,duplicate_provider_id
P009468,Grewal Inc,ENT,Saharsa,Odisha,XXXXX,BADLIC,duplicate_provider_id
P029813,Murthy-Dave,Cardiology,Nangloi Jat,Maharashtra,XXXXX,BADLIC,duplicate_provider_id
P019775,Hegde-Kanda,General Medicine,Ballia,Odisha,636212094,LIC341665,duplicate_provider_id
P003129,Gokhale Inc,General Medicine,Mangalore,Assam,460660186,LIC245320,duplicate_provider_id
P005869,Lata-Madan,ENT,Bikaner,Tripura,208046552,LIC912825,duplicate_provider_id
P019812,Prashad-Bhavsar,Oncology,Dhanbad,Uttarakhand,441118199,LIC175031,duplicate_provider_id
P028853,"Chaudhari, Dua and Dugal",Orthopedics,Bhilai,Uttar Pradesh,100728824,LIC626962,duplicate_provider_id
P013277,Taneja-Ramaswamy,Neurology,Dewas,Nagaland,931346190,LIC155289,duplicate_provider_id
P006935,Bhatia-Zachariah,Orthopedics,Siliguri,Karnataka,681473882,LIC725305,duplicate_provider_id
P020109,Sha-Pradhan,ENT,Salem,Telangana,551130230,LIC139637,duplicate_provider_id
P024169,"Kapur, Rattan and Dugar",OBGYN,Bhilai,Himachal Pradesh,618448857,LIC610271,duplicate_provider_id
P028172,Deep-Minhas,OBGYN,Ballia,Sikkim,435405793,LIC412183,duplicate_provider_id
P028426,Pingle Ltd,Neurology,Maheshtala,Uttar Pradesh,487196083,LIC767015,duplicate_provider_id
P018760,Soman-Prakash,Cardiology,Rampur,Mizoram,357002550,LIC863740,duplicate_provider_id
P012732,Deep-Sane,Neurology,Amritsar,Nagaland,826299035,LIC762080,duplicate_provider_id
P010689,Rastogi-Lala,ENT,Bharatpur,Jharkhand,199847010,LIC295493,duplicate_provider_id
P024613,Kannan-Prashad,Pediatrics,Tadipatri,West Bengal,498748364,LIC444501,duplicate_provider_id
P032505,"Mitter, Murthy and Chaudhuri",Oncology,Ludhiana,Tripura,XXXXX,BADLIC,duplicate_provider_id
P016584,Mital LLC,Neurology,Saharsa,Haryana,715704367,LIC540026,duplicate_provider_id
P008207,"Hora, Ramachandran and Sarkar",Dermatology,Ambala,Jharkhand,637450945,LIC665868,duplicate_provider_id
P028135,Chander Group,Pediatrics,Haldia,Chhattisgarh,XXXXX,BADLIC,duplicate_provider_id
P006175,Cherian-Mani,ENT,Madhyamgram,Karnataka,921616844,LIC416114,duplicate_provider_id
P018467,Walla and Sons,Orthopedics,Kozhikode,Uttar Pradesh,XXXXX,BADLIC,duplicate_provider_id
P006886,Gupta-Wagle,Orthopedics,Burhanpur,Punjab,XXXXX,BADLIC,duplicate_provider_id
P025867,Munshi-Zachariah,OBGYN,Thane,Gujarat,854535285,LIC671540,duplicate_provider_id
P024091,Munshi-Nayak,Dermatology,Khandwa,Goa,329699584,LIC474401,duplicate_provider_id
P022599,Venkatesh-Saini,Dermatology,Tadipatri,West Bengal,484783936,LIC343001,duplicate_provider_id
P030792,Badal-Sha,Cardiology,Jamshedpur,Maharashtra,XXXXX,BADLIC,duplicate_provider_id
P002545,Kadakia-Vig,Oncology,Bhopal,Mizoram,158748822,LIC409668,duplicate_provider_id
P010907,Gupta-Wagle,Dermatology,Khammam,Karnataka,778341799,LIC689926,duplicate_provider_id
P013962,D’Alia-Chana,Neurology,Nangloi Jat,Mizoram,XXXXX,BADLIC,duplicate_provider_id
P034032,Nayar Inc,Urology,Navi Mumbai,Kerala,883234450,LIC430856,duplicate_provider_id
P007387,"Ganguly, Subramanian and Mall",Oncology,Faridabad,Jharkhand,238467788,LIC811384,duplicate_provider_id
P034710,Keer-Sachar,Oncology,Dewas,Manipur,725069237,LIC379769,duplicate_provider_id
P018575,Bobal Ltd,General Medicine,Nashik,Maharashtra,XXXXX,BADLIC,duplicate_provider_id
P009499,"Raju, Bir and Roy",Urology,Tiruchirappalli,Haryana,XXXXX,BADLIC,duplicate_provider_id
P007210,"Bhagat, Hegde and Sood",Cardiology,Bhilwara,Uttarakhand,XXXXX,BADLIC,duplicate_provider_id
P021077,"Dugal, Panchal and Palla",Orthopedics,Firozabad,Sikkim,663658584,LIC728571,duplicate_provider_id
P027726,Patla Inc,Cardiology,Muzaffarnagar,Bihar,845333182,LIC597885,duplicate_provider_id
P031825,"Swaminathan, Subramanian and Garg",Pediatrics,Mangalore,Kerala,414357029,LIC588190,duplicate_provider_id
P001588,"Nadkarni, Kunda and Tandon",Orthopedics,Kharagpur,Mizoram,XXXXX,BADLIC,duplicate_provider_id
P008248,"Bajaj, Kala and Dhar",Neurology,Jalna,Gujarat,769134810,LIC215918,duplicate_provider_id
P011459,Malhotra LLC,Cardiology,Chapra,Himachal Pradesh,XXXXX,BADLIC,duplicate_provider_id
P034146,Kashyap-Keer,Neurology,Kumbakonam,Sikkim,663165975,LIC797513,duplicate_provider_id
P020624,Manda Inc,Dermatology,Rewa,Assam,XXXXX,BADLIC,duplicate_provider_id
P034998,Gupta-Ben,Oncology,Ramgarh,West Bengal,XXXXX,BADLIC,duplicate_provider_id
P006796,Karnik and Sons,General Medicine,Bongaigaon,Tamil Nadu,148245618,LIC231878,duplicate_provider_id
P010306,Chandran-Sarma,Orthopedics,Bellary,Assam,XXXXX,BADLIC,duplicate_provider_id
P001446,"Din, Grewal and Wason",Oncology,Thoothukudi,Madhya Pradesh,XXXXX,BADLIC,duplicate_provider_id
P010829,Sastry-Dua,Orthopedics,Sikar,Nagaland,887873341,LIC682485,duplicate_provider_id
P017540,Agate LLC,Cardiology,Chandrapur,Mizoram,XXXXX,BADLIC,duplicate_provider_id
P008220,Raj-Master,Pediatrics,Saharsa,Meghalaya,349703989,LIC856631,duplicate_provider_id
P000163,Mand-Balakrishnan,OBGYN,Jaunpur,Uttar Pradesh,142107701,LIC437114,duplicate_provider_id
P003351,Bail Inc,Urology,Ambarnath,Haryana,272850757,LIC732128,duplicate_provider_id
P003987,Kulkarni PLC,Urology,Muzaffarpur,Uttarakhand,XXXXX,BADLIC,duplicate_provider_id
P015346,Bora PLC,Pediatrics,Udupi,Gujarat,402627816,LIC903733,duplicate_provider_id
P019259,Dhawan and Sons,Neurology,Kota,Uttarakhand,XXXXX,BADLIC,duplicate_provider_id
P001704,"Barad, Mody and Bhalla",Dermatology,Ongole,Haryana,XXXXX,BADLIC,duplicate_provider_id
P005393,Bhakta Inc,Neurology,Raurkela Industrial Township,Bihar,XXXXX,BADLIC,duplicate_provider_id
P030722,Date LLC,General Medicine,Barasat,Punjab,125219983,LIC380661,duplicate_provider_id
P024825,Kade LLC,General Medicine,Hapur,Assam,649260967,LIC953227,duplicate_provider_id
P001999,Goda-Bahri,Neurology,Tenali,Maharashtra,597144453,LIC690922,duplicate_provider_id
P006058,Pai and Sons,Neurology,Baranagar,Chhattisgarh,899863054,LIC306868,duplicate_provider_id
P026310,"Soni, Dey and Parekh",OBGYN,Siliguri,Himachal Pradesh,992775715,LIC312354,duplicate_provider_id
P001308,"Chakrabarti, Sathe and Sekhon",Neurology,New Delhi,Rajasthan,XXXXX,BADLIC,duplicate_provider_id
P010352,"Bhatt, Doshi and Pant",Orthopedics,Sangli-Miraj & Kupwad,Uttarakhand,143311097,LIC363126,duplicate_provider_id
P021211,Bobal-Nadig,Pediatrics,Surendranagar Dudhrej,Chhattisgarh,XXXXX,BADLIC,duplicate_provider_id
P016405,"Rana, Setty and Chand",OBGYN,Ulhasnagar,Nagaland,XXXXX,BADLIC,duplicate_provider_id
P001057,Pall-Jani,Cardiology,Deoghar,Punjab,XXXXX,BADLIC,duplicate_provider_id
P001239,Iyengar LLC,Cardiology,Bhalswa Jahangir Pur,Gujarat,XXXXX,BADLIC,duplicate_provider_id
P003432,"Menon, Patla and Rajagopalan",Dermatology,Shimoga,Karnataka,310555193,LIC572913,duplicate_provider_id
P033439,Naik LLC,Neurology,Bhind,Meghalaya,XXXXX,BADLIC,duplicate_provider_id
P000619,Borde Group,Urology,Kishanganj,Gujarat,659359175,LIC944901,duplicate_provider_id
P000297,Karan Group,ENT,Rewa,Haryana,693267644,LIC710074,duplicate_provider_id
P000576,Devi Ltd,General Medicine,Sambalpur,Uttar Pradesh,204692796,LIC405092,duplicate_provider_id
P007503,Gera-Karan,Cardiology,Sirsa,Assam,XXXXX,BADLIC,duplicate_provider_id
P024974,Sunder-Modi,ENT,Pondicherry,Rajasthan,781152121,LIC661516,duplicate_provider_id
P032138,Gour and Sons,Pediatrics,Firozabad,Odisha,980844671,LIC556041,duplicate_provider_id
P026414,Warrior Inc,Dermatology,Raipur,Goa,838406585,LIC565168,duplicate_provider_id
P000810,Kohli Ltd,Oncology,Madurai,Mizoram,XXXXX,BADLIC,duplicate_provider_id
P003939,Kumar-Parikh,Orthopedics,Tadepalligudem,Himachal Pradesh,973022959,LIC130267,duplicate_provider_id
P006632,Mani-Dave,Dermatology,Kadapa,Maharashtra,385385049,LIC603247,duplicate_provider_id
P017033,"Kamdar, Om and Puri",Urology,Ramagundam,Maharashtra,XXXXX,BADLIC,duplicate_provider_id
P011300,Sem and Sons,Pediatrics,Delhi,Maharashtra,972817791,LIC821064,duplicate_provider_id
P015639,"Mukhopadhyay, Jha and Sridhar",Orthopedics,Bhalswa Jahangir Pur,Karnataka,145799852,LIC543372,duplicate_provider_id
P028689,Patil Group,Oncology,Ujjain,Odisha,144859486,LIC119139,duplicate_provider_id
P018867,Baral-Sunder,Pediatrics,Narasaraopet,Madhya Pradesh,619283596,LIC976257,duplicate_provider_id
P013101,"Sridhar, Bath and Sidhu",OBGYN,Giridih,Gujarat,951982372,LIC476332,duplicate_provider_id
P015482,"Lata, Chanda and Sha",Pediatrics,Thrissur,Sikkim,XXXXX,BADLIC,duplicate_provider_id
P026994,Chowdhury-Ramaswamy,ENT,Nagercoil,Karnataka,XXXXX,BADLIC,duplicate_provider_id
P020412,Peri Inc,ENT,Srinagar,Odisha,XXXXX,BADLIC,duplicate_provider_id
P001807,Tailor-Shere,OBGYN,Hosur,Punjab,XXXXX,BADLIC,duplicate_provider_id
P025572,"Bhardwaj, Sridhar and Setty",Cardiology,Vijayawada,Gujarat,XXXXX,BADLIC,duplicate_provider_id
P008752,"Mishra, Baral and Kapur",Dermatology,Gaya,Jharkhand,188578105,LIC588915,duplicate_provider_id
P028763,Gupta-Ben,Urology,Chennai,Gujarat,XXXXX,BADLIC,duplicate_provider_id
P031031,Sengupta-Ravel,Urology,Khandwa,Chhattisgarh,925174228,LIC749915,duplicate_provider_id
P024084,Tella-Pathak,Orthopedics,Bidar,Chhattisgarh,XXXXX,BADLIC,duplicate_provider_id
P002599,Vora PLC,General Medicine,Kirari Suleman Nagar,Gujarat,XXXXX,BADLIC,duplicate_provider_id
P034120,"Dua, Garde and Barad",Dermatology,Eluru,Gujarat,XXXXX,BADLIC,duplicate_provider_id
P002146,"Sandal, Sanghvi and Jayaraman",Cardiology,Hospet,Tripura,XXXXX,BADLIC,duplicate_provider_id
P020070,Goswami-Dewan,Pediatrics,Ranchi,Bihar,739405887,LIC674084,duplicate_provider_id
P016537,Suri-Shetty,Urology,Patna,Kerala,XXXXX,BADLIC,duplicate_provider_id
P003569,"Zachariah, Shetty and Tandon",Orthopedics,Ramagundam,Uttar Pradesh,733222925,LIC879723,duplicate_provider_id
P002694,"Chacko, Goyal and Subramanian",OBGYN,Jamnagar,Punjab,XXXXX,BADLIC,duplicate_provider_id
P014301,"Kade, Hari and Krishnamurthy",Neurology,Berhampur,Odisha,335775292,LIC153492,duplicate_provider_id
P012570,"Bhardwaj, Sridhar and Setty",ENT,Allahabad,Rajasthan,XXXXX,BADLIC,duplicate_provider_id
P017449,Grover-Majumdar,General Medicine,Nagaon,Bihar,XXXXX,BADLIC,duplicate_provider_id
P022003,"Dua, Yohannan and Morar",Oncology,Kolkata,Rajasthan,XXXXX,BADLIC,duplicate_provider_id
P012836,Lalla and Sons,Cardiology,Bhubaneswar,Uttarakhand,289945056,LIC242223,duplicate_provider_id
P027068,Wadhwa LLC,General Medicine,Vasai-Virar,Jharkhand,XXXXX,BADLIC,duplicate_provider_id
P008540,"Narasimhan, Gill and Palan",Cardiology,Siwan,Goa,XXXXX,BADLIC,duplicate_provider_id
P013876,Shenoy-Dhingra,OBGYN,Guntakal,Uttar Pradesh,XXXXX,BADLIC,duplicate_provider_id
P028681,Behl PLC,Dermatology,Deoghar,Odisha,478256774,LIC919424,duplicate_provider_id
P022583,Randhawa LLC,Dermatology,Sasaram,Gujarat,652187372,LIC494569,duplicate_provider_id
P033479,Behl-Peri,Dermatology,Kadapa,Chhattisgarh,819971961,LIC963408,duplicate_provider_id
P012918,Sangha-Varma,Pediatrics,Khora ,Haryana,597962240,LIC876022,duplicate_provider_id
P009432,Majumdar PLC,General Medicine,Hajipur,Karnataka,XXXXX,BADLIC,duplicate_provider_id
P005118,Mannan-Gaba,ENT,Dewas,Haryana,XXXXX,BADLIC,duplicate_provider_id
P007154,Basu Inc,Oncology,Cuttack,Assam,XXXXX,BADLIC,duplicate_provider_id
P024378,Varkey-Grewal,General Medicine,Nadiad,Punjab,XXXXX,BADLIC,duplicate_provider_id
P034904,Ganesh-Sachdev,ENT,Cuttack,Mizoram,213099863,LIC894180,duplicate_provider_id
P024362,Krishna-Om,Pediatrics,Kamarhati,Odisha,XXXXX,BADLIC,duplicate_provider_id
P010242,Chhabra Group,Pediatrics,Madhyamgram,Assam,696962655,LIC475683,duplicate_provider_id
P034596,Om-Batra,ENT,Rampur,Madhya Pradesh,148476412,LIC744461,duplicate_provider_id
P026610,Sethi Inc,Oncology,Gandhidham,Odisha,XXXXX,BADLIC,duplicate_provider_id
P033109,"Sem, Gola and Dhillon",ENT,Sikar,West Bengal,XXXXX,BADLIC,duplicate_provider_id
P027577,"Singh, Atwal and Sahni",Neurology,Nadiad,Himachal Pradesh,331598903,LIC882486,duplicate_provider_id
P008946,"Wable, Bhatia and Basu",Oncology,Gwalior,Bihar,891633702,LIC379236,duplicate_provider_id
P013799,"Chhabra, Ratti and Sarraf",OBGYN,Miryalaguda,Arunachal Pradesh,XXXXX,BADLIC,duplicate_provider_id
P001073,Kakar-Ray,Orthopedics,Amritsar,Rajasthan,XXXXX,BADLIC,duplicate_provider_id
P016083,"Murthy, Mander and Jha",Pediatrics,Shimla,Bihar,892186448,LIC891364,duplicate_provider_id
P029377,"Yadav, Korpal and Butala",General Medicine,Anantapur,Tripura,767248940,LIC764820,duplicate_provider_id
P003101,Khalsa LLC,ENT,Bhopal,Chhattisgarh,742840119,LIC398652,duplicate_provider_id
P026224,"Korpal, Patel and Sahota",Pediatrics,Sonipat,Mizoram,XXXXX,BADLIC,duplicate_provider_id
P026550,Bhatti-Bhalla,Urology,Rohtak,Punjab,XXXXX,BADLIC,duplicate_provider_id
P012306,"Ganesan, Ben and Kaul",Cardiology,Fatehpur,Arunachal Pradesh,XXXXX,BADLIC,duplicate_provider_id
P004030,"Ravi, Soni and Pau",Oncology,Dibrugarh,Haryana,XXXXX,BADLIC,duplicate_provider_id
P026763,Dani-Kibe,OBGYN,Nashik,Punjab,804893704,LIC748480,duplicate_provider_id
P034385,Dash-Arora,General Medicine,Belgaum,Madhya Pradesh,XXXXX,BADLIC,duplicate_provider_id
P030060,Deep Group,Pediatrics,Sagar,Kerala,536032027,LIC607296,duplicate_provider_id
P000537,Gokhale-Balasubramanian,OBGYN,Sikar,Rajasthan,XXXXX,BADLIC,duplicate_provider_id
P029242,"Pingle, Kant and Rajagopalan",Neurology,Hazaribagh,Karnataka,XXXXX,BADLIC,duplicate_provider_id
P019775,Kohli-Sahota,Urology,Firozabad,Assam,XXXXX,BADLIC,duplicate_provider_id
P007117,Varghese Group,Oncology,Davanagere,Nagaland,288018599,LIC469281,duplicate_provider_id
P000608,Ramesh PLC,Orthopedics,Sonipat,Nagaland,XXXXX,BADLIC,duplicate_provider_id
P028005,Krishna-Om,Cardiology,Jamalpur,Punjab,768737682,LIC850775,duplicate_provider_id
P011282,"Wason, Pillay and Agarwal",OBGYN,Jalna,Punjab,360630603,LIC786905,duplicate_provider_id
P000275,Ranganathan Inc,Dermatology,Bareilly,Sikkim,477052037,LIC178308,duplicate_provider_id
P010458,Mukherjee PLC,Oncology,Yamunanagar,Gujarat,XXXXX,BADLIC,duplicate_provider_id
P033355,Mandal-Dalal,Neurology,Rewa,Madhya Pradesh,283967729,LIC447212,duplicate_provider_id
P031149,"Savant, Korpal and Krish",OBGYN,Kurnool,Punjab,380635651,LIC602842,duplicate_provider_id
P027438,Pall PLC,OBGYN,Giridih,Himachal Pradesh,898949285,LIC571303,duplicate_provider_id
P015889,Panchal LLC,Urology,North Dumdum,Assam,XXXXX,BADLIC,duplicate_provider_id
P026529,"Cheema, Venkatesh and Desai",Dermatology,Sikar,Karnataka,XXXXX,BADLIC,duplicate_provider_id
P004873,Dave-Bath,Pediatrics,Kharagpur,Telangana,XXXXX,BADLIC,duplicate_provider_id
P005229,Ramesh Group,Pediatrics,Pudukkottai,Odisha,133514262,LIC372686,duplicate_provider_id
P021930,"Nagar, Swamy and Talwar",General Medicine,Rewa,Nagaland,XXXXX,BADLIC,duplicate_provider_id
P027192,"Patil, Narasimhan and Vig",Oncology,New Delhi,Tripura,624333878,LIC733142,duplicate_provider_id
P018677,Deep-Sane,ENT,Naihati,Himachal Pradesh,XXXXX,BADLIC,duplicate_provider_id
P008340,"Soni, Dey and Parekh",Cardiology,Bhusawal,Manipur,272608963,LIC369064,duplicate_provider_id
P001488,Om-Batra,General Medicine,Erode,Telangana,209173362,LIC174001,duplicate_provider_id
P017904,Varghese Group,Urology,Mathura,Assam,XXXXX,BADLIC,duplicate_provider_id
P000284,Prasad-Dua,Cardiology,Kumbakonam,Uttar Pradesh,XXXXX,BADLIC,duplicate_provider_id
P000478,Purohit-Manne,Neurology,Madhyamgram,Manipur,427993026,LIC662445,duplicate_provider_id
P011019,"Kala, Savant and Kaul",General Medicine,Tadepalligudem,Karnataka,446216036,LIC435950,duplicate_provider_id
P029926,"Nayar, Wali and Bahri",OBGYN,Junagadh,West Bengal,XXXXX,BADLIC,duplicate_provider_id
P010763,"Mukherjee, Doshi and Brar",Neurology,Jalna,Kerala,XXXXX,BADLIC,duplicate_provider_id
P001887,Raju-Balasubramanian,ENT,Anantapur,Madhya Pradesh,553844650,LIC671311,duplicate_provider_id
P027123,Khalsa-Sule,Urology,Narasaraopet,Odisha,502450562,LIC448151,duplicate_provider_id
P020803,Sibal LLC,Oncology,Amritsar,Uttarakhand,341648089,LIC966707,duplicate_provider_id
P008614,Rajagopalan-Samra,OBGYN,Bhimavaram,West Bengal,XXXXX,BADLIC,duplicate_provider_id
P026664,Mital-Kulkarni,ENT,Mango,Chhattisgarh,XXXXX,BADLIC,duplicate_provider_id
P005716,Bath and Sons,Oncology,Amaravati,Uttar Pradesh,XXXXX,BADLIC,duplicate_provider_id
P022205,Sant-Shroff,ENT,Mahbubnagar,Rajasthan,389800396,LIC523959,duplicate_provider_id
P021798,"Lall, Walla and Chatterjee",Orthopedics,Ghaziabad,Tamil Nadu,750835301,LIC470252,duplicate_provider_id
P032927,Grewal-Sunder,ENT,Tirupati,Mizoram,XXXXX,BADLIC,duplicate_provider_id
P029267,D’Alia Ltd,Dermatology,Khora ,Chhattisgarh,XXXXX,BADLIC,duplicate_provider_id
P020520,"Pal, Manne and Kata",Cardiology,Hazaribagh,Bihar,XXXXX,BADLIC,duplicate_provider_id
P008260,"Mohan, Vohra and Varkey",Neurology,Chandrapur,Manipur,745613039,LIC543916,duplicate_provider_id
P010300,Parmar LLC,General Medicine,Gangtok,Uttarakhand,110988153,LIC204434,duplicate_provider_id
P013890,Walia-Arora,Pediatrics,Mumbai,Rajasthan,XXXXX,BADLIC,duplicate_provider_id
P000809,Rana-Sarkar,Dermatology,Ambattur,Chhattisgarh,XXXXX,BADLIC,duplicate_provider_id
P012008,Joshi-Prasad,OBGYN,Chandrapur,Chhattisgarh,XXXXX,BADLIC,duplicate_provider_id
P020897,Dar PLC,General Medicine,Kishanganj,Himachal Pradesh,XXXXX,BADLIC,duplicate_provider_id
P004769,Borah LLC,Pediatrics,Ulhasnagar,Himachal Pradesh,XXXXX,BADLIC,duplicate_provider_id
P002689,Dash and Sons,Neurology,Kulti,Maharashtra,XXXXX,BADLIC,duplicate_provider_id
P004941,"Issac, Aurora and Barad",Pediatrics,Amravati,Telangana,XXXXX,BADLIC,duplicate_provider_id
P006109,Barad PLC,Cardiology,Jhansi,West Bengal,400721348,LIC818091,duplicate_provider_id
P029339,D’Alia Ltd,General Medicine,Tirupati,Punjab,XXXXX,BADLIC,duplicate_provider_id
P009868,Magar Inc,OBGYN,Serampore,Punjab,297805588,LIC714364,duplicate_provider_id
P022593,"Pathak, Master and Seshadri",Oncology,Bidar,Bihar,488553463,LIC127017,duplicate_provider_id
P011860,Sharaf PLC,Cardiology,New Delhi,Mizoram,XXXXX,BADLIC,duplicate_provider_id
P030380,Mander-Ranganathan,Dermatology,Bally,Haryana,XXXXX,BADLIC,duplicate_provider_id
P017929,Krishnan-Chaudry,General Medicine,Nandyal,Nagaland,XXXXX,BADLIC,duplicate_provider_id
P024515,"Kale, Toor and Badal",OBGYN,Bhatpara,Mizoram,934759903,LIC841526,duplicate_provider_id
P026073,Rajagopalan-Samra,Oncology,Kota,Maharashtra,XXXXX,BADLIC,duplicate_provider_id
P009684,Gaba LLC,Neurology,Vijayawada,Maharashtra,XXXXX,BADLIC,duplicate_provider_id
P033796,Bhatnagar-Dewan,Urology,Katihar,Uttar Pradesh,225202198,LIC248089,duplicate_provider_id
P018790,Shere LLC,Pediatrics,Adoni,Chhattisgarh,773312390,LIC933621,duplicate_provider_id
P005690,"Shetty, Biswas and Chand",Neurology,Chennai,Bihar,XXXXX,BADLIC,duplicate_provider_id
P026686,"Narain, Swaminathan and Lad",Urology,Gudivada,Tamil Nadu,271731903,LIC997255,duplicate_provider_id
P003847,Balakrishnan-Parekh,General Medicine,Kumbakonam,Karnataka,XXXXX,BADLIC,duplicate_provider_id
P011139,Aggarwal and Sons,Oncology,Bardhaman,Maharashtra,XXXXX,BADLIC,duplicate_provider_id
P006074,Kamdar and Sons,OBGYN,Bhubaneswar,Tripura,XXXXX,BADLIC,duplicate_provider_id
P033917,Gera and Sons,ENT,Chandrapur,Haryana,492050660,LIC879613,duplicate_provider_id
P002905,Sankaran-Gara,Dermatology,Bhagalpur,West Bengal,XXXXX,BADLIC,duplicate_provider_id
P013077,Baral-Varughese,Pediatrics,Burhanpur,Andhra Pradesh,XXXXX,BADLIC,duplicate_provider_id
P013594,"Saraf, Tiwari and Sinha",Dermatology,Sambalpur,Arunachal Pradesh,249684871,LIC601863,duplicate_provider_id
P027536,Basak Inc,Orthopedics,Siliguri,Tamil Nadu,XXXXX,BADLIC,duplicate_provider_id
P016670,Setty-Palla,Pediatrics,Pali,Tamil Nadu,885985699,LIC406645,duplicate_provider_id
P011752,Talwar-Panchal,Dermatology,Gopalpur,Haryana,443996408,LIC773051,duplicate_provider_id
P012834,Pillai and Sons,Dermatology,Raurkela Industrial Township,Uttar Pradesh,XXXXX,BADLIC,duplicate_provider_id
P022488,"Dar, Sandhu and Chand",Orthopedics,Hyderabad,Gujarat,494318168,LIC110889,duplicate_provider_id
P020850,Mammen-Patil,ENT,North Dumdum,Karnataka,876590375,LIC573273,duplicate_provider_id
P034337,Dasgupta-Mittal,Oncology,Yamunanagar,Maharashtra,XXXXX,BADLIC,duplicate_provider_id
P013347,Kant-Parmar,Oncology,Loni,Chhattisgarh,XXXXX,BADLIC,duplicate_provider_id
P016973,Rastogi PLC,Dermatology,Kadapa,Mizoram,XXXXX,BADLIC,duplicate_provider_id
P010455,"Dugar, Sangha and Malhotra",Cardiology,Gwalior,Rajasthan,XXXXX,BADLIC,duplicate_provider_id
P012260,"Madan, Ramakrishnan and Ram",Urology,Bhagalpur,Assam,XXXXX,BADLIC,duplicate_provider_id
P021861,Chatterjee Group,Pediatrics,Srinagar,Kerala,XXXXX,BADLIC,duplicate_provider_id
P016110,Kohli-Agate,Urology,Miryalaguda,Meghalaya,582234296,LIC974307,duplicate_provider_id
P027074,Wagle-Devan,Neurology,Raipur,Odisha,XXXXX,BADLIC,duplicate_provider_id
P023843,Bhasin Inc,Urology,Nandyal,Haryana,234719895,LIC288155,duplicate_provider_id
P028677,Bhakta-Dass,Dermatology,Orai,Punjab,XXXXX,BADLIC,duplicate_provider_id
P016040,"Puri, Balan and Vohra",ENT,Pimpri-Chinchwad,Assam,XXXXX,BADLIC,duplicate_provider_id
P033312,"Ramanathan, Rajagopalan and Ramesh",Dermatology,Guntakal,Gujarat,XXXXX,BADLIC,duplicate_provider_id
P023260,Goda Group,Neurology,Barasat,Tripura,XXXXX,BADLIC,duplicate_provider_id
P012970,Guha-Mody,Urology,Satara,Maharashtra,XXXXX,BADLIC,duplicate_provider_id
P026961,"Contractor, Dugar and Kapur",General Medicine,Bhind,Goa,XXXXX,BADLIC,duplicate_provider_id
P028854,"Chaudhuri, Barman and Choudhary",Dermatology,Davanagere,Assam,XXXXX,BADLIC,duplicate_provider_id
P034367,Suresh-Sankar,OBGYN,Shimoga,Mizoram,589506330,LIC377932,duplicate_provider_id
P001618,Deo-Ramaswamy,Neurology,Hubli–Dharwad,Karnataka,685671400,LIC584467,duplicate_provider_id
P006840,Chowdhury-Chaudhary,General Medicine,Jalna,Chhattisgarh,660545994,LIC124382,duplicate_provider_id
P004365,Modi Group,Pediatrics,Dhanbad,Rajasthan,768914081,LIC447951,duplicate_provider_id
P022182,"Upadhyay, Seshadri and Kapoor",Oncology,Udaipur,Madhya Pradesh,XXXXX,BADLIC,duplicate_provider_id
P020956,Dugal LLC,General Medicine,Rajpur Sonarpur,Goa,XXXXX,BADLIC,duplicate_provider_id
P026616,Ramachandran Ltd,Oncology,Raurkela Industrial Township,Punjab,XXXXX,BADLIC,duplicate_provider_id
P009049,Sarin-Bhandari,Cardiology,Rewa,West Bengal,148411153,LIC881359,duplicate_provider_id
P008979,Jani Ltd,Orthopedics,Kochi,Goa,582426424,LIC877034,duplicate_provider_id
P010337,Barman PLC,General Medicine,Etawah,Uttar Pradesh,XXXXX,BADLIC,duplicate_provider_id
P008932,Sen-Toor,Pediatrics,Firozabad,Assam,XXXXX,BADLIC,duplicate_provider_id
P012153,"Brahmbhatt, Arora and Patil",ENT,Farrukhabad,Haryana,101917166,LIC365015,duplicate_provider_id
P017119,Srinivas and Sons,Dermatology,Berhampur,Chhattisgarh,231190653,LIC300418,duplicate_provider_id
P032767,"Acharya, Sankar and Rama",Orthopedics,Lucknow,Madhya Pradesh,XXXXX,BADLIC,duplicate_provider_id
P021329,Nanda-Bhattacharyya,Neurology,Berhampur,Uttar Pradesh,981234664,LIC421615,duplicate_provider_id
P009366,"Varghese, Dar and Arya",Orthopedics,Sonipat,Punjab,XXXXX,BADLIC,duplicate_provider_id
P031902,"Vaidya, Shere and Kalita",Cardiology,Agartala,Rajasthan,275503081,LIC892056,duplicate_provider_id
P014668,"Grewal, Sharma and Kadakia",Pediatrics,Karaikudi,Tamil Nadu,XXXXX,BADLIC,duplicate_provider_id
P024936,Murty Ltd,Pediatrics,Jhansi,Assam,XXXXX,BADLIC,duplicate_provider_id
P000040,Bava PLC,Urology,Jaipur,Maharashtra,XXXXX,BADLIC,duplicate_provider_id
P008228,Sama LLC,Dermatology,Kirari Suleman Nagar,Punjab,XXXXX,BADLIC,duplicate_provider_id
P003480,"Chandra, Thakkar and Dara",Urology,Proddatur,Karnataka,171775463,LIC966155,duplicate_provider_id
P017476,Arora-Dar,ENT,Kanpur,Tamil Nadu,XXXXX,BADLIC,duplicate_provider_id
P022117,Issac and Sons,ENT,Maheshtala,Manipur,XXXXX,BADLIC,duplicate_provider_id
P022746,Natt Ltd,Orthopedics,Bilaspur,Assam,XXXXX,BADLIC,duplicate_provider_id
P011920,Varghese Group,Cardiology,Ulhasnagar,Uttarakhand,539573927,LIC258099,duplicate_provider_id
P030942,Agate-Din,OBGYN,Jodhpur,Telangana,XXXXX,BADLIC,duplicate_provider_id
P028247,Prabhu-Yadav,Pediatrics,Khandwa,Jharkhand,144085535,LIC266238,duplicate_provider_id
P013289,Saini-Kade,Cardiology,Jalandhar,Arunachal Pradesh,421342722,LIC266354,duplicate_provider_id
P000718,Nagarajan Group,Cardiology,Unnao,Tripura,738869179,LIC692350,duplicate_provider_id
P029444,Lad PLC,OBGYN,Ichalkaranji,Madhya Pradesh,686453621,LIC891676,duplicate_provider_id
P022019,"Kumar, Dayal and Yogi",OBGYN,Kolhapur,Karnataka,XXXXX,BADLIC,duplicate_provider_id
P019979,"Rana, Setty and Chand",Urology,Amaravati,West Bengal,342814734,LIC382074,duplicate_provider_id
P028068,"Gour, Parsa and Sahni",General Medicine,Anantapuram,Arunachal Pradesh,XXXXX,BADLIC,duplicate_provider_id
P003394,"Gera, Kaur and Saraf",Orthopedics,Panihati,Kerala,XXXXX,BADLIC,duplicate_provider_id
P023564,Dasgupta Ltd,Dermatology,Nagaon,Haryana,641360397,LIC100436,duplicate_provider_id
P034935,"Comar, Gandhi and Patil",Pediatrics,Jodhpur,Assam,XXXXX,BADLIC,duplicate_provider_id
P002731,"Sachar, Sane and Yohannan",ENT,Ludhiana,Sikkim,XXXXX,BADLIC,duplicate_provider_id
P014295,Balay Group,Pediatrics,Hindupur,Nagaland,XXXXX,BADLIC,duplicate_provider_id
P021175,Sura PLC,ENT,Suryapet,Assam,XXXXX,BADLIC,duplicate_provider_id
P020451,"Din, Dass and Balasubramanian",Neurology,Davanagere,Madhya Pradesh,XXXXX,BADLIC,duplicate_provider_id
P023568,Bahri-Sangha,General Medicine,Kozhikode,Odisha,891915014,LIC806710,duplicate_provider_id
P027536,Saxena-Bajaj,OBGYN,Vellore,Tamil Nadu,989352937,LIC806024,duplicate_provider_id
P026472,"Dhaliwal, Manda and Kara",Dermatology,Chandrapur,Madhya Pradesh,XXXXX,BADLIC,duplicate_provider_id
P012673,Balasubramanian Ltd,Orthopedics,Bally,Chhattisgarh,674404897,LIC691205,duplicate_provider_id
P024247,Dyal LLC,Neurology,Nashik,Punjab,XXXXX,BADLIC,duplicate_provider_id
P029656,Dara-Mishra,Orthopedics,Gaya,Uttarakhand,563195829,LIC511402,duplicate_provider_id
P010166,Mital Inc,Neurology,Bhilai,Goa,XXXXX,BADLIC,duplicate_provider_id
P025022,"Rege, Raval and Pant",Pediatrics,Satara,Odisha,XXXXX,BADLIC,duplicate_provider_id
P007775,"Borde, Comar and Dixit",Pediatrics,Madhyamgram,Haryana,643343078,LIC489705,duplicate_provider_id
P030830,Dugar-Madan,Oncology,Kottayam,Tripura,867237033,LIC100530,duplicate_provider_id
P021805,"Sodhi, Rajan and Srinivas",Neurology,Delhi,Maharashtra,XXXXX,BADLIC,duplicate_provider_id
P025532,"Sachar, Golla and Sundaram",Cardiology,Bhopal,Bihar,XXXXX,BADLIC,duplicate_provider_id
P019211,"Oak, Kothari and Saha",Oncology,Bilaspur,Rajasthan,XXXXX,BADLIC,duplicate_provider_id
P021246,Lall-Narayanan,Cardiology,Belgaum,Haryana,XXXXX,BADLIC,duplicate_provider_id
P001520,"Ramanathan, Agate and Pradhan",ENT,Hospet,Telangana,964735465,LIC329867,duplicate_provider_id
P005275,"Krish, Nayak and Lall",Cardiology,Kollam,Assam,XXXXX,BADLIC,duplicate_provider_id
P033109,Sanghvi-Bir,Urology,North Dumdum,Gujarat,XXXXX,BADLIC,duplicate_provider_id
P000171,"Jain, Sachar and Sanghvi",Pediatrics,Ozhukarai,West Bengal,985194078,LIC784129,duplicate_provider_id
P012066,"Chaudhari, Sandal and Patla",Pediatrics,Bahraich,Andhra Pradesh,XXXXX,BADLIC,duplicate_provider_id
P017109,"Deshmukh, Balay and Hayre",Orthopedics,Khora ,Punjab,XXXXX,BADLIC,duplicate_provider_id
P017792,Dara LLC,OBGYN,Aizawl,Maharashtra,XXXXX,BADLIC,duplicate_provider_id
P001533,Jani-Balakrishnan,Neurology,Motihari,Tripura,XXXXX,BADLIC,duplicate_provider_id
P018788,"Sandhu, Dixit and Saini",Neurology,Gulbarga,Karnataka,492852314,LIC483801,duplicate_provider_id
P032723,Chaudhari Group,OBGYN,Bhagalpur,Himachal Pradesh,145624303,LIC592216,duplicate_provider_id
P019425,Chandra-Taneja,ENT,Tirupati,Andhra Pradesh,XXXXX,BADLIC,duplicate_provider_id
P029848,Kale Inc,Oncology,Firozabad,Gujarat,206744069,LIC498673,duplicate_provider_id
P027737,Ganesan-Kaur,Dermatology,Ahmedabad,Assam,XXXXX,BADLIC,duplicate_provider_id
P019137,"Sastry, Sawhney and Contractor",Cardiology,Chapra,Kerala,XXXXX,BADLIC,duplicate_provider_id
P016179,Balakrishnan PLC,Oncology,Panvel,Chhattisgarh,XXXXX,BADLIC,duplicate_provider_id
P001376,Pillay-Tiwari,Orthopedics,Yamunanagar,Uttarakhand,XXXXX,BADLIC,duplicate_provider_id
P001234,Jhaveri-Mohan,Cardiology,Jamshedpur,Telangana,XXXXX,BADLIC,duplicate_provider_id
P034786,Gole Inc,Dermatology,Bongaigaon,Uttarakhand,324778194,LIC747880,duplicate_provider_id
P011627,Bajaj-Jaggi,ENT,Akola,Maharashtra,479997832,LIC669029,duplicate_provider_id
P006679,Sarraf and Sons,Oncology,Kurnool,Punjab,576451123,LIC454995,duplicate_provider_id
P013446,Bhardwaj-Viswanathan,General Medicine,Madurai,Odisha,213678234,LIC715553,duplicate_provider_id
P005073,Loyal-Savant,Neurology,Jalna,Mizoram,XXXXX,BADLIC,duplicate_provider_id
P025946,Chana Ltd,General Medicine,Faridabad,Gujarat,XXXXX,BADLIC,duplicate_provider_id
P014613,Sanghvi LLC,OBGYN,Yamunanagar,Tripura,XXXXX,BADLIC,duplicate_provider_id
P003871,Murty and Sons,Cardiology,Cuttack,Odisha,XXXXX,BADLIC,duplicate_provider_id
P028525,Babu PLC,Orthopedics,Kharagpur,Odisha,162573144,LIC955816,duplicate_provider_id
P008256,"Kari, Chand and Shere",Urology,Kota,West Bengal,978706299,LIC743512,duplicate_provider_id
P006224,"Deol, Bassi and Rao",ENT,Kirari Suleman Nagar,Meghalaya,678243651,LIC972644,duplicate_provider_id
P024503,Tank and Sons,OBGYN,Bathinda,Mizoram,XXXXX,BADLIC,duplicate_provider_id
P025980,Dhar-Kuruvilla,Orthopedics,Amaravati,Punjab,XXXXX,BADLIC,duplicate_provider_id
P007607,Chawla-Ahuja,Neurology,Alappuzha,Haryana,360090421,LIC776374,duplicate_provider_id
P033953,Biswas-Maharaj,Cardiology,Asansol,Sikkim,XXXXX,BADLIC,duplicate_provider_id
P008482,Sawhney-Verma,ENT,Tumkur,Haryana,975150157,LIC207192,duplicate_provider_id
P019529,"Korpal, Rastogi and Iyer",Pediatrics,Bahraich,Rajasthan,602272481,LIC680380,duplicate_provider_id
P009944,Thakur LLC,Orthopedics,Chandigarh,Bihar,593160241,LIC231280,duplicate_provider_id
P013399,Naidu Ltd,Dermatology,Vasai-Virar,Rajasthan,XXXXX,BADLIC,duplicate_provider_id
P003121,"Lad, Sengupta and Chandran",Cardiology,Guwahati,Punjab,XXXXX,BADLIC,duplicate_provider_id
P021725,"Madan, Sani and Muni",Cardiology,Rewa,Madhya Pradesh,XXXXX,BADLIC,duplicate_provider_id
P013331,Vora-Upadhyay,Dermatology,Ratlam,Assam,857202030,LIC382361,duplicate_provider_id
P012718,Sule-Ray,Oncology,Mau,Punjab,152336514,LIC867438,duplicate_provider_id
P034153,"Raju, Bir and Roy",OBGYN,Madurai,Haryana,XXXXX,BADLIC,duplicate_provider_id
P015222,Luthra Group,ENT,Anantapuram,Maharashtra,XXXXX,BADLIC,duplicate_provider_id
P025485,"Behl, Bala and Balay",Neurology,Moradabad,Bihar,XXXXX,BADLIC,duplicate_provider_id
P030042,Palan Inc,Oncology,Thrissur,Bihar,978026441,LIC125665,duplicate_provider_id
P001199,Jain-Wali,Oncology,Jalandhar,Sikkim,XXXXX,BADLIC,duplicate_provider_id
P033231,Wali Inc,OBGYN,Anand,Uttarakhand,XXXXX,BADLIC,duplicate_provider_id
P018398,Bajwa-Dugar,ENT,Haridwar,Punjab,529106123,LIC804619,duplicate_provider_id
P027844,Gupta PLC,Orthopedics,Gangtok,Gujarat,926536360,LIC887649,duplicate_provider_id
P019869,Purohit-Manne,Pediatrics,Jamshedpur,Himachal Pradesh,XXXXX,BADLIC,duplicate_provider_id
P030533,Patla-Hegde,Neurology,Guwahati,Telangana,XXXXX,BADLIC,duplicate_provider_id
P014161,"Chacko, Sarin and Kurian",Cardiology,Ichalkaranji,Karnataka,245110151,LIC544446,duplicate_provider_id
P030966,Ganesan-Kaur,General Medicine,Srinagar,Goa,219918776,LIC968849,duplicate_provider_id
P029560,"Sridhar, Ramakrishnan and Kulkarni",Neurology,Bangalore,Kerala,XXXXX,BADLIC,duplicate_provider_id
P011365,"Rout, Sehgal and Ganesh",Urology,Uluberia,Odisha,XXXXX,BADLIC,duplicate_provider_id
P018967,Sekhon-Tailor,Oncology,Danapur,Kerala,XXXXX,BADLIC,duplicate_provider_id
P023987,Rau-Sathe,Orthopedics,Karimnagar,Tripura,694988255,LIC502392,duplicate_provider_id
P008878,"Subramanian, Anand and Chandran",Dermatology,Pallavaram,Gujarat,XXXXX,BADLIC,duplicate_provider_id
P025357,Vala Inc,Dermatology,Raiganj,Goa,928627378,LIC754924,duplicate_provider_id
P027185,Gara and Sons,Cardiology,Sasaram,Maharashtra,342900286,LIC620481,duplicate_provider_id
P002700,"Chatterjee, Bansal and Palla",Pediatrics,Gandhinagar,Meghalaya,XXXXX,BADLIC,duplicate_provider_id
P026830,Ramachandran PLC,Pediatrics,Chandrapur,Mizoram,XXXXX,BADLIC,duplicate_provider_id
P029025,Nori-Sarna,General Medicine,Siliguri,Kerala,757420712,LIC159671,duplicate_provider_id
P029688,Bajaj LLC,Orthopedics,Ghaziabad,Karnataka,479886887,LIC925533,duplicate_provider_id
P005716,"Mishra, Chand and Karan",Pediatrics,Gudivada,Mizoram,XXXXX,BADLIC,duplicate_provider_id
P011074,Korpal-Venkataraman,Urology,Madanapalle,Mizoram,139262994,LIC333926,duplicate_provider_id
P033853,Badal-Sha,Dermatology,Muzaffarpur,Tripura,XXXXX,BADLIC,duplicate_provider_id
P009675,Oommen Group,Dermatology,Sambalpur,Goa,XXXXX,BADLIC,duplicate_provider_id
P003296,"Apte, Bajaj and Goswami",Cardiology,Chandrapur,Haryana,XXXXX,BADLIC,duplicate_provider_id
P015598,"Parmer, Gokhale and Baral",Oncology,Pimpri-Chinchwad,West Bengal,XXXXX,BADLIC,duplicate_provider_id
P026770,Srinivas-Tripathi,OBGYN,Guna,Rajasthan,857084135,LIC149445,duplicate_provider_id
P020678,"Mallick, Saini and Misra",ENT,Sasaram,Arunachal Pradesh,XXXXX,BADLIC,duplicate_provider_id
P028129,Nath and Sons,Cardiology,Anantapuram,Maharashtra,XXXXX,BADLIC,duplicate_provider_id
P028449,Pandey Group,Orthopedics,Srikakulam,Odisha,XXXXX,BADLIC,duplicate_provider_id
P011660,Radhakrishnan-Bail,OBGYN,Sonipat,Karnataka,XXXXX,BADLIC,duplicate_provider_id
P022441,"Sathe, Sarma and De",ENT,Lucknow,Manipur,247018963,LIC542326,duplicate_provider_id
P014094,Kumar Group,General Medicine,Vadodara,Meghalaya,XXXXX,BADLIC,duplicate_provider_id
P029187,"Chada, Mahajan and Sankaran",Cardiology,Sagar,Manipur,214521404,LIC558714,duplicate_provider_id
P006996,Vasa Ltd,OBGYN,Ghaziabad,Manipur,118208661,LIC704891,duplicate_provider_id
P021267,"Brar, Parikh and Desai",Dermatology,Solapur,Haryana,965501466,LIC656770,duplicate_provider_id
P034732,Mandal Inc,Pediatrics,Belgaum,Karnataka,134829699,LIC512377,duplicate_provider_id
P012023,Morar Inc,OBGYN,Muzaffarpur,Kerala,781850556,LIC208144,duplicate_provider_id
P014756,Konda-Nath,Pediatrics,Sagar,Jharkhand,XXXXX,BADLIC,duplicate_provider_id
P023952,"Choudhry, Krishna and Bir",OBGYN,Anand,Bihar,710972308,LIC864014,duplicate_provider_id
P012945,Johal-Basu,Urology,Chandrapur,Assam,413431769,LIC997450,duplicate_provider_id
P006545,"Kala, Deshpande and More",Cardiology,Muzaffarnagar,Telangana,XXXXX,BADLIC,duplicate_provider_id
P002974,Bains LLC,Urology,Muzaffarnagar,Punjab,XXXXX,BADLIC,duplicate_provider_id
P018707,Verma Inc,Cardiology,Madanapalle,Madhya Pradesh,XXXXX,BADLIC,duplicate_provider_id
P033343,Kara-Ghose,General Medicine,Saharsa,Karnataka,836440303,LIC812271,duplicate_provider_id
P025127,"Rana, Kaul and Sarin",ENT,Jabalpur,West Bengal,346261040,LIC669020,duplicate_provider_id
P011660,Vohra Ltd,ENT,Surendranagar Dudhrej,Maharashtra,XXXXX,BADLIC,duplicate_provider_id
P008449,"Agate, Palla and Memon",Oncology,Sambalpur,Chhattisgarh,XXXXX,BADLIC,duplicate_provider_id
P022544,Sur Inc,OBGYN,Mirzapur,Gujarat,139627003,LIC676555,duplicate_provider_id
P030160,"Ramachandran, Bahl and Swaminathan",Neurology,Amaravati,Himachal Pradesh,XXXXX,BADLIC,duplicate_provider_id
P020760,"Badal, Dixit and Sura",Urology,Dindigul,Nagaland,485153446,LIC332018,duplicate_provider_id
P028555,"Sampath, Kashyap and Bhargava",OBGYN,Unnao,Assam,XXXXX,BADLIC,duplicate_provider_id
P020390,Dube PLC,General Medicine,Gorakhpur,Assam,XXXXX,BADLIC,duplicate_provider_id
P007041,Chad-Ganguly,Oncology,Bhilwara,Uttarakhand,XXXXX,BADLIC,duplicate_provider_id
P023960,Trivedi Ltd,Cardiology,Karawal Nagar,Punjab,343352666,LIC450170,duplicate_provider_id
P024248,Venkatesh-Saini,Dermatology,Nizamabad,Mizoram,133140456,LIC481987,duplicate_provider_id
P031354,Kamdar-Rai,Orthopedics,Mumbai,Bihar,XXXXX,BADLIC,duplicate_provider_id
P024686,Vig-Mody,ENT,Mira-Bhayandar,Punjab,XXXXX,BADLIC,duplicate_provider_id
P033657,"Din, Zachariah and Parsa",Pediatrics,Barasat,Manipur,126537606,LIC480435,duplicate_provider_id
P005345,"Rajagopal, Golla and Doctor",Cardiology,Arrah,Assam,XXXXX,BADLIC,duplicate_provider_id
P031296,"Batra, Bandi and Patla",Dermatology,Chandigarh,Manipur,187440876,LIC655110,duplicate_provider_id
P025514,Nazareth-Narang,Dermatology,Ujjain,Odisha,951010583,LIC322820,duplicate_provider_id
P031248,"Dar, Sinha and Prashad",ENT,Bellary,Telangana,162860447,LIC282719,duplicate_provider_id
P024459,"Sathe, Chada and Prabhu",Neurology,Kamarhati,Bihar,401603657,LIC179350,duplicate_provider_id
P024002,Mukhopadhyay Ltd,Dermatology,Nadiad,Haryana,357218981,LIC936098,duplicate_provider_id
P023773,Sarraf and Sons,Oncology,Bhind,Himachal Pradesh,XXXXX,BADLIC,duplicate_provider_id
P015528,"Konda, Palan and Balay",Neurology,Etawah,Tripura,574905909,LIC879290,duplicate_provider_id
P033477,"Dubey, Sarkar and Trivedi",Oncology,Nanded,Mizoram,XXXXX,BADLIC,duplicate_provider_id
P024869,More Inc,Cardiology,Karimnagar,Kerala,XXXXX,BADLIC,duplicate_provider_id
P015309,Dhaliwal-Tandon,Urology,Agartala,Mizoram,525334407,LIC511311,duplicate_provider_id
P001037,Manne Ltd,Cardiology,Singrauli,Chhattisgarh,928709087,LIC982752,duplicate_provider_id
P021365,Bora Ltd,OBGYN,Sirsa,Odisha,XXXXX,BADLIC,duplicate_provider_id
P022136,Chanda Group,ENT,Ongole,Karnataka,XXXXX,BADLIC,duplicate_provider_id
P034997,"Balay, Bhatti and Rege",General Medicine,Sangli-Miraj & Kupwad,Arunachal Pradesh,774322337,LIC335971,duplicate_provider_id
P007315,Choudhary-Luthra,Cardiology,Unnao,Kerala,XXXXX,BADLIC,duplicate_provider_id
P029192,Maharaj-Dhaliwal,Neurology,Sambhal,Meghalaya,XXXXX,BADLIC,duplicate_provider_id
P018232,Soman-Krishnan,OBGYN,Muzaffarnagar,Arunachal Pradesh,XXXXX,BADLIC,duplicate_provider_id
P024799,"Tara, Karnik and Grover",Neurology,Rourkela,Telangana,207566997,LIC845585,duplicate_provider_id
P006413,Pingle LLC,Dermatology,Davanagere,Uttar Pradesh,XXXXX,BADLIC,duplicate_provider_id
P007162,Roy-Prabhu,Urology,Erode,Assam,624901003,LIC936503,duplicate_provider_id
P017161,Konda LLC,ENT,Pune,Sikkim,XXXXX,BADLIC,duplicate_provider_id
P005327,Warrior Ltd,Cardiology,Phusro,Mizoram,XXXXX,BADLIC,duplicate_provider_id
P031200,Dhaliwal LLC,Orthopedics,Panihati,Manipur,XXXXX,BADLIC,duplicate_provider_id
P032725,Dave and Sons,Orthopedics,Srinagar,Gujarat,XXXXX,BADLIC,duplicate_provider_id
P011238,"Bhatia, Master and Parmer",General Medicine,Tiruchirappalli,Gujarat,XXXXX,BADLIC,duplicate_provider_id
P025739,Naidu-Sankaran,Dermatology,Haridwar,Karnataka,357852880,LIC665753,duplicate_provider_id
P030302,Ram-Mittal,Oncology,Tirunelveli,Haryana,750063596,LIC155756,duplicate_provider_id
P014285,"Kapur, Nigam and Gole",General Medicine,Dhanbad,Gujarat,XXXXX,BADLIC,duplicate_provider_id
P026697,Purohit-Koshy,Oncology,Bihar Sharif,Madhya Pradesh,XXXXX,BADLIC,duplicate_provider_id
P005635,"Ratta, Chahal and Sastry",Oncology,Sri Ganganagar,West Bengal,602714882,LIC589384,duplicate_provider_id
P016522,Chaudhary-Nath,Cardiology,Kamarhati,Bihar,XXXXX,BADLIC,duplicate_provider_id
P022227,"Sandhu, Som and Som",Dermatology,Ahmednagar,Gujarat,XXXXX,BADLIC,duplicate_provider_id
P010794,"Randhawa, Bassi and Chokshi",General Medicine,Hubli–Dharwad,Tripura,666617692,LIC197303,duplicate_provider_id
P032983,Sodhi-Virk,Orthopedics,Shahjahanpur,Arunachal Pradesh,XXXXX,BADLIC,duplicate_provider_id
P006014,"Doctor, Oommen and Prabhu",Orthopedics,Sonipat,Arunachal Pradesh,740639692,LIC488306,duplicate_provider_id
P030718,"Bansal, Kaur and Ravel",Pediatrics,Kumbakonam,Assam,XXXXX,BADLIC,duplicate_provider_id
P014275,Sarkar-Kunda,Dermatology,Tinsukia,Odisha,XXXXX,BADLIC,duplicate_provider_id
P009424,"Patla, Gour and Dey",Urology,Ghaziabad,Jharkhand,XXXXX,BADLIC,duplicate_provider_id
P001538,Mandal Inc,Orthopedics,New Delhi,Haryana,454234203,LIC437471,duplicate_provider_id
P023392,"Peri, Guha and Chander",Neurology,Mathura,Maharashtra,XXXXX,BADLIC,duplicate_provider_id
P020786,Bakshi Group,Neurology,Ludhiana,West Bengal,XXXXX,BADLIC,duplicate_provider_id
P003012,Dubey-Sankaran,Pediatrics,Moradabad,Bihar,499156075,LIC535127,duplicate_provider_id
P031112,Chaudry LLC,Urology,New Delhi,Tamil Nadu,474104259,LIC804613,duplicate_provider_id
P029117,Golla-Chauhan,Pediatrics,Kolkata,Kerala,XXXXX,BADLIC,duplicate_provider_id
P003025,Nagarajan-Chada,Cardiology,Tumkur,Gujarat,325229992,LIC557237,duplicate_provider_id
P028639,Mallick LLC,General Medicine,Anantapur,Rajasthan,XXXXX,BADLIC,duplicate_provider_id
P034669,"Kota, Chad and Lata",OBGYN,Etawah,Telangana,806412270,LIC282990,duplicate_provider_id
P018019,"Nadkarni, Kunda and Tandon",OBGYN,Jalna,Karnataka,609852478,LIC198016,duplicate_provider_id
P026537,Rai Inc,Orthopedics,Mumbai,Goa,XXXXX,BADLIC,duplicate_provider_id
P011837,"Sekhon, Mane and Chokshi",General Medicine,Aligarh,Manipur,XXXXX,BADLIC,duplicate_provider_id
P009240,Merchant-More,General Medicine,Sasaram,Punjab,671650303,LIC338444,duplicate_provider_id
P015305,Dey-Badal,Pediatrics,Aizawl,Tamil Nadu,XXXXX,BADLIC,duplicate_provider_id
P027549,Mitra-Deo,Urology,Agartala,Arunachal Pradesh,XXXXX,BADLIC,duplicate_provider_id
P028006,Varma-Seshadri,General Medicine,Bhagalpur,Jharkhand,480180854,LIC833220,duplicate_provider_id
P002810,Chakraborty PLC,Cardiology,Saharsa,Karnataka,187356063,LIC395760,duplicate_provider_id
P006017,Palan LLC,OBGYN,Hyderabad,Madhya Pradesh,396381298,LIC231938,duplicate_provider_id
P031518,"Rout, Sehgal and Ganesh",Pediatrics,Pallavaram,Madhya Pradesh,638466067,LIC707530,duplicate_provider_id
P027981,"Rau, Sampath and Krishna",Orthopedics,Rewa,Punjab,XXXXX,BADLIC,duplicate_provider_id
P007156,"Reddy, Batra and Mukhopadhyay",Orthopedics,Hajipur,Arunachal Pradesh,XXXXX,BADLIC,duplicate_provider_id
P005051,"Aurora, Bumb and Nagi",OBGYN,Bhavnagar,Maharashtra,XXXXX,BADLIC,duplicate_provider_id
P008761,"Konda, Modi and Uppal",Orthopedics,Bijapur,Bihar,XXXXX,BADLIC,duplicate_provider_id
P032025,Sarkar-Mitter,Pediatrics,Bhiwandi,Meghalaya,391578080,LIC735679,duplicate_provider_id
P028096,"Apte, Rai and Srinivas",OBGYN,Patiala,Nagaland,XXXXX,BADLIC,duplicate_provider_id
P002460,Kari Inc,Cardiology,Varanasi,Andhra Pradesh,240596454,LIC267841,duplicate_provider_id
P021677,Kota PLC,Pediatrics,Deoghar,Telangana,XXXXX,BADLIC,duplicate_provider_id
P001696,Chawla-Tripathi,Pediatrics,Giridih,Telangana,XXXXX,BADLIC,duplicate_provider_id
P027613,Nagarajan Group,Dermatology,Bareilly,Andhra Pradesh,XXXXX,BADLIC,duplicate_provider_id
P019433,Kari and Sons,Oncology,Sri Ganganagar,Himachal Pradesh,925765952,LIC264253,duplicate_provider_id
P000941,Choudhary Inc,ENT,Srikakulam,Karnataka,XXXXX,BADLIC,duplicate_provider_id
P025315,Sahni Inc,OBGYN,Mahbubnagar,Maharashtra,908961827,LIC514323,duplicate_provider_id
P020981,Raman-Din,ENT,Mau,Odisha,XXXXX,BADLIC,duplicate_provider_id
P001640,Ramakrishnan-Varghese,Neurology,Solapur,Odisha,423049576,LIC470777,duplicate_provider_id
P032602,Kala-Dhawan,OBGYN,Mathura,Assam,863616605,LIC859107,duplicate_provider_id
P004976,Gandhi-Aggarwal,General Medicine,Kolkata,Odisha,906303501,LIC930399,duplicate_provider_id
P027756,Rau-Sathe,Orthopedics,Ramgarh,Assam,XXXXX,BADLIC,duplicate_provider_id
P007612,Pathak-Yohannan,ENT,Sambalpur,Goa,865338075,LIC584961,duplicate_provider_id
P021602,Khatri Group,Orthopedics,Tinsukia,Uttar Pradesh,XXXXX,BADLIC,duplicate_provider_id
P026020,Wagle Inc,Neurology,Karnal,Haryana,285178024,LIC870598,duplicate_provider_id
P005335,"Master, Upadhyay and Buch",Urology,Bhatpara,Haryana,XXXXX,BADLIC,duplicate_provider_id
P007544,Ahluwalia-Basak,Cardiology,Raichur,Jharkhand,593061136,LIC589920,duplicate_provider_id
P006158,Badal Group,OBGYN,Asansol,Manipur,XXXXX,BADLIC,duplicate_provider_id
P016615,Kohli and Sons,Orthopedics,Anantapur,Uttarakhand,991757465,LIC331328,duplicate_provider_id
P022724,"Bora, Pal and Randhawa",General Medicine,Ambattur,Arunachal Pradesh,XXXXX,BADLIC,duplicate_provider_id
P011882,Behl-Tella,Pediatrics,Coimbatore,Odisha,XXXXX,BADLIC,duplicate_provider_id
P023967,Murthy-Borra,OBGYN,Adoni,Maharashtra,XXXXX,BADLIC,duplicate_provider_id
P009595,Boase Ltd,ENT,Ghaziabad,Punjab,832434876,LIC853364,duplicate_provider_id
P010371,Grover PLC,Oncology,Farrukhabad,Sikkim,184089095,LIC620506,duplicate_provider_id
P006050,Dhillon LLC,Urology,Bettiah,Nagaland,757706287,LIC934582,duplicate_provider_id
P022375,Rama-Chokshi,Orthopedics,Chittoor,Punjab,901217710,LIC240720,duplicate_provider_id
P020194,"Pandit, Chaudhry and Dhingra",Orthopedics,Anantapuram,Odisha,XXXXX,BADLIC,duplicate_provider_id
P012896,Chad-Bhagat,Dermatology,Gulbarga,Himachal Pradesh,XXXXX,BADLIC,duplicate_provider_id
P029831,Puri Inc,ENT,Ambattur,Meghalaya,174753626,LIC747021,duplicate_provider_id
P026771,"Goswami, Mital and Choudhry",Neurology,Agartala,Andhra Pradesh,778361898,LIC547053,duplicate_provider_id
P015123,Yogi Inc,Dermatology,Eluru,Punjab,XXXXX,BADLIC,duplicate_provider_id
P031245,Das and Sons,Cardiology,Satara,Kerala,XXXXX,BADLIC,duplicate_provider_id
P010789,Prashad Inc,Dermatology,Berhampur,Assam,652736581,LIC214984,duplicate_provider_id
P030208,Banik-Lad,Neurology,Sambalpur,Odisha,303998233,LIC369377,duplicate_provider_id
P020984,Rout-Loyal,Dermatology,Jalgaon,Mizoram,XXXXX,BADLIC,duplicate_provider_id
P009439,Kapadia Inc,Neurology,Madanapalle,Madhya Pradesh,XXXXX,BADLIC,duplicate_provider_id
P007566,Parsa and Sons,Neurology,Jhansi,Goa,842427062,LIC106333,duplicate_provider_id
P025396,"Bhattacharyya, Chopra and Vora",Orthopedics,Bidhannagar,Nagaland,392769804,LIC377098,duplicate_provider_id
P024388,"Bhardwaj, Mukherjee and Tank",Oncology,Dhule,Andhra Pradesh,251581082,LIC517612,duplicate_provider_id
P033675,Golla-Wason,Dermatology,Gudivada,Meghalaya,119453890,LIC496660,duplicate_provider_id
P034016,Rout-Choudhury,ENT,Kota,West Bengal,730733632,LIC645324,duplicate_provider_id
P005434,"Choudhary, Nadkarni and Nadkarni",Neurology,Durgapur,Andhra Pradesh,632438719,LIC857471,duplicate_provider_id
P004368,Kata PLC,Urology,Etawah,Goa,628757481,LIC498392,duplicate_provider_id
P032102,"Sehgal, Ravi and Natt",ENT,Bhagalpur,Uttarakhand,XXXXX,BADLIC,duplicate_provider_id
P014966,Bhavsar-Balay,Orthopedics,Miryalaguda,Haryana,648116423,LIC943773,duplicate_provider_id
P026801,Sharaf-Raval,Orthopedics,Nizamabad,Arunachal Pradesh,XXXXX,BADLIC,duplicate_provider_id
P026536,Guha-Mody,Orthopedics,Patiala,Odisha,XXXXX,BADLIC,duplicate_provider_id
P005385,"Nadkarni, Kibe and Savant",Oncology,Nagaon,Kerala,XXXXX,BADLIC,duplicate_provider_id
P008358,Bose-Memon,Orthopedics,Tiruvottiyur,Goa,996378344,LIC364404,duplicate_provider_id
P021368,Ravi-Gole,Pediatrics,Rourkela,Punjab,XXXXX,BADLIC,duplicate_provider_id
P024953,Anand-Vohra,Dermatology,Agartala,Maharashtra,XXXXX,BADLIC,duplicate_provider_id
P000221,Tank-Ganguly,Orthopedics,Cuttack,Rajasthan,XXXXX,BADLIC,duplicate_provider_id
P014004,"Sachdev, Datta and Deol",Urology,Katni,Odisha,XXXXX,BADLIC,duplicate_provider_id
P011057,"Kulkarni, Hans and Kamdar",Orthopedics,Nizamabad,Meghalaya,585803161,LIC629223,duplicate_provider_id
P020109,Murty and Sons,Neurology,Panchkula,Madhya Pradesh,XXXXX,BADLIC,duplicate_provider_id
P027506,Bajwa-Swaminathan,Oncology,Tumkur,Rajasthan,XXXXX,BADLIC,duplicate_provider_id
P032889,Krishnamurthy Ltd,Cardiology,Uluberia,Jharkhand,XXXXX,BADLIC,duplicate_provider_id
P007414,Mukherjee Inc,Cardiology,Purnia,Nagaland,120381603,LIC311198,duplicate_provider_id
P000896,Sarin-Mohanty,Neurology,Ramgarh,Karnataka,XXXXX,BADLIC,duplicate_provider_id
P033655,Nagy-Dixit,Orthopedics,Dehri,Madhya Pradesh,XXXXX,BADLIC,duplicate_provider_id
P022736,"Kannan, Gulati and Shan",ENT,Pudukkottai,Madhya Pradesh,XXXXX,BADLIC,duplicate_provider_id
P020582,Dhingra and Sons,Oncology,Berhampur,Arunachal Pradesh,707269335,LIC441104,duplicate_provider_id
P020942,"Chokshi, Goyal and Ganesan",Neurology,Jalna,Mizoram,211901230,LIC304687,duplicate_provider_id
P021638,Grover-Bajaj,Oncology,Meerut,Meghalaya,XXXXX,BADLIC,duplicate_provider_id
P023602,"Comar, Gandhi and Patil",General Medicine,Miryalaguda,Gujarat,758087597,LIC988895,duplicate_provider_id
P007449,"Memon, Ranganathan and Ramakrishnan",Dermatology,Navi Mumbai,Uttar Pradesh,229748699,LIC495934,duplicate_provider_id
P019010,"Nigam, Narayan and Gill",General Medicine,Saharsa,Meghalaya,XXXXX,BADLIC,duplicate_provider_id
P007331,Uppal Inc,Pediatrics,Korba,Sikkim,XXXXX,BADLIC,duplicate_provider_id
P013845,Rastogi-Batta,Pediatrics,Kalyan-Dombivli,Karnataka,XXXXX,BADLIC,duplicate_provider_id
P008392,Chana Ltd,Neurology,Delhi,Jharkhand,398381927,LIC798753,duplicate_provider_id
P016107,Dani-Kibe,ENT,Bally,Odisha,XXXXX,BADLIC,duplicate_provider_id
P031691,"Memon, Kota and Bhalla",Orthopedics,Hosur,Gujarat,XXXXX,BADLIC,duplicate_provider_id
P024030,Verma-Deshmukh,Cardiology,Jalgaon,Gujarat,XXXXX,BADLIC,duplicate_provider_id
P013800,Dugar-Chand,Urology,Asansol,Uttarakhand,557929226,LIC998297,duplicate_provider_id
P031479,Mannan PLC,General Medicine,Ichalkaranji,Karnataka,499362958,LIC552584,duplicate_provider_id
P013620,"Roy, Pillay and Chander",ENT,Tirupati,Haryana,488060445,LIC266871,duplicate_provider_id
P031116,Dutt-Wali,Orthopedics,Nandyal,Telangana,XXXXX,BADLIC,duplicate_provider_id
P024634,Deep-Dubey,Neurology,Muzaffarpur,Manipur,315675379,LIC214757,duplicate_provider_id
P015304,"Banik, Borde and Sarraf",Cardiology,Amroha,Andhra Pradesh,XXXXX,BADLIC,duplicate_provider_id
P018797,Bhavsar-Nadkarni,Neurology,Raipur,Telangana,XXXXX,BADLIC,duplicate_provider_id
P005016,"Vora, Kohli and Puri",ENT,Bahraich,Nagaland,XXXXX,BADLIC,duplicate_provider_id
P020783,Keer-Sastry,Dermatology,Thoothukudi,Telangana,XXXXX,BADLIC,duplicate_provider_id
P012946,Krishnamurthy-Om,Cardiology,Mira-Bhayandar,Punjab,XXXXX,BADLIC,duplicate_provider_id
P029048,Sane-Chaudry,OBGYN,Akola,Punjab,XXXXX,BADLIC,duplicate_provider_id
P024685,"Kala, Biswas and Som",Dermatology,Mumbai,Manipur,XXXXX,BADLIC,duplicate_provider_id
P007760,"Kala, Sarin and Mital",Neurology,Vijayanagaram,Karnataka,738786484,LIC745749,duplicate_provider_id
P014340,Pradhan LLC,OBGYN,Narasaraopet,Haryana,XXXXX,BADLIC,duplicate_provider_id
P001363,Wali LLC,Cardiology,Berhampore,Karnataka,XXXXX,BADLIC,duplicate_provider_id
P015411,Sharaf-Pai,Urology,Ranchi,Mizoram,609687089,LIC545289,duplicate_provider_id
P032349,Kaur-Banik,Dermatology,Unnao,Telangana,XXXXX,BADLIC,duplicate_provider_id
P008604,Nath LLC,General Medicine,Thiruvananthapuram,Tamil Nadu,457240009,LIC816338,duplicate_provider_id
P006196,Jain-Shroff,Oncology,Pali,Uttarakhand,XXXXX,BADLIC,duplicate_provider_id
P014699,"Pal, Bera and Aggarwal",Pediatrics,Miryalaguda,Punjab,XXXXX,BADLIC,duplicate_provider_id
P032131,"Salvi, Venkatesh and Kala",Oncology,Lucknow,Uttarakhand,482524833,LIC339604,duplicate_provider_id
P028331,Sem-Panchal,General Medicine,Ambattur,Maharashtra,XXXXX,BADLIC,duplicate_provider_id
P006724,"Halder, Chana and Dixit",Pediatrics,Nagaon,Assam,492032691,LIC959759,duplicate_provider_id
P023575,Rana-Sarkar,OBGYN,Tiruvottiyur,Tripura,XXXXX,BADLIC,duplicate_provider_id
P028116,Gola-Rege,Urology,Dibrugarh,West Bengal,XXXXX,BADLIC,duplicate_provider_id
P004204,Grover and Sons,ENT,Vellore,Odisha,865688951,LIC346210,duplicate_provider_id
P001409,Khosla-Sankar,General Medicine,Sultan Pur Majra,Bihar,XXXXX,BADLIC,duplicate_provider_id
P033399,Tak and Sons,Oncology,Khora ,Assam,XXXXX,BADLIC,duplicate_provider_id
P013890,Sankar Inc,Pediatrics,Alwar,Uttarakhand,512229261,LIC623863,duplicate_provider_id
P031080,Bobal-Sidhu,Neurology,Kulti,Odisha,827216756,LIC138503,duplicate_provider_id
P006637,Rajagopal Ltd,Oncology,Mango,Bihar,589695346,LIC329690,duplicate_provider_id
P034493,"Ben, Mishra and Mitra",Urology,Panchkula,Madhya Pradesh,XXXXX,BADLIC,duplicate_provider_id
P025317,Chopra Group,General Medicine,Aurangabad,Uttarakhand,XXXXX,BADLIC,duplicate_provider_id
P003724,Bumb-Bhatia,Urology,Mangalore,Goa,XXXXX,BADLIC,duplicate_provider_id
P016940,"Sridhar, Hegde and Sunder",Orthopedics,Narasaraopet,Uttar Pradesh,XXXXX,BADLIC,duplicate_provider_id
P008685,Agarwal Inc,Oncology,Vasai-Virar,Jharkhand,XXXXX,BADLIC,duplicate_provider_id
P003467,Puri-Sridhar,Orthopedics,Parbhani,Karnataka,XXXXX,BADLIC,duplicate_provider_id
P017826,Badami-Ahluwalia,Neurology,Baranagar,Uttar Pradesh,XXXXX,BADLIC,duplicate_provider_id
P028124,Parmer Inc,Oncology,Hapur,Himachal Pradesh,775805652,LIC585541,duplicate_provider_id
P009124,Gara-Dada,Neurology,Chapra,Jharkhand,XXXXX,BADLIC,duplicate_provider_id
P023269,Padmanabhan-Sandhu,Oncology,Rajpur Sonarpur,Haryana,XXXXX,BADLIC,duplicate_provider_id
P033290,"Chaudhuri, Ratta and Nori",OBGYN,Amritsar,Tamil Nadu,569171238,LIC423603,duplicate_provider_id
P033059,"Bahri, Grewal and Seshadri",Oncology,Tadepalligudem,Meghalaya,XXXXX,BADLIC,duplicate_provider_id
P011380,Randhawa Inc,Urology,Panchkula,Meghalaya,XXXXX,BADLIC,duplicate_provider_id
P026288,"Parsa, Kumer and Raju",General Medicine,Rajpur Sonarpur,Madhya Pradesh,845972630,LIC147557,duplicate_provider_id
P031865,Kumer-Arya,Urology,Ghaziabad,Himachal Pradesh,842056814,LIC820551,duplicate_provider_id
P020282,Sastry-Butala,Neurology,Uluberia,Haryana,XXXXX,BADLIC,duplicate_provider_id
P030612,Chandra-Majumdar,Oncology,Patna,Kerala,319143561,LIC860940,duplicate_provider_id
P008494,Srinivas and Sons,Pediatrics,Junagadh,Meghalaya,147225243,LIC750716,duplicate_provider_id
P016928,"Verma, Srinivasan and Kade",Neurology,Ramagundam,Bihar,XXXXX,BADLIC,duplicate_provider_id
P015394,Sethi Inc,General Medicine,Mehsana,Madhya Pradesh,399629314,LIC747147,duplicate_provider_id
P012773,"Varty, Lalla and Kapoor",Neurology,Buxar,Bihar,421630683,LIC399180,duplicate_provider_id
P015372,Sidhu-Verma,Pediatrics,Tenali,Madhya Pradesh,XXXXX,BADLIC,duplicate_provider_id
P003707,Prakash Inc,ENT,Durgapur,Punjab,XXXXX,BADLIC,duplicate_provider_id
P009671,Sengupta Inc,OBGYN,Bidar,Nagaland,XXXXX,BADLIC,duplicate_provider_id
P027852,Sehgal Inc,Oncology,Khandwa,West Bengal,603070396,LIC983209,duplicate_provider_id
P026030,Bath-Balan,Pediatrics,Sirsa,Punjab,XXXXX,BADLIC,duplicate_provider_id
P027950,"Dube, Gaba and Krish",OBGYN,Silchar,Rajasthan,650765774,LIC481452,duplicate_provider_id
P024835,Rama Group,Oncology,Tumkur,Chhattisgarh,239139835,LIC267743,duplicate_provider_id
P012897,Radhakrishnan and Sons,Dermatology,Jorhat,Arunachal Pradesh,383916842,LIC721667,duplicate_provider_id
P004742,Uppal-Tella,Cardiology,Tiruvottiyur,Meghalaya,447369208,LIC771616,duplicate_provider_id
P017210,"Bali, Tank and Varty",Pediatrics,Bareilly,Meghalaya,958824691,LIC332804,duplicate_provider_id
P031842,Brar LLC,Cardiology,Nagaon,Odisha,460702281,LIC287673,duplicate_provider_id
P015622,"Gill, Raghavan and Tank",Cardiology,Chapra,Karnataka,XXXXX,BADLIC,duplicate_provider_id
P013978,Konda and Sons,Oncology,Chennai,Tamil Nadu,XXXXX,BADLIC,duplicate_provider_id
P012068,Borde PLC,Pediatrics,Begusarai,West Bengal,957649688,LIC155717,duplicate_provider_id
P020686,Sama Inc,General Medicine,Bettiah,Himachal Pradesh,669055415,LIC233946,duplicate_provider_id
P027585,Nagarajan-Reddy,Orthopedics,Dewas,West Bengal,XXXXX,BADLIC,duplicate_provider_id
P019417,Dhillon-Ravel,Orthopedics,Chittoor,Assam,XXXXX,BADLIC,duplicate_provider_id
P019966,Amble-Manne,Pediatrics,Salem,Tamil Nadu,254491401,LIC188596,duplicate_provider_id
P032919,Sheth-Trivedi,OBGYN,Pali,Jharkhand,XXXXX,BADLIC,duplicate_provider_id
P008840,Lal-Palan,ENT,Avadi,Nagaland,131574232,LIC588677,duplicate_provider_id
P028556,Mitra-Deo,Cardiology,Moradabad,Odisha,369493730,LIC387574,duplicate_provider_id
P004286,Parekh-Kaul,OBGYN,Nanded,Tripura,XXXXX,BADLIC,duplicate_provider_id
P019784,Raghavan-Chokshi,General Medicine,Pallavaram,Bihar,XXXXX,BADLIC,duplicate_provider_id
P023892,"Dhillon, Majumdar and Chad",Oncology,Jamshedpur,Maharashtra,XXXXX,BADLIC,duplicate_provider_id
P006841,Iyengar-Narula,General Medicine,Mehsana,Goa,XXXXX,BADLIC,duplicate_provider_id
P004966,Sane-Mishra,OBGYN,Malda,Assam,XXXXX,BADLIC,duplicate_provider_id
P007209,Banik-Narasimhan,OBGYN,Jalna,Manipur,XXXXX,BADLIC,duplicate_provider_id
P034163,"Merchant, Dass and Dara",Cardiology,Aligarh,Uttarakhand,400484544,LIC296597,duplicate_provider_id
P006751,"More, Rattan and Deshpande",Orthopedics,Gurgaon,Arunachal Pradesh,XXXXX,BADLIC,duplicate_provider_id
P007853,Shetty-Dara,Urology,Gangtok,Uttar Pradesh,XXXXX,BADLIC,duplicate_provider_id
P004895,"Dutta, Murthy and Suri",Dermatology,Surat,Madhya Pradesh,692753915,LIC711759,duplicate_provider_id
P024346,Tella LLC,General Medicine,Raipur,Sikkim,217514811,LIC167650,duplicate_provider_id
P034337,Rau-Loke,Dermatology,Nandyal,Assam,168389565,LIC822537,duplicate_provider_id
P014067,Sem Inc,Orthopedics,Kamarhati,Kerala,317949202,LIC650950,duplicate_provider_id
P034533,Gade-Randhawa,General Medicine,Saharsa,Punjab,XXXXX,BADLIC,duplicate_provider_id
P013644,Dhillon-Shere,Oncology,Arrah,Assam,XXXXX,BADLIC,duplicate_provider_id
P004441,Wali-Bassi,Neurology,Amravati,Gujarat,XXXXX,BADLIC,duplicate_provider_id
P012893,"Bora, Pal and Randhawa",OBGYN,Bhatpara,Arunachal Pradesh,XXXXX,BADLIC,duplicate_provider_id
P022923,"Rattan, Patel and Natarajan",Cardiology,Surendranagar Dudhrej,Odisha,705940208,LIC696433,duplicate_provider_id
P007757,Rao-Merchant,Pediatrics,Sambalpur,Haryana,XXXXX,BADLIC,duplicate_provider_id
P008846,Mane Group,ENT,Cuttack,Chhattisgarh,356894395,LIC453823,duplicate_provider_id
P021618,Oak-Jayaraman,Urology,Kurnool,Bihar,657908774,LIC694611,duplicate_provider_id
P015275,Parekh-Varkey,ENT,Arrah,Uttarakhand,810099239,LIC663463,duplicate_provider_id
P015926,Mann-Pal,General Medicine,Tiruvottiyur,Rajasthan,XXXXX,BADLIC,duplicate_provider_id
P004788,Patla Group,Pediatrics,Rampur,West Bengal,474272387,LIC290473,duplicate_provider_id
P021175,"Tailor, Andra and Sarma",Urology,Pimpri-Chinchwad,Assam,378751617,LIC206369,duplicate_provider_id
P002946,"Balakrishnan, Vohra and Bal",Oncology,Raichur,Tripura,526467211,LIC401774,duplicate_provider_id
P010396,Sheth-Choudhury,OBGYN,Vellore,Telangana,346465442,LIC678251,duplicate_provider_id
P000620,"Divan, Sangha and Varkey",Dermatology,Ambala,Punjab,531694321,LIC756990,duplicate_provider_id
P004985,Toor-Bhandari,Urology,Tiruchirappalli,Punjab,XXXXX,BADLIC,duplicate_provider_id
P019075,Nigam-Walla,General Medicine,Erode,Nagaland,XXXXX,BADLIC,duplicate_provider_id
P004691,Choudhary-Gulati,General Medicine,Bhalswa Jahangir Pur,Nagaland,131292978,LIC892071,duplicate_provider_id
P019504,"Bawa, Naidu and Raja",General Medicine,Bathinda,Tamil Nadu,XXXXX,BADLIC,duplicate_provider_id
P003637,Bhandari Group,Cardiology,Jamnagar,Manipur,XXXXX,BADLIC,duplicate_provider_id
P009559,Sama-Sood,General Medicine,Tenali,Assam,854435617,LIC355753,duplicate_provider_id
P009729,Merchant Group,General Medicine,Rajkot,Uttar Pradesh,794406157,LIC194988,duplicate_provider_id
P011739,Borra Group,Neurology,Gangtok,Maharashtra,XXXXX,BADLIC,duplicate_provider_id
P013785,Bala Group,Oncology,Farrukhabad,Mizoram,XXXXX,BADLIC,duplicate_provider_id
P010458,Anne-Kalita,OBGYN,Munger,Arunachal Pradesh,XXXXX,BADLIC,duplicate_provider_id
P008147,Merchant Group,Cardiology,Nangloi Jat,Jharkhand,659203923,LIC861432,duplicate_provider_id
P010495,"De, Khalsa and Balakrishnan",General Medicine,Sonipat,Himachal Pradesh,109037220,LIC334342,duplicate_provider_id
P002887,"Iyer, Aurora and Wali",Dermatology,Bikaner,Assam,413658874,LIC520816,duplicate_provider_id
P013884,Nath-Modi,Urology,Dharmavaram,Sikkim,XXXXX,BADLIC,duplicate_provider_id
P034329,Pingle PLC,OBGYN,Eluru,Mizoram,428734696,LIC890302,duplicate_provider_id
P009464,Menon-Thaker,Orthopedics,Lucknow,Goa,XXXXX,BADLIC,duplicate_provider_id
P004943,Choudhary PLC,ENT,Ujjain,Mizoram,998869129,LIC671548,duplicate_provider_id
P010502,Pandya-Pal,Pediatrics,Hindupur,Tamil Nadu,557054585,LIC828431,duplicate_provider_id
P011827,Hayer Ltd,General Medicine,Bally,Gujarat,XXXXX,BADLIC,duplicate_provider_id
P010451,"Sani, Dey and Rama",Oncology,Muzaffarnagar,Mizoram,669194137,LIC268308,duplicate_provider_id
P026810,"Borde, Srinivas and Banik",ENT,Bhiwani,Nagaland,214479704,LIC240694,duplicate_provider_id
P023435,Bali Group,Urology,Medininagar,Meghalaya,XXXXX,BADLIC,duplicate_provider_id
P003732,Pandey LLC,Cardiology,Nagpur,Mizoram,501447457,LIC477566,duplicate_provider_id
P027729,Banik-Thaker,Dermatology,Silchar,Punjab,XXXXX,BADLIC,duplicate_provider_id
P027676,Walia-Dave,Orthopedics,Kamarhati,Arunachal Pradesh,XXXXX,BADLIC,duplicate_provider_id
P005972,Chakraborty-Bhasin,Orthopedics,Visakhapatnam,Assam,321492142,LIC438069,duplicate_provider_id
P030665,Rege and Sons,Pediatrics,Siliguri,Odisha,XXXXX,BADLIC,duplicate_provider_id
P030408,Uppal Ltd,Urology,Jalna,Gujarat,480967722,LIC317249,duplicate_provider_id
P019425,Parekh-Shan,Dermatology,Tiruchirappalli,Bihar,XXXXX,BADLIC,duplicate_provider_id
P013657,Babu LLC,Oncology,Nadiad,Uttar Pradesh,XXXXX,BADLIC,duplicate_provider_id
P006517,Chandran-Edwin,Orthopedics,Sagar,Uttarakhand,XXXXX,BADLIC,duplicate_provider_id
P001032,"Naidu, Dutta and Zacharia",ENT,Nizamabad,Nagaland,XXXXX,BADLIC,duplicate_provider_id
P027451,"Kadakia, Balakrishnan and Modi",Urology,Rewa,Rajasthan,376577299,LIC426806,duplicate_provider_id
P028059,Kakar Ltd,General Medicine,Tiruvottiyur,Arunachal Pradesh,306319598,LIC956504,duplicate_provider_id
P012397,"Narasimhan, Gill and Palan",Oncology,Rajkot,Assam,949065582,LIC378730,duplicate_provider_id
P033337,Dara Ltd,General Medicine,Pali,Haryana,XXXXX,BADLIC,duplicate_provider_id
P021443,Manda Inc,Oncology,Satna,Odisha,810067025,LIC646693,duplicate_provider_id
P004459,"Chaudhary, Kuruvilla and Roy",OBGYN,Serampore,Punjab,590193755,LIC164446,duplicate_provider_id
P022891,Cheema Inc,Oncology,Farrukhabad,Punjab,742190601,LIC744552,duplicate_provider_id
P001805,Bajwa-Dugar,OBGYN,Bhalswa Jahangir Pur,Chhattisgarh,XXXXX,BADLIC,duplicate_provider_id
P007599,Yadav Inc,Urology,Bathinda,Telangana,874057090,LIC763279,duplicate_provider_id
P022653,Dani LLC,Dermatology,Mangalore,Maharashtra,751543726,LIC599481,duplicate_provider_id
P030279,Amble Ltd,ENT,Bhopal,Chhattisgarh,736118162,LIC854403,duplicate_provider_id
P005122,Balan-Zachariah,OBGYN,Barasat,Jharkhand,XXXXX,BADLIC,duplicate_provider_id
P028926,Pant LLC,OBGYN,Belgaum,West Bengal,XXXXX,BADLIC,duplicate_provider_id
P021312,Rana-Gokhale,ENT,Ludhiana,Assam,673995797,LIC160436,duplicate_provider_id
P006210,Das and Sons,Pediatrics,Proddatur,Karnataka,XXXXX,BADLIC,duplicate_provider_id
P031069,"Suresh, Srinivasan and Wadhwa",Dermatology,Karawal Nagar,Uttar Pradesh,285329555,LIC257382,duplicate_provider_id
P004379,"Randhawa, Rajagopal and Datta",Neurology,Kozhikode,Kerala,XXXXX,BADLIC,duplicate_provider_id
P026414,Sama LLC,Oncology,Mirzapur,West Bengal,XXXXX,BADLIC,duplicate_provider_id
P031684,Buch Ltd,Cardiology,Karimnagar,Jharkhand,XXXXX,BADLIC,duplicate_provider_id
P032147,Zacharia-Dass,Orthopedics,Giridih,Kerala,XXXXX,BADLIC,duplicate_provider_id
P002988,"Misra, Bahl and Memon",Cardiology,Nellore,Assam,171522107,LIC659726,duplicate_provider_id
P004348,Swaminathan-Korpal,OBGYN,Ujjain,Haryana,XXXXX,BADLIC,duplicate_provider_id
P024445,Atwal-Venkatesh,Oncology,Tadepalligudem,Punjab,XXXXX,BADLIC,duplicate_provider_id
P025821,Ramakrishnan LLC,OBGYN,Firozabad,Odisha,XXXXX,BADLIC,duplicate_provider_id
P020799,Brar-Kota,General Medicine,Pimpri-Chinchwad,Arunachal Pradesh,609616811,LIC819547,duplicate_provider_id
P003304,Loyal and Sons,Orthopedics,Anantapur,Uttar Pradesh,576324863,LIC308200,duplicate_provider_id
P027070,"Gour, Kar and Dar",Pediatrics,Mira-Bhayandar,Chhattisgarh,XXXXX,BADLIC,duplicate_provider_id
P009076,"Karan, Sibal and Wadhwa",Orthopedics,Coimbatore,Kerala,549401361,LIC401886,duplicate_provider_id
P032494,"Sangha, Sibal and Kulkarni",Pediatrics,Ramagundam,Uttar Pradesh,743169450,LIC946644,duplicate_provider_id
P006327,Manne-Mitra,ENT,Guntakal,Telangana,XXXXX,BADLIC,duplicate_provider_id
P000739,"Sem, Pandit and Mann",Oncology,Tezpur,Himachal Pradesh,XXXXX,BADLIC,duplicate_provider_id
P002009,"Bhatia, Shan and Goyal",General Medicine,Surendranagar Dudhrej,Bihar,934218933,LIC247348,duplicate_provider_id
P024525,"Shanker, Suri and Narayan",Orthopedics,Solapur,Mizoram,689092964,LIC587549,duplicate_provider_id
P013329,Om PLC,Oncology,Tiruvottiyur,Meghalaya,312895947,LIC138933,duplicate_provider_id
P016292,Krish Ltd,General Medicine,Ratlam,Gujarat,XXXXX,BADLIC,duplicate_provider_id
P014310,Som Group,ENT,Akola,Meghalaya,638181088,LIC698100,duplicate_provider_id
P029394,Dyal Group,Cardiology,Noida,Assam,698437049,LIC474606,duplicate_provider_id
P030645,Shenoy-Krish,Dermatology,Asansol,Gujarat,XXXXX,BADLIC,duplicate_provider_id
P018862,Dube LLC,Pediatrics,Morbi,Haryana,967937486,LIC371806,duplicate_provider_id
P027550,Dugar-Bhatt,Dermatology,Tadepalligudem,Gujarat,XXXXX,BADLIC,duplicate_provider_id
P026237,Devi Ltd,ENT,Siliguri,Assam,XXXXX,BADLIC,duplicate_provider_id
P005811,"Prabhakar, Kibe and Vig",Neurology,Kota,Telangana,217454672,LIC647979,duplicate_provider_id
P007045,Om-Keer,Orthopedics,Gwalior,Odisha,XXXXX,BADLIC,duplicate_provider_id
P017338,Sankaran Ltd,Pediatrics,Munger,Andhra Pradesh,345541049,LIC621670,duplicate_provider_id
P025074,Dar LLC,Cardiology,Thoothukudi,Punjab,XXXXX,BADLIC,duplicate_provider_id
P025160,Bhalla-Varty,Urology,Anantapur,Kerala,338749951,LIC473048,duplicate_provider_id
P013324,Swamy-Chakrabarti,OBGYN,Machilipatnam,Gujarat,XXXXX,BADLIC,duplicate_provider_id
P013661,Borra Inc,ENT,Panihati,Tripura,883297562,LIC178012,duplicate_provider_id
P013324,"Iyengar, Ravel and Goyal",Urology,Baranagar,Bihar,XXXXX,BADLIC,duplicate_provider_id
P033584,"Kohli, Shan and Sem",Pediatrics,Panipat,Madhya Pradesh,105946672,LIC768813,duplicate_provider_id
P012661,Goda Group,ENT,Ongole,Manipur,XXXXX,BADLIC,duplicate_provider_id
P007069,Dada-Vig,Pediatrics,Jehanabad,Mizoram,XXXXX,BADLIC,duplicate_provider_id
P002864,"Soni, Pillay and Kota",OBGYN,Raipur,Chhattisgarh,241069077,LIC231772,duplicate_provider_id
P025544,Chaudhry-Zacharia,Cardiology,Tiruppur,West Bengal,703890878,LIC281861,duplicate_provider_id
P000368,"Uppal, Koshy and Vig",Cardiology,Pali,Odisha,436957226,LIC281962,duplicate_provider_id
P010797,Mann-Pal,OBGYN,Hapur,Goa,532433786,LIC345003,duplicate_provider_id
P018094,Salvi Ltd,Oncology,Kharagpur,Himachal Pradesh,623535377,LIC156043,duplicate_provider_id
P022766,"Devan, Shah and Shukla",Dermatology,Thanjavur,Punjab,762907693,LIC855854,duplicate_provider_id
P022591,"Sane, Bose and Chad",ENT,Kulti,Haryana,XXXXX,BADLIC,duplicate_provider_id
P010586,"Shere, Sarraf and Bumb",ENT,Gorakhpur,Maharashtra,XXXXX,BADLIC,duplicate_provider_id
P012756,Bera-Rege,Dermatology,Bhubaneswar,Andhra Pradesh,751425938,LIC883995,duplicate_provider_id
P022785,Sarin and Sons,Neurology,Gorakhpur,Haryana,XXXXX,BADLIC,duplicate_provider_id
P014231,Rattan Ltd,Urology,Panvel,Madhya Pradesh,XXXXX,BADLIC,duplicate_provider_id
P029798,"Bhat, Bandi and Yadav",ENT,Belgaum,Assam,486951594,LIC281294,duplicate_provider_id
P003838,Prabhu-Thakur,ENT,Gandhinagar,Mizoram,216750497,LIC677603,duplicate_provider_id
P022866,"Chandran, Pathak and Sama",OBGYN,Nagercoil,Tamil Nadu,XXXXX,BADLIC,duplicate_provider_id
P010493,Bhasin-Chaudry,Pediatrics,Haldia,Himachal Pradesh,449460606,LIC485031,duplicate_provider_id
P010132,Dhawan and Sons,Orthopedics,Lucknow,Assam,473627457,LIC496561,duplicate_provider_id
P010580,"Sur, Saini and Khalsa",Neurology,Mango,Haryana,XXXXX,BADLIC,duplicate_provider_id
P016379,"Naidu, Sathe and Bobal",OBGYN,Sri Ganganagar,Tamil Nadu,825341574,LIC360798,duplicate_provider_id
P001985,Wali LLC,Cardiology,Chandrapur,Arunachal Pradesh,XXXXX,BADLIC,duplicate_provider_id
P021539,"Aggarwal, Raj and Tandon",Neurology,Kavali,Andhra Pradesh,XXXXX,BADLIC,duplicate_provider_id
P022787,"Handa, Chacko and Majumdar",OBGYN,Berhampore,Madhya Pradesh,224108663,LIC337810,duplicate_provider_id
P032849,"Dhar, Uppal and Kuruvilla",General Medicine,Kakinada,Punjab,274381449,LIC252159,duplicate_provider_id
P003822,"Pandit, Suresh and Narang",General Medicine,Deoghar,Bihar,XXXXX,BADLIC,duplicate_provider_id
P025047,"Rajagopal, Bansal and Som",Neurology,Nagercoil,Tripura,XXXXX,BADLIC,duplicate_provider_id
P034969,Nayar-Sankaran,Cardiology,Rajkot,Nagaland,XXXXX,BADLIC,duplicate_provider_id
P005178,Rout-Oza,Dermatology,Rajkot,Manipur,XXXXX,BADLIC,duplicate_provider_id
P019695,"Jain, Sachar and Sanghvi",Dermatology,Ahmednagar,Rajasthan,XXXXX,BADLIC,duplicate_provider_id
P031197,Gokhale-Dutta,ENT,Kishanganj,Assam,XXXXX,BADLIC,duplicate_provider_id
P024913,Nagy and Sons,OBGYN,Eluru,Chhattisgarh,940916123,LIC471154,duplicate_provider_id
P026934,"Kanda, Dube and Sarma",Neurology,South Dumdum,Telangana,193489176,LIC334663,duplicate_provider_id
P022983,Shetty Inc,Dermatology,Rewa,Chhattisgarh,585668327,LIC768439,duplicate_provider_id
P030238,Gill and Sons,Pediatrics,Saharanpur,Arunachal Pradesh,379662315,LIC929453,duplicate_provider_id
P020609,Shenoy-Merchant,Dermatology,Chandigarh,Goa,XXXXX,BADLIC,duplicate_provider_id
P013386,Doctor and Sons,Pediatrics,Jaipur,Punjab,XXXXX,BADLIC,duplicate_provider_id
P026229,Deep-Sane,OBGYN,Shahjahanpur,Haryana,XXXXX,BADLIC,duplicate_provider_id
P003536,"Nair, Ahluwalia and Kakar",Oncology,Vasai-Virar,Karnataka,XXXXX,BADLIC,duplicate_provider_id
P017626,Seth Ltd,ENT,Gandhinagar,West Bengal,275145438,LIC382072,duplicate_provider_id
P005653,Pai Group,Pediatrics,Anantapur,Telangana,XXXXX,BADLIC,duplicate_provider_id
P024823,Palla-Loyal,ENT,Sri Ganganagar,Madhya Pradesh,831749340,LIC164441,duplicate_provider_id
P001574,Prasad Inc,Neurology,Bharatpur,Nagaland,200596478,LIC563160,duplicate_provider_id
P023737,Bhatti and Sons,General Medicine,Chinsurah,Manipur,XXXXX,BADLIC,duplicate_provider_id
P022808,Narula LLC,Dermatology,Muzaffarpur,Chhattisgarh,XXXXX,BADLIC,duplicate_provider_id
P027776,Morar Inc,ENT,Bidar,Assam,XXXXX,BADLIC,duplicate_provider_id
P032369,"Bera, Warrior and Bahl",Neurology,Guna,Bihar,111038071,LIC685886,duplicate_provider_id
P007378,Sundaram and Sons,ENT,Mathura,Himachal Pradesh,519048633,LIC968041,duplicate_provider_id
P030722,Loyal-Trivedi,OBGYN,Bareilly,Odisha,XXXXX,BADLIC,duplicate_provider_id
P016785,"Mishra, Bawa and Ramachandran",General Medicine,Kurnool,Sikkim,502877118,LIC580169,duplicate_provider_id
P003997,Nagarajan-Balakrishnan,ENT,Durg,Haryana,256856846,LIC838915,duplicate_provider_id
P026111,"Ranganathan, Modi and Ganguly",OBGYN,Kozhikode,Odisha,XXXXX,BADLIC,duplicate_provider_id
P005265,"Lad, Jaggi and Krishnan",Cardiology,Mangalore,Punjab,XXXXX,BADLIC,duplicate_provider_id
P027768,Kara-Kibe,Oncology,Solapur,Telangana,XXXXX,BADLIC,duplicate_provider_id
P004239,Dutta-Parikh,General Medicine,Purnia,Madhya Pradesh,XXXXX,BADLIC,duplicate_provider_id
P019066,Ahuja PLC,Cardiology,Buxar,Gujarat,XXXXX,BADLIC,duplicate_provider_id
P026815,Rau-Ramanathan,Urology,Aligarh,Odisha,440354807,LIC952112,duplicate_provider_id
P031990,Pingle Ltd,General Medicine,Adoni,Maharashtra,XXXXX,BADLIC,duplicate_provider_id
P003034,"Nagi, Sandhu and Badal",OBGYN,Nellore,Odisha,702123650,LIC138448,duplicate_provider_id
P000942,"Narang, Ray and Sheth",Cardiology,Belgaum,Assam,539892364,LIC131993,duplicate_provider_id
P027753,Bajaj-Kari,Oncology,Nangloi Jat,Tripura,647079904,LIC506798,duplicate_provider_id
P024412,Kale and Sons,General Medicine,Mehsana,Kerala,XXXXX,BADLIC,duplicate_provider_id
P005483,"Dhillon, Sahota and Shetty",Dermatology,Vadodara,Meghalaya,100615498,LIC207866,duplicate_provider_id
P022870,Ratta-Purohit,Orthopedics,Gaya,Telangana,269463098,LIC312421,duplicate_provider_id
P028574,"Cheema, Gade and Bose",ENT,Morena,Punjab,350832543,LIC867746,duplicate_provider_id
P013486,Issac-Som,Neurology,Hyderabad,Sikkim,XXXXX,BADLIC,duplicate_provider_id
P025416,Sarma Inc,Orthopedics,Malda,Madhya Pradesh,474541745,LIC650447,duplicate_provider_id
P007744,Nayak LLC,Pediatrics,Kavali,Madhya Pradesh,XXXXX,BADLIC,duplicate_provider_id
P026903,Kumar PLC,Neurology,Tenali,Assam,XXXXX,BADLIC,duplicate_provider_id
P010429,"Mitter, Nath and Sampath",Urology,Howrah,Chhattisgarh,XXXXX,BADLIC,duplicate_provider_id
P005516,Samra LLC,General Medicine,Tadipatri,Odisha,506220983,LIC122849,duplicate_provider_id
P017342,"Kuruvilla, Parsa and Bains",Cardiology,Kulti,Bihar,758322301,LIC536660,duplicate_provider_id
P024147,Jayaraman and Sons,ENT,Bhagalpur,Kerala,XXXXX,BADLIC,duplicate_provider_id
P030517,"Kurian, Swaminathan and Basak",Oncology,Haridwar,Mizoram,834955161,LIC746700,duplicate_provider_id
P030810,Talwar PLC,ENT,Patiala,Jharkhand,279341430,LIC369010,duplicate_provider_id
P004817,Srinivas LLC,Orthopedics,Gurgaon,Uttar Pradesh,XXXXX,BADLIC,duplicate_provider_id
P033153,Gera-Dhillon,General Medicine,Mira-Bhayandar,Telangana,739393742,LIC190660,duplicate_provider_id
P013882,Hegde-Puri,Urology,Shahjahanpur,Gujarat,XXXXX,BADLIC,duplicate_provider_id
P013664,"Apte, Kant and Bose",ENT,Singrauli,Madhya Pradesh,XXXXX,BADLIC,duplicate_provider_id
P029491,Nagar and Sons,Pediatrics,Jamnagar,Rajasthan,224823866,LIC992146,duplicate_provider_id
P009418,Kale Group,Urology,Sasaram,Maharashtra,XXXXX,BADLIC,duplicate_provider_id
P029221,Biswas-Sengupta,OBGYN,Jalna,Rajasthan,XXXXX,BADLIC,duplicate_provider_id
P009259,Solanki-Chacko,General Medicine,Amroha,Meghalaya,XXXXX,BADLIC,duplicate_provider_id
P008661,Kant Group,Orthopedics,Saharsa,Manipur,XXXXX,BADLIC,duplicate_provider_id
P006913,"Naidu, Tandon and Saha",Dermatology,North Dumdum,Kerala,XXXXX,BADLIC,duplicate_provider_id
P033107,Sankaran Inc,Dermatology,Durg,Mizoram,XXXXX,BADLIC,duplicate_provider_id
P015170,"Tata, Yohannan and Patla",OBGYN,Pudukkottai,Uttar Pradesh,691936449,LIC657097,duplicate_provider_id
P020530,Cheema-Pandit,Oncology,Panchkula,Uttarakhand,634358394,LIC306649,duplicate_provider_id
P003036,Bansal-Bhatnagar,General Medicine,Mango,Sikkim,XXXXX,BADLIC,duplicate_provider_id
P034487,"Sheth, Nair and Naidu",ENT,Srikakulam,Tripura,XXXXX,BADLIC,duplicate_provider_id
P025295,Kakar Ltd,Urology,Jorhat,Kerala,491159516,LIC637403,duplicate_provider_id
P020927,Amble-Sundaram,ENT,Gulbarga,Telangana,XXXXX,BADLIC,duplicate_provider_id
P033487,Iyer-Bajwa,Neurology,Bilaspur,Madhya Pradesh,XXXXX,BADLIC,duplicate_provider_id
P005333,Gopal Inc,OBGYN,Bhavnagar,Telangana,XXXXX,BADLIC,duplicate_provider_id
P008233,Kadakia Inc,OBGYN,Bhagalpur,Assam,XXXXX,BADLIC,duplicate_provider_id
P006696,"Kohli, Vala and Trivedi",Urology,Bidar,Manipur,904656511,LIC818176,duplicate_provider_id
P007436,Vaidya PLC,Orthopedics,Barasat,Punjab,XXXXX,BADLIC,duplicate_provider_id
P007771,Sachdev Inc,,Sambhal,Karnataka,XXXXX,BADLIC,missing_specialty
P029862,Babu PLC,,Vijayawada,Mizoram,XXXXX,BADLIC,missing_specialty
P014537,Sarin and Sons,,Mango,Madhya Pradesh,XXXXX,BADLIC,missing_specialty
P036427,"Chaudhary, Bhasin and Batra",,Panchkula,Chhattisgarh,XXXXX,BADLIC,missing_specialty
P037652,Munshi and Sons,,Vijayanagaram,Uttarakhand,XXXXX,BADLIC,missing_specialty
P036771,Vaidya-Sama,,Akola,Himachal Pradesh,XXXXX,BADLIC,missing_specialty
P035195,Madan Inc,,Dibrugarh,Manipur,XXXXX,BADLIC,missing_specialty
P037044,"Bahri, Grewal and Seshadri",,Amaravati,Uttarakhand,XXXXX,BADLIC,missing_specialty
P014783,Sheth-Sibal,,Amritsar,Odisha,XXXXX,BADLIC,missing_specialty
P038961,Bahri-Tank,,Rajpur Sonarpur,Sikkim,XXXXX,BADLIC,missing_specialty
P039994,Mander-Ranganathan,,Serampore,Assam,XXXXX,BADLIC,missing_specialty
P036207,Mutti-Dhar,,Tezpur,Mizoram,XXXXX,BADLIC,missing_specialty
P037564,Khalsa-Rastogi,,Katihar,Maharashtra,XXXXX,BADLIC,missing_specialty
P019166,"Shan, Nair and Badami",,Allahabad,Assam,XXXXX,BADLIC,missing_specialty
P015641,"Mandal, Subramaniam and Pandey",,Nizamabad,Gujarat,XXXXX,BADLIC,missing_specialty
P037552,"Nagarajan, Sastry and Sachdev",,Phusro,Tamil Nadu,XXXXX,BADLIC,missing_specialty
P007642,Bhatnagar Inc,,Thoothukudi,Karnataka,XXXXX,BADLIC,missing_specialty
P039083,Dixit-Bassi,,Kanpur,Karnataka,XXXXX,BADLIC,missing_specialty
P035671,Badal-Dash,,Pallavaram,Nagaland,XXXXX,BADLIC,missing_specialty
P024650,Grewal Ltd,,Pudukkottai,Manipur,XXXXX,BADLIC,missing_specialty
P035659,Sarkar Inc,,Bilaspur,West Bengal,XXXXX,BADLIC,missing_specialty
P002020,Sarin-Prashad,,Khora ,Odisha,XXXXX,BADLIC,missing_specialty
P021776,Behl-Peri,,Madanapalle,Andhra Pradesh,XXXXX,BADLIC,missing_specialty
P036617,Saha Ltd,,Bhind,Kerala,XXXXX,BADLIC,missing_specialty
P036186,"Kala, Biswas and Som",,Shivpuri,Nagaland,XXXXX,BADLIC,missing_specialty
P038376,Lanka-Andra,,Guntakal,Assam,XXXXX,BADLIC,missing_specialty
P038371,Bhasin-Chaudry,,Rajahmundry,Mizoram,XXXXX,BADLIC,missing_specialty
P036739,Bhagat Group,,Jodhpur,Uttar Pradesh,XXXXX,BADLIC,missing_specialty
P037454,"Bansal, Bobal and Andra",,Anantapur,Himachal Pradesh,XXXXX,BADLIC,missing_specialty
P035539,Pandey Ltd,,Ramgarh,Himachal Pradesh,XXXXX,BADLIC,missing_specialty
P035598,"Kulkarni, Mohan and Sawhney",,Patiala,Gujarat,XXXXX,BADLIC,missing_specialty
P032616,Varughese-Arya,,Agra,Punjab,XXXXX,BADLIC,missing_specialty
P014574,Bhardwaj Inc,,Gorakhpur,Tripura,XXXXX,BADLIC,missing_specialty
P038637,"Mitter, Bahri and Agarwal",,Meerut,Odisha,XXXXX,BADLIC,missing_specialty
P036733,Grover Inc,,Kumbakonam,Punjab,XXXXX,BADLIC,missing_specialty
P001889,Warrior Group,,Jalna,Himachal Pradesh,XXXXX,BADLIC,missing_specialty
P039703,Rege Group,,Katni,Gujarat,XXXXX,BADLIC,missing_specialty
P014998,Banik Inc,,Dehradun,Madhya Pradesh,XXXXX,BADLIC,missing_specialty
P037539,Radhakrishnan-Bail,,Mau,Karnataka,XXXXX,BADLIC,missing_specialty
P039038,Jain-Sangha,,Dindigul,Nagaland,XXXXX,BADLIC,missing_specialty
P035308,"Wali, Misra and Gopal",,Kulti,Chhattisgarh,XXXXX,BADLIC,missing_specialty
P020285,Wadhwa Group,,Dewas,Meghalaya,XXXXX,BADLIC,missing_specialty
P035867,"Shan, Nair and Badami",,Mirzapur,Himachal Pradesh,XXXXX,BADLIC,missing_specialty
P037423,Prashad Inc,,Bikaner,Telangana,XXXXX,BADLIC,missing_specialty
P020250,Krishnamurthy and Sons,,Kavali,Sikkim,XXXXX,BADLIC,missing_specialty
P038638,"Dugal, Panchal and Palla",,Saharanpur,Tripura,XXXXX,BADLIC,missing_specialty
P036754,Parmer-Dube,,Rewa,Andhra Pradesh,XXXXX,BADLIC,missing_specialty
P038687,Rana-Gokhale,,Ghaziabad,Punjab,XXXXX,BADLIC,missing_specialty
P036976,Jhaveri-Mohan,,Aligarh,Meghalaya,XXXXX,BADLIC,missing_specialty
P037465,"Krish, Basu and Palla",,Sonipat,Odisha,XXXXX,BADLIC,missing_specialty
P036440,"Bali, Chana and Kibe",,Guwahati,Bihar,XXXXX,BADLIC,missing_specialty
P039716,Puri-Cherian,,Madhyamgram,Kerala,XXXXX,BADLIC,missing_specialty
P029384,"Vasa, Sarraf and Pai",,Muzaffarpur,Telangana,XXXXX,BADLIC,missing_specialty
P035134,"Mukherjee, Chaudry and Bava",,Fatehpur,Assam,XXXXX,BADLIC,missing_specialty
P039790,Dubey-Sridhar,,Bally,Maharashtra,XXXXX,BADLIC,missing_specialty
P036889,Kamdar and Sons,,Bharatpur,Madhya Pradesh,XXXXX,BADLIC,missing_specialty
P038622,"Brar, Parikh and Desai",,Mau,Tripura,XXXXX,BADLIC,missing_specialty
P036292,Parekh-Raghavan,,Bhiwani,Manipur,XXXXX,BADLIC,missing_specialty
P037655,Das-Bera,,Ulhasnagar,Karnataka,XXXXX,BADLIC,missing_specialty
P029263,Chad-Chowdhury,,Gandhinagar,Tripura,XXXXX,BADLIC,missing_specialty
P039428,Bakshi Ltd,,Sikar,Assam,XXXXX,BADLIC,missing_specialty
P035609,"Chokshi, Goyal and Ganesan",,Anantapuram,Sikkim,XXXXX,BADLIC,missing_specialty
P028598,"Virk, Lad and Andra",,Bhalswa Jahangir Pur,Punjab,XXXXX,BADLIC,missing_specialty
P010752,Rajagopalan Group,,Dibrugarh,Meghalaya,XXXXX,BADLIC,missing_specialty
P035217,"Oza, Pandey and Zacharia",,Nanded,Goa,XXXXX,BADLIC,missing_specialty
P039975,Batta and Sons,,Bhopal,Meghalaya,XXXXX,BADLIC,missing_specialty
P039951,Devi Ltd,,Muzaffarnagar,Himachal Pradesh,XXXXX,BADLIC,missing_specialty
P038177,"Rout, Sehgal and Ganesh",,Loni,Meghalaya,XXXXX,BADLIC,missing_specialty
P036258,Sharaf-Pai,,Silchar,Assam,XXXXX,BADLIC,missing_specialty
P037429,Balan and Sons,,Alappuzha,Nagaland,XXXXX,BADLIC,missing_specialty
P035082,"Dhar, Loke and Barad",,Jamalpur,Gujarat,XXXXX,BADLIC,missing_specialty
P001479,"Kaul, Batta and Kant",,Dehradun,Bihar,XXXXX,BADLIC,missing_specialty
P038537,"Sridhar, Ramanathan and Shankar",,Tadipatri,Bihar,XXXXX,BADLIC,missing_specialty
P032109,Ray Group,,Raipur,Meghalaya,XXXXX,BADLIC,missing_specialty
P007818,"Pal, Chada and Deshmukh",,Purnia,Madhya Pradesh,XXXXX,BADLIC,missing_specialty
P031481,Munshi-Solanki,,Bulandshahr,Andhra Pradesh,XXXXX,BADLIC,missing_specialty
P019493,Nagar and Sons,,Ujjain,Tripura,XXXXX,BADLIC,missing_specialty
P038514,"Iyer, Aurora and Wali",,Panihati,Jharkhand,XXXXX,BADLIC,missing_specialty
P036172,Barad Inc,,Ghaziabad,West Bengal,XXXXX,BADLIC,missing_specialty
P039602,"Som, Joshi and Wadhwa",,Mau,Mizoram,XXXXX,BADLIC,missing_specialty
P026675,Parekh-Singhal,,Morbi,Haryana,XXXXX,BADLIC,missing_specialty
P037857,"Dhaliwal, Sankar and Sama",,Gudivada,Jharkhand,XXXXX,BADLIC,missing_specialty
P037504,Joshi Group,,Guwahati,Maharashtra,XXXXX,BADLIC,missing_specialty
P037893,Dey-Kibe,,Bidhannagar,Meghalaya,XXXXX,BADLIC,missing_specialty
P006206,Kanda PLC,,Raiganj,Odisha,XXXXX,BADLIC,missing_specialty
P024903,"Wali, Dara and Behl",,Madurai,Telangana,XXXXX,BADLIC,missing_specialty
P034941,"Wali, Gole and Rege",,Giridih,Telangana,XXXXX,BADLIC,missing_specialty
P036485,"Som, Rao and Gola",,Karimnagar,Tamil Nadu,XXXXX,BADLIC,missing_specialty
P035183,"Pillay, Ganesh and Krishna",,Gwalior,Haryana,XXXXX,BADLIC,missing_specialty
P009043,Subramanian-Gokhale,,Dhanbad,Punjab,XXXXX,BADLIC,missing_specialty
P035854,Varghese-Parsa,,Kulti,Uttarakhand,XXXXX,BADLIC,missing_specialty
P038542,Hayer Ltd,,Amravati,Uttar Pradesh,XXXXX,BADLIC,missing_specialty
P003851,Rout-Aurora,,Tenali,Goa,XXXXX,BADLIC,missing_specialty
P038355,Bose Ltd,,Madanapalle,Arunachal Pradesh,XXXXX,BADLIC,missing_specialty
P003767,"Warrior, Kothari and Kapur",,Dindigul,Nagaland,XXXXX,BADLIC,missing_specialty
P002593,"Bhat, Lal and Deo",,Panipat,Sikkim,XXXXX,BADLIC,missing_specialty
P035123,Kothari-Bhakta,,Ludhiana,Madhya Pradesh,XXXXX,BADLIC,missing_specialty
P038832,Bhargava-Wadhwa,,Bhopal,Telangana,XXXXX,BADLIC,missing_specialty
P038090,Sahni-Karpe,,Rajpur Sonarpur,Tamil Nadu,XXXXX,BADLIC,missing_specialty
P036121,Rout-Pillay,,Ambarnath,Nagaland,XXXXX,BADLIC,missing_specialty
P038697,Bhatt Inc,,Phagwara,Maharashtra,XXXXX,BADLIC,missing_specialty
P035242,Mukherjee PLC,,Haldia,Jharkhand,XXXXX,BADLIC,missing_specialty
P038527,Hegde-Chand,,Tadepalligudem,Gujarat,XXXXX,BADLIC,missing_specialty
P022600,Guha-Baral,,Warangal,Nagaland,XXXXX,BADLIC,missing_specialty
P036982,Hari LLC,,Tezpur,Assam,XXXXX,BADLIC,missing_specialty
P038649,Brahmbhatt-Palla,,Madhyamgram,Punjab,XXXXX,BADLIC,missing_specialty
P035849,Chakrabarti-Tandon,,Faridabad,Rajasthan,XXXXX,BADLIC,missing_specialty
P031858,"Vyas, Dhawan and Murthy",,Anantapur,Telangana,XXXXX,BADLIC,missing_specialty
P037262,Kamdar-Rai,,Chandigarh,Arunachal Pradesh,XXXXX,BADLIC,missing_specialty
P039398,"Chana, Sunder and Randhawa",,Pali,Assam,XXXXX,BADLIC,missing_specialty
P038346,"Banerjee, Khurana and Rau",,Junagadh,Tamil Nadu,XXXXX,BADLIC,missing_specialty
P035275,Tara-Sama,,Etawah,Uttarakhand,XXXXX,BADLIC,missing_specialty
P039677,Dara LLC,,Agartala,Punjab,XXXXX,BADLIC,missing_specialty
P035558,"Chadha, Shenoy and Prakash",,Karimnagar,Tamil Nadu,XXXXX,BADLIC,missing_specialty
P037278,Nath Inc,,Guna,Madhya Pradesh,XXXXX,BADLIC,missing_specialty
P038946,Anne-Sengupta,,Tiruvottiyur,Andhra Pradesh,XXXXX,BADLIC,missing_specialty
P039290,Master-Sha,,Guntur,West Bengal,XXXXX,BADLIC,missing_specialty
P007698,"Mall, Sur and Sarin",,Kadapa,West Bengal,XXXXX,BADLIC,missing_specialty
P036765,Ramakrishnan-Palan,,Gangtok,Sikkim,XXXXX,BADLIC,missing_specialty
P039831,Deol-Loke,,Rampur,Mizoram,XXXXX,BADLIC,missing_specialty
P038991,Rajan-Memon,,Unnao,Goa,XXXXX,BADLIC,missing_specialty
P038476,Ram-Warrior,,Khandwa,Gujarat,XXXXX,BADLIC,missing_specialty
P037073,"Cheema, Kota and Baral",,Jalandhar,West Bengal,XXXXX,BADLIC,missing_specialty
P038280,Aurora-Khatri,,Durg,Tripura,XXXXX,BADLIC,missing_specialty
P036530,Edwin-Bath,,Siwan,Uttarakhand,XXXXX,BADLIC,missing_specialty
P036919,Kaul PLC,,Amritsar,Maharashtra,XXXXX,BADLIC,missing_specialty
P037669,Hans-Manne,,Malegaon,Telangana,XXXXX,BADLIC,missing_specialty
P033096,Behl Inc,,Bhagalpur,Tripura,XXXXX,BADLIC,missing_specialty
P027739,Joshi Ltd,,Erode,Rajasthan,XXXXX,BADLIC,missing_specialty
P036898,Raman LLC,,Satna,Manipur,XXXXX,BADLIC,missing_specialty
P020146,Rajagopal and Sons,,Mangalore,West Bengal,XXXXX,BADLIC,missing_specialty
P037359,Srinivasan-Menon,,Akola,Punjab,XXXXX,BADLIC,missing_specialty
P035653,"Dhawan, Natt and Brahmbhatt",,Durg,Gujarat,XXXXX,BADLIC,missing_specialty
P039746,Johal-Basu,,Pali,Rajasthan,XXXXX,BADLIC,missing_specialty
P000645,"Dhar, Bhargava and Kibe",,Buxar,Uttar Pradesh,XXXXX,BADLIC,missing_specialty
P037127,"Patla, Manne and Bassi",,Nagpur,Punjab,XXXXX,BADLIC,missing_specialty
P037957,Dyal LLC,,Karawal Nagar,Uttar Pradesh,XXXXX,BADLIC,missing_specialty
P037480,Rai Inc,,Amaravati,Tamil Nadu,XXXXX,BADLIC,missing_specialty
P033323,"Dar, Varughese and Char",,Thane,Gujarat,XXXXX,BADLIC,missing_specialty
P038828,Raman-Badal,,Kochi,Kerala,XXXXX,BADLIC,missing_specialty
P038149,Ramanathan-Lalla,,Bharatpur,Punjab,XXXXX,BADLIC,missing_specialty
P038482,Upadhyay LLC,,Latur,Assam,XXXXX,BADLIC,missing_specialty
P038267,Shanker-Roy,,Kolkata,Assam,XXXXX,BADLIC,missing_specialty
P038455,Sodhi Ltd,,Jalna,Rajasthan,XXXXX,BADLIC,missing_specialty
P035067,Rai-Koshy,,Kamarhati,Rajasthan,XXXXX,BADLIC,missing_specialty
P005064,"Batta, Dua and Bhatnagar",,Hazaribagh,Tripura,XXXXX,BADLIC,missing_specialty
P029408,"Ratti, Keer and Edwin",,Ranchi,Haryana,XXXXX,BADLIC,missing_specialty
P038929,Sampath-Gokhale,,Tadepalligudem,Mizoram,XXXXX,BADLIC,missing_specialty
P039965,Kadakia LLC,,Solapur,Karnataka,XXXXX,BADLIC,missing_specialty
P038952,"Dewan, Chakraborty and Sachdeva",,Jaipur,Andhra Pradesh,XXXXX,BADLIC,missing_specialty
P012463,Magar-Keer,,Ozhukarai,Maharashtra,XXXXX,BADLIC,missing_specialty
P039073,Gola-Dugal,,Agartala,Tripura,XXXXX,BADLIC,missing_specialty
P036395,Iyer Inc,,Bhimavaram,Kerala,XXXXX,BADLIC,missing_specialty
P037636,Jayaraman-Parekh,,Pimpri-Chinchwad,Assam,XXXXX,BADLIC,missing_specialty
P037953,Palan Inc,,Amaravati,Madhya Pradesh,XXXXX,BADLIC,missing_specialty
P036334,Chanda Group,,Nangloi Jat,Karnataka,XXXXX,BADLIC,missing_specialty
P038837,"Kulkarni, Hans and Kamdar",,Jammu,Karnataka,XXXXX,BADLIC,missing_specialty
P038107,Mannan-Bava,,Mira-Bhayandar,Assam,XXXXX,BADLIC,missing_specialty
P038286,Mannan-Bava,,Bardhaman,West Bengal,XXXXX,BADLIC,missing_specialty
P037906,Vasa-Date,,Phusro,Mizoram,XXXXX,BADLIC,missing_specialty
P039173,"Choudhry, Prashad and Toor",,Buxar,Jharkhand,XXXXX,BADLIC,missing_specialty
P036957,"Char, Hayer and Dara",,Karimnagar,Madhya Pradesh,XXXXX,BADLIC,missing_specialty
P037255,Mukherjee-Yadav,,Bhalswa Jahangir Pur,Uttar Pradesh,XXXXX,BADLIC,missing_specialty
P038433,Pillai-Patla,,Jamnagar,Arunachal Pradesh,XXXXX,BADLIC,missing_specialty
P035392,Mitter-Madan,,Tirunelveli,Gujarat,XXXXX,BADLIC,missing_specialty
P035790,Manda-Palan,,Muzaffarpur,Goa,XXXXX,BADLIC,missing_specialty
P018112,"Thaker, Char and Mander",,Mira-Bhayandar,Karnataka,XXXXX,BADLIC,missing_specialty
P035641,"Sangha, Mangal and Bobal",,Imphal,Karnataka,XXXXX,BADLIC,missing_specialty
P038640,"Korpal, Joshi and Thaman",,Rajkot,Haryana,XXXXX,BADLIC,missing_specialty
P036839,Choudhry Ltd,,Malegaon,Assam,XXXXX,BADLIC,missing_specialty
P013901,"Korpal, Mohan and Sahni",,Malda,Karnataka,XXXXX,BADLIC,missing_specialty
P036108,Amble Ltd,,Sambhal,Himachal Pradesh,XXXXX,BADLIC,missing_specialty
P006348,Sem-Prashad,,Ichalkaranji,Goa,XXXXX,BADLIC,missing_specialty
P036006,"Mohan, Hans and Soman",,Karnal,Uttarakhand,XXXXX,BADLIC,missing_specialty
P036565,"Khare, Thaman and Sule",,Alappuzha,Odisha,XXXXX,BADLIC,missing_specialty
P039829,"Bahl, Patla and Gera",,Bhalswa Jahangir Pur,Nagaland,XXXXX,BADLIC,missing_specialty
P038134,Ratta-Mistry,,Hindupur,Maharashtra,XXXXX,BADLIC,missing_specialty
P036712,"Goda, Dara and Kaur",,Parbhani,West Bengal,XXXXX,BADLIC,missing_specialty
P011019,Luthra Group,,Bharatpur,Madhya Pradesh,XXXXX,BADLIC,missing_specialty
P014311,"Saran, Pandya and Pandey",,Rohtak,Andhra Pradesh,XXXXX,BADLIC,missing_specialty
P035562,Warrior Group,,Fatehpur,Telangana,XXXXX,BADLIC,missing_specialty
P035099,"Pandey, Soman and Panchal",,Chittoor,Assam,XXXXX,BADLIC,missing_specialty
P039190,Sinha-Kumer,,Orai,Haryana,XXXXX,BADLIC,missing_specialty
P005230,Sodhi LLC,,Nagaon,Meghalaya,XXXXX,BADLIC,missing_specialty
P038028,Sunder-Modi,,Thanjavur,Nagaland,XXXXX,BADLIC,missing_specialty
P039489,Sundaram Ltd,,Sonipat,Haryana,XXXXX,BADLIC,missing_specialty
P035471,"Sodhi, Varkey and Magar",,Junagadh,West Bengal,XXXXX,BADLIC,missing_specialty
P012006,Murty Ltd,,Karimnagar,Andhra Pradesh,XXXXX,BADLIC,missing_specialty
P036337,Kumer PLC,,Srikakulam,Karnataka,XXXXX,BADLIC,missing_specialty
P037199,Chopra-Bawa,,Saharanpur,Tamil Nadu,XXXXX,BADLIC,missing_specialty
P037353,Das and Sons,,Chapra,Madhya Pradesh,XXXXX,BADLIC,missing_specialty
P032105,Mann-Zacharia,,Moradabad,Odisha,XXXXX,BADLIC,missing_specialty
P035375,Bawa Group,,Karimnagar,Haryana,XXXXX,BADLIC,missing_specialty
P037976,Bhargava-Kashyap,,Ahmedabad,Andhra Pradesh,XXXXX,BADLIC,missing_specialty
P035050,"Sachdev, Karan and Bail",,Malegaon,Uttarakhand,XXXXX,BADLIC,missing_specialty
P035466,"Seshadri, Sundaram and Bhargava",,Ballia,Odisha,XXXXX,BADLIC,missing_specialty
P038999,Chawla PLC,,Mira-Bhayandar,Gujarat,XXXXX,BADLIC,missing_specialty
P039661,"Vora, Lall and Prashad",,Kharagpur,Himachal Pradesh,XXXXX,BADLIC,missing_specialty
P039177,Pillay-Vala,,Proddatur,Punjab,XXXXX,BADLIC,missing_specialty
P039011,"Palan, Keer and Char",,Nagaon,Tripura,XXXXX,BADLIC,missing_specialty
P039214,"Karnik, Gala and Thakur",,Ahmedabad,Manipur,XXXXX,BADLIC,missing_specialty
P035745,Subramaniam Ltd,,Eluru,Tripura,XXXXX,BADLIC,missing_specialty
P001463,Dhingra PLC,,Bally,Odisha,XXXXX,BADLIC,missing_specialty
P039738,"Sem, Pandit and Mann",,Srikakulam,Kerala,XXXXX,BADLIC,missing_specialty
P016163,Kapur Ltd,,Kishanganj,Nagaland,XXXXX,BADLIC,missing_specialty
P020176,Saini-Varkey,,Khandwa,Rajasthan,XXXXX,BADLIC,missing_specialty
P037019,Mane-Dhawan,,Jalandhar,Madhya Pradesh,XXXXX,BADLIC,missing_specialty
P035484,Thaman-Walla,,Kurnool,Haryana,XXXXX,BADLIC,missing_specialty
P038478,"Agarwal, Varughese and Wadhwa",,Hyderabad,Uttar Pradesh,XXXXX,BADLIC,missing_specialty
P039174,"Purohit, Barman and Babu",,Dehradun,Bihar,XXXXX,BADLIC,missing_specialty
P038145,Parmar Group,,Pondicherry,West Bengal,XXXXX,BADLIC,missing_specialty
P035368,Chahal PLC,,Mysore,Madhya Pradesh,XXXXX,BADLIC,missing_specialty
P038462,Oza-Thakkar,,Thoothukudi,Himachal Pradesh,XXXXX,BADLIC,missing_specialty
P036721,"Konda, Nazareth and Chacko",,Pondicherry,Gujarat,XXXXX,BADLIC,missing_specialty
P015797,"Kanda, Deep and Bobal",,Mau,Jharkhand,XXXXX,BADLIC,missing_specialty
P035903,Kumer-Cheema,,Satara,Haryana,XXXXX,BADLIC,missing_specialty
P038064,Viswanathan-Borra,,Rajpur Sonarpur,Andhra Pradesh,XXXXX,BADLIC,missing_specialty
P037507,"Dash, Sharma and Sarma",,Anand,Nagaland,XXXXX,BADLIC,missing_specialty
P002690,Kota and Sons,,Pali,Assam,XXXXX,BADLIC,missing_specialty
P035537,"Magar, Bumb and Palla",,Tiruvottiyur,Assam,XXXXX,BADLIC,missing_specialty
P039033,Chopra-Bawa,,Tenali,Punjab,XXXXX,BADLIC,missing_specialty
P029599,Joshi Group,,Dehradun,Haryana,XXXXX,BADLIC,missing_specialty
P038161,Pant Inc,,Kozhikode,Rajasthan,XXXXX,BADLIC,missing_specialty
P036168,Ranganathan Inc,,Amaravati,Madhya Pradesh,XXXXX,BADLIC,missing_specialty
P039089,"Thaman, Baral and Ramanathan",,Rajahmundry,Sikkim,XXXXX,BADLIC,missing_specialty
P022616,Sahota-Murthy,,Ramagundam,Odisha,XXXXX,BADLIC,missing_specialty
P039638,"Dyal, Banerjee and Gade",,Durg,Maharashtra,XXXXX,BADLIC,missing_specialty
P038051,"Vaidya, Mittal and Misra",,Gorakhpur,Karnataka,XXXXX,BADLIC,missing_specialty
P027287,"Palla, Gaba and Pal",,Munger,West Bengal,XXXXX,BADLIC,missing_specialty
P038368,Pai-Rama,,Tiruchirappalli,Odisha,XXXXX,BADLIC,missing_specialty
P039912,Rattan-Balakrishnan,,Kadapa,Telangana,XXXXX,BADLIC,missing_specialty
P012086,"Rajan, Kothari and Sama",,Gudivada,West Bengal,XXXXX,BADLIC,missing_specialty
P025162,Dutta-Chander,,Agartala,Assam,XXXXX,BADLIC,missing_specialty
P019098,Gokhale-Lall,,Dindigul,Madhya Pradesh,XXXXX,BADLIC,missing_specialty
P038144,Khosla Inc,,Khora ,Punjab,XXXXX,BADLIC,missing_specialty
P036314,Memon-Balasubramanian,,South Dumdum,Punjab,XXXXX,BADLIC,missing_specialty
P038764,Soman-Ramanathan,,Gandhidham,West Bengal,XXXXX,BADLIC,missing_specialty
P039276,Bakshi-Shankar,,Karimnagar,Rajasthan,XXXXX,BADLIC,missing_specialty
P037125,Sodhi Inc,,Ujjain,Chhattisgarh,XXXXX,BADLIC,missing_specialty
P038019,"Bhagat, Kadakia and Jha",,Hubli–Dharwad,Mizoram,XXXXX,BADLIC,missing_specialty
P002127,"Sathe, Oza and Gour",,Nizamabad,Sikkim,XXXXX,BADLIC,missing_specialty
P038098,Doctor and Sons,,Thoothukudi,Andhra Pradesh,XXXXX,BADLIC,missing_specialty
P038457,Lata-Dara,,Kharagpur,Mizoram,XXXXX,BADLIC,missing_specialty
P037838,Madan-Soni,,Vadodara,Himachal Pradesh,XXXXX,BADLIC,missing_specialty
P038957,Yadav-Ravel,,Rewa,Assam,XXXXX,BADLIC,missing_specialty
P009542,"Ganesh, Purohit and Borra",,Fatehpur,Gujarat,XXXXX,BADLIC,missing_specialty
P038753,Uppal-Tella,,Nagaon,Karnataka,XXXXX,BADLIC,missing_specialty
P018538,Nagi and Sons,,Madhyamgram,Goa,XXXXX,BADLIC,missing_specialty
P028537,Behl-Peri,,Gudivada,Chhattisgarh,XXXXX,BADLIC,missing_specialty
P036823,Agate LLC,,Mau,West Bengal,XXXXX,BADLIC,missing_specialty
P039641,Jain-Gaba,,Kanpur,Karnataka,XXXXX,BADLIC,missing_specialty
P037649,"Merchant, Jayaraman and Gara",,Mirzapur,Maharashtra,XXXXX,BADLIC,missing_specialty
P036178,Khalsa-Sule,,Mau,Maharashtra,XXXXX,BADLIC,missing_specialty
P039798,Jain-Ben,,Adoni,Assam,XXXXX,BADLIC,missing_specialty
P035859,Bala-Singhal,,Nizamabad,Uttarakhand,XXXXX,BADLIC,missing_specialty
P000760,Badami Ltd,,Ujjain,Maharashtra,XXXXX,BADLIC,missing_specialty
P029162,"Kaur, Dua and Yohannan",,Malda,Uttarakhand,XXXXX,BADLIC,missing_specialty
P037244,"Jani, Batta and Chakraborty",,Pallavaram,Kerala,XXXXX,BADLIC,missing_specialty
P036226,Banerjee and Sons,,Adoni,Odisha,XXXXX,BADLIC,missing_specialty
P038769,Suri Group,,Anantapur,Andhra Pradesh,XXXXX,BADLIC,missing_specialty
P037694,Baral-Varughese,,Secunderabad,Odisha,XXXXX,BADLIC,missing_specialty
P038630,"Yadav, Comar and Sridhar",,Allahabad,Rajasthan,XXXXX,BADLIC,missing_specialty
P038139,Yadav Inc,,Bilaspur,Mizoram,XXXXX,BADLIC,missing_specialty
P039931,"Narayanan, Chacko and Nazareth",,Khammam,Odisha,XXXXX,BADLIC,missing_specialty
P037980,Nadkarni LLC,,Kamarhati,Odisha,XXXXX,BADLIC,missing_specialty
P038048,"Chowdhury, Sandal and Rao",,Kota,Nagaland,XXXXX,BADLIC,missing_specialty
P008938,Balakrishnan-Parekh,,Malegaon,Tripura,XXXXX,BADLIC,missing_specialty
P039123,Virk-Ghose,,Etawah,Meghalaya,XXXXX,BADLIC,missing_specialty
P038498,Mand-Deo,,Sultan Pur Majra,Tamil Nadu,XXXXX,BADLIC,missing_specialty
P032957,"Chahal, Goswami and Goda",,Sonipat,Sikkim,XXXXX,BADLIC,missing_specialty
P036746,Mammen PLC,,Sagar,Gujarat,XXXXX,BADLIC,missing_specialty
P028786,"Bhalla, Bassi and Agarwal",,Aizawl,Haryana,XXXXX,BADLIC,missing_specialty
P036563,Kohli-Suresh,,Pudukkottai,Himachal Pradesh,XXXXX,BADLIC,missing_specialty
P029496,Badami-Wali,,Thoothukudi,Gujarat,XXXXX,BADLIC,missing_specialty
P035908,Rout-Prasad,,Unnao,Telangana,XXXXX,BADLIC,missing_specialty
P037791,"Mall, Sur and Sarin",,Kalyan-Dombivli,Sikkim,XXXXX,BADLIC,missing_specialty
P038550,"Dhillon, Majumdar and Chad",,Shivpuri,Jharkhand,XXXXX,BADLIC,missing_specialty
P036324,Kohli LLC,,Panihati,Tripura,XXXXX,BADLIC,missing_specialty
P032398,"Mangal, D’Alia and Chowdhury",,Ratlam,Himachal Pradesh,XXXXX,BADLIC,missing_specialty
P039646,Nagar-Mander,,Uluberia,Odisha,XXXXX,BADLIC,missing_specialty
P038848,Kant-Parmar,,Bidar,Assam,XXXXX,BADLIC,missing_specialty
P039678,"Tata, Kala and Krish",,Katihar,Manipur,XXXXX,BADLIC,missing_specialty
P035331,Dalal LLC,,Tadepalligudem,Madhya Pradesh,XXXXX,BADLIC,missing_specialty
P035820,Bhagat-Baria,,Gwalior,Tripura,XXXXX,BADLIC,missing_specialty
P039712,Madan Group,,Chennai,Karnataka,XXXXX,BADLIC,missing_specialty
P038450,Kunda and Sons,,Thiruvananthapuram,Maharashtra,XXXXX,BADLIC,missing_specialty
P035882,"Swaminathan, Vasa and Dugar",,Maheshtala,Assam,XXXXX,BADLIC,missing_specialty
P039448,Cherian PLC,,Mangalore,Madhya Pradesh,XXXXX,BADLIC,missing_specialty
P037941,"Contractor, Rattan and Bava",,Satara,Mizoram,XXXXX,BADLIC,missing_specialty
P035989,"Sahota, Bath and Bir",,Bhilai,Gujarat,XXXXX,BADLIC,missing_specialty
P035428,Parmar-D’Alia,,Hazaribagh,Assam,XXXXX,BADLIC,missing_specialty
P036481,Dani Inc,,Karnal,Gujarat,XXXXX,BADLIC,missing_specialty
P036404,Sunder-Soni,,Junagadh,Karnataka,XXXXX,BADLIC,missing_specialty
P039305,Edwin-Dave,,Bhiwani,Karnataka,XXXXX,BADLIC,missing_specialty
P039648,Bobal PLC,,Rampur,Assam,XXXXX,BADLIC,missing_specialty
P035111,Murty Inc,,Jamnagar,Madhya Pradesh,XXXXX,BADLIC,missing_specialty
P036448,Gupta-Mody,,Pondicherry,Sikkim,XXXXX,BADLIC,missing_specialty
P012518,Rajan PLC,,Munger,Mizoram,XXXXX,BADLIC,missing_specialty
P036937,Dhingra LLC,,Vasai-Virar,Kerala,XXXXX,BADLIC,missing_specialty
P036265,"Bhasin, Karan and Ram",,Guna,Rajasthan,XXXXX,BADLIC,missing_specialty
P039519,Nagi and Sons,,Sambalpur,Madhya Pradesh,XXXXX,BADLIC,missing_specialty
P001373,Wali LLC,,Amritsar,Gujarat,XXXXX,BADLIC,missing_specialty
P038179,"Konda, Palan and Balay",,Vijayanagaram,Chhattisgarh,XXXXX,BADLIC,missing_specialty
P038932,Ben Inc,,Bhatpara,Assam,XXXXX,BADLIC,missing_specialty
P039479,Hora-Bhakta,,Alappuzha,Bihar,XXXXX,BADLIC,missing_specialty
P037656,Vaidya-Sama,,Pondicherry,Tripura,XXXXX,BADLIC,missing_specialty
P022770,"Kala, Basu and Kunda",,Nanded,Odisha,XXXXX,BADLIC,missing_specialty
P039517,"Bhatia, Shan and Goyal",,Rewa,Kerala,XXXXX,BADLIC,missing_specialty
P035033,Bal-Date,,Udupi,Karnataka,XXXXX,BADLIC,missing_specialty
P037946,Sheth-Rattan,,Kolhapur,West Bengal,XXXXX,BADLIC,missing_specialty
P036170,"Dugar, Sant and Khatri",,Orai,Haryana,XXXXX,BADLIC,missing_specialty
P037394,Bajaj PLC,,Rourkela,Andhra Pradesh,XXXXX,BADLIC,missing_specialty
P039162,Ray-Murthy,,Sikar,Manipur,XXXXX,BADLIC,missing_specialty
P038543,"Handa, Mann and Sankaran",,Aligarh,Madhya Pradesh,XXXXX,BADLIC,missing_specialty
P009534,"Kuruvilla, Sagar and Balasubramanian",,Farrukhabad,Gujarat,XXXXX,BADLIC,missing_specialty
P037207,"Tata, Sachdeva and Majumdar",,Surat,Madhya Pradesh,XXXXX,BADLIC,missing_specialty
P037321,"Mitter, Bahri and Agarwal",,Mango,Telangana,XXXXX,BADLIC,missing_specialty
P037440,Kapoor-Chatterjee,,Saharsa,Odisha,XXXXX,BADLIC,missing_specialty
P023461,Kalla-Vasa,,Kharagpur,Kerala,XXXXX,BADLIC,missing_specialty
P039296,"Kapadia, Dayal and Bandi",,Mahbubnagar,Manipur,XXXXX,BADLIC,missing_specialty
P009715,Devan-Bahri,,Anantapur,Haryana,XXXXX,BADLIC,missing_specialty
P036985,"Basak, Mannan and Solanki",,Aurangabad,Meghalaya,XXXXX,BADLIC,missing_specialty
P035756,Banerjee-Basak,,Hindupur,Assam,XXXXX,BADLIC,missing_specialty
P039003,"Sawhney, Saxena and Ramachandran",,Jehanabad,Uttar Pradesh,XXXXX,BADLIC,missing_specialty
P039963,Balan Inc,,Jalna,Gujarat,XXXXX,BADLIC,missing_specialty
P005796,Oak Ltd,,Rewa,Goa,XXXXX,BADLIC,missing_specialty
P035232,Minhas-Varty,,Kumbakonam,Odisha,XXXXX,BADLIC,missing_specialty
P038129,Pillay LLC,,Haldia,Maharashtra,XXXXX,BADLIC,missing_specialty
P038503,Borra-Kothari,,Agartala,Goa,XXXXX,BADLIC,missing_specialty
P028996,Balasubramanian Inc,,Vellore,Bihar,XXXXX,BADLIC,missing_specialty
P038009,Bansal LLC,,Berhampur,Maharashtra,XXXXX,BADLIC,missing_specialty
P038723,"Sem, Bajaj and Dyal",,Mehsana,Meghalaya,XXXXX,BADLIC,missing_specialty
P039523,Dani Inc,,Surendranagar Dudhrej,Chhattisgarh,XXXXX,BADLIC,missing_specialty
P038699,"Walia, Sachar and Dora",,Asansol,Bihar,XXXXX,BADLIC,missing_specialty
P028932,Ganguly-Borah,,Nagpur,Telangana,XXXXX,BADLIC,missing_specialty
P018909,"Thakur, Nori and Bobal",,Bhubaneswar,Rajasthan,XXXXX,BADLIC,missing_specialty
P039684,Wadhwa LLC,,Pune,Gujarat,XXXXX,BADLIC,missing_specialty
P013065,"Bansal, Gulati and Nayak",,Kochi,Himachal Pradesh,XXXXX,BADLIC,missing_specialty
P024612,Gokhale Group,,Chittoor,Uttar Pradesh,XXXXX,BADLIC,missing_specialty
P039368,"Shroff, Puri and Ray",,Nagercoil,Uttarakhand,XXXXX,BADLIC,missing_specialty
P029012,"Goswami, Mital and Choudhry",,Noida,Odisha,XXXXX,BADLIC,missing_specialty
P010086,Buch PLC,,Kanpur,Assam,XXXXX,BADLIC,missing_specialty
P039806,"Karnik, Ben and Karnik",,Chapra,Tripura,XXXXX,BADLIC,missing_specialty
P038095,Merchant-Aurora,,Muzaffarpur,Mizoram,XXXXX,BADLIC,missing_specialty
P007491,"Keer, Bhasin and Rana",,Khandwa,Arunachal Pradesh,XXXXX,BADLIC,missing_specialty
P035273,Mitter-Madan,,Kollam,Himachal Pradesh,XXXXX,BADLIC,missing_specialty
P038978,Venkatesh-Varty,,Shivpuri,Goa,XXXXX,BADLIC,missing_specialty
P016726,Dani Group,,Avadi,Tripura,XXXXX,BADLIC,missing_specialty
P038755,Khatri LLC,,Vellore,Meghalaya,XXXXX,BADLIC,missing_specialty
P038146,"Ratti, Kothari and Radhakrishnan",,Buxar,Tripura,XXXXX,BADLIC,missing_specialty
P039159,Hegde-Kanda,,Bhatpara,Telangana,XXXXX,BADLIC,missing_specialty
P035026,Shenoy-Krish,,Buxar,Tripura,XXXXX,BADLIC,missing_specialty
P020943,Gill-Verma,,Agra,Karnataka,XXXXX,BADLIC,missing_specialty
P038604,"Konda, Modi and Uppal",,Nagercoil,Assam,XXXXX,BADLIC,missing_specialty
P038121,"Hans, Gupta and Sandhu",,Noida,Maharashtra,XXXXX,BADLIC,missing_specialty
P000509,Gade PLC,,Raipur,Uttar Pradesh,XXXXX,BADLIC,missing_specialty
P039717,Kumer-Chaudhuri,,Imphal,Haryana,XXXXX,BADLIC,missing_specialty
P038553,"Lad, Kaur and Boase",,Bally,Nagaland,XXXXX,BADLIC,missing_specialty
P036345,Chakraborty Ltd,,Khora ,Gujarat,XXXXX,BADLIC,missing_specialty
P036815,"Ram, Parmer and Bera",,Karaikudi,Haryana,XXXXX,BADLIC,missing_specialty
P015995,"Shan, Patla and Pathak",,Berhampore,Punjab,XXXXX,BADLIC,missing_specialty
P037948,Swamy-Chakrabarti,,Dhanbad,Uttar Pradesh,XXXXX,BADLIC,missing_specialty
P038087,Chakraborty-Bhasin,,Raebareli,Punjab,XXXXX,BADLIC,missing_specialty
P037234,Pandey Ltd,,Chandigarh,Goa,XXXXX,BADLIC,missing_specialty
P035156,Yogi Inc,,Barasat,Mizoram,XXXXX,BADLIC,missing_specialty
P035130,D’Alia Inc,,Ahmedabad,Goa,XXXXX,BADLIC,missing_specialty
P039855,"Dua, Karpe and Subramanian",,Thrissur,Rajasthan,XXXXX,BADLIC,missing_specialty
P037016,Manda-Edwin,,Shahjahanpur,Bihar,XXXXX,BADLIC,missing_specialty
P027422,"Mander, Jayaraman and Narain",,Pallavaram,Bihar,XXXXX,BADLIC,missing_specialty
P039921,Khatri and Sons,,Kumbakonam,Tripura,XXXXX,BADLIC,missing_specialty
P038936,Sami Ltd,,Kirari Suleman Nagar,Odisha,XXXXX,BADLIC,missing_specialty
P037933,Bedi-Tella,,Amaravati,Arunachal Pradesh,XXXXX,BADLIC,missing_specialty
P038488,Randhawa-Din,,Bathinda,Mizoram,XXXXX,BADLIC,missing_specialty
P038310,"Venkatesh, Pillay and Bajwa",,Kulti,Meghalaya,XXXXX,BADLIC,missing_specialty
P036391,Kade-Goel,,Chittoor,Uttarakhand,XXXXX,BADLIC,missing_specialty
P035046,Kohli LLC,,Madhyamgram,Chhattisgarh,XXXXX,BADLIC,missing_specialty
P002485,Din PLC,,Raurkela Industrial Township,Madhya Pradesh,XXXXX,BADLIC,missing_specialty
P035467,"Kamdar, Om and Puri",,Aizawl,Rajasthan,XXXXX,BADLIC,missing_specialty
P038388,"Rana, Setty and Chand",,Bardhaman,Punjab,XXXXX,BADLIC,missing_specialty
P037358,"Mandal, Kumer and Chacko",,Hindupur,Uttar Pradesh,XXXXX,BADLIC,missing_specialty
P035632,Varma Group,,Serampore,Madhya Pradesh,XXXXX,BADLIC,missing_specialty
P020241,Chacko-Suresh,,Jalgaon,Assam,XXXXX,BADLIC,missing_specialty
P036986,Vora Group,,Phusro,Madhya Pradesh,XXXXX,BADLIC,missing_specialty
P037711,Ratti Ltd,,Aizawl,Arunachal Pradesh,XXXXX,BADLIC,missing_specialty
P037240,Setty-Kalita,,Jalna,Maharashtra,XXXXX,BADLIC,missing_specialty
P034582,"Rege, Raval and Pant",,Satara,Haryana,XXXXX,BADLIC,missing_specialty
P035041,"Saini, Kapoor and Char",,Kulti,Meghalaya,XXXXX,BADLIC,missing_specialty
P036328,Bakshi-Sidhu,,Uluberia,Goa,XXXXX,BADLIC,missing_specialty
P039334,Chowdhury Group,,Jamnagar,Bihar,XXXXX,BADLIC,missing_specialty
P039020,"Dugal, Padmanabhan and Bajaj",,Narasaraopet,Maharashtra,XXXXX,BADLIC,missing_specialty
P039102,Chatterjee Group,,Agartala,Tripura,XXXXX,BADLIC,missing_specialty
P035329,"Murty, Chadha and Sarkar",,New Delhi,Tamil Nadu,XXXXX,BADLIC,missing_specialty
P038818,"Manne, Gala and Ravel",,Kolhapur,West Bengal,XXXXX,BADLIC,missing_specialty
P035870,Agrawal-Kakar,,Dharmavaram,Himachal Pradesh,XXXXX,BADLIC,missing_specialty
P008674,Trivedi-Pingle,,Chinsurah,Madhya Pradesh,XXXXX,BADLIC,missing_specialty
P020026,Sampath-Gokhale,,Nagpur,Bihar,XXXXX,BADLIC,missing_specialty
P038693,"Singh, Kuruvilla and Chand",,Gurgaon,West Bengal,XXXXX,BADLIC,missing_specialty
P038266,"Solanki, Chakraborty and Kota",,Amritsar,Jharkhand,XXXXX,BADLIC,missing_specialty
P036549,Goel-Minhas,,Raiganj,Jharkhand,XXXXX,BADLIC,missing_specialty
P035585,Nigam-Walla,,Gurgaon,Karnataka,XXXXX,BADLIC,missing_specialty
P005914,Upadhyay-Mani,,Avadi,Punjab,XXXXX,BADLIC,missing_specialty
P036376,"Bahri, Grewal and Seshadri",,Bhatpara,West Bengal,XXXXX,BADLIC,missing_specialty
P039366,Vyas Ltd,,Dhanbad,Punjab,XXXXX,BADLIC,missing_specialty
P008883,"Bir, Mall and Amble",,Bulandshahr,Maharashtra,XXXXX,BADLIC,missing_specialty
P035378,"Chaudry, Setty and Dash",,Cuttack,Jharkhand,XXXXX,BADLIC,missing_specialty
P017681,Sarna-Bir,,Kamarhati,Madhya Pradesh,XXXXX,BADLIC,missing_specialty
P038432,Mani-Dhar,,Haldia,Karnataka,XXXXX,BADLIC,missing_specialty
P036545,"Yohannan, Contractor and Shroff",,Malda,Andhra Pradesh,XXXXX,BADLIC,missing_specialty
P036384,Mammen-Datta,,Munger,Punjab,XXXXX,BADLIC,missing_specialty
P038748,Bajaj-Kari,,Bareilly,Andhra Pradesh,XXXXX,BADLIC,missing_specialty
P036956,Singhal-Naidu,,Raurkela Industrial Township,Haryana,XXXXX,BADLIC,missing_specialty
P039642,Tailor Inc,,Sirsa,Andhra Pradesh,XXXXX,BADLIC,missing_specialty
P035205,Khosla-Kata,,Vasai-Virar,Goa,XXXXX,BADLIC,missing_specialty
P039673,"Doshi, Tailor and Bajaj",,Vasai-Virar,Sikkim,XXXXX,BADLIC,missing_specialty
P038586,Garg-Bhatt,,Kolkata,Assam,XXXXX,BADLIC,missing_specialty
P035345,Mannan-Balakrishnan,,Pallavaram,Odisha,XXXXX,BADLIC,missing_specialty
P038252,"Lad, Oza and Mahal",,Nandyal,Rajasthan,XXXXX,BADLIC,missing_specialty
P032875,Lata-Oommen,,Sikar,Gujarat,XXXXX,BADLIC,missing_specialty
P009028,"Divan, Sangha and Varkey",,Bhagalpur,Uttar Pradesh,XXXXX,BADLIC,missing_specialty
P039245,"Nanda, Bakshi and Jaggi",,Amritsar,Tripura,XXXXX,BADLIC,missing_specialty
P019602,Das-Sami,,Kharagpur,Himachal Pradesh,XXXXX,BADLIC,missing_specialty
P036704,Wason PLC,,Jamalpur,Madhya Pradesh,XXXXX,BADLIC,missing_specialty
P037064,Rattan and Sons,,Jamnagar,Assam,XXXXX,BADLIC,missing_specialty
P035074,Aurora LLC,,Sikar,Gujarat,XXXXX,BADLIC,missing_specialty
P035316,Rai PLC,,Pudukkottai,West Bengal,XXXXX,BADLIC,missing_specialty
P001742,Karan-Bhatti,,Mumbai,Andhra Pradesh,XXXXX,BADLIC,missing_specialty
P036245,Ramanathan-Lalla,,Berhampore,Jharkhand,XXXXX,BADLIC,missing_specialty
P036372,"Mitra, Kurian and Chaudry",,Saharsa,Nagaland,XXXXX,BADLIC,missing_specialty
P004828,Krishnamurthy PLC,,Mira-Bhayandar,Haryana,XXXXX,BADLIC,missing_specialty
P038781,"Nigam, Narayan and Gill",,Bongaigaon,Karnataka,XXXXX,BADLIC,missing_specialty
P038197,Swaminathan and Sons,,Farrukhabad,Assam,XXXXX,BADLIC,missing_specialty
P035200,"Sodhi, Lad and Singh",,Sangli-Miraj & Kupwad,Assam,XXXXX,BADLIC,missing_specialty
P039169,Hegde-Chand,,Kharagpur,Uttarakhand,XXXXX,BADLIC,missing_specialty
P024275,Ramesh-Atwal,Dermatology,Ahmednagar,Mizoram,633599109,LIC907894,duplicate_provider_id
P034070,Balakrishnan and Sons,Orthopedics,Malegaon,Arunachal Pradesh,XXXXX,BADLIC,duplicate_provider_id
P001200,Kala PLC,ENT,Thiruvananthapuram,Assam,XXXXX,BADLIC,duplicate_provider_id
P001597,"Sengupta, Talwar and Sachdeva",Pediatrics,Thanjavur,Goa,XXXXX,BADLIC,duplicate_provider_id
P012593,"Chaudhuri, Warrior and Saraf",Pediatrics,Loni,Odisha,375342904,LIC613872,duplicate_provider_id
P030074,Zacharia Inc,ENT,Ramgarh,Uttarakhand,XXXXX,BADLIC,duplicate_provider_id
P021214,Tank PLC,Pediatrics,Madurai,Uttarakhand,685544575,LIC922620,duplicate_provider_id
P016787,"Reddy, Batra and Mukhopadhyay",Dermatology,Mau,Odisha,XXXXX,BADLIC,duplicate_provider_id
P022079,"Sura, Sankaran and Iyer",Oncology,Panihati,Himachal Pradesh,510236136,LIC266296,duplicate_provider_id
P029148,Khare-Buch,Dermatology,Serampore,Goa,XXXXX,BADLIC,duplicate_provider_id
P027400,Mistry Inc,General Medicine,Anand,Assam,958286632,LIC107489,duplicate_provider_id
P001241,Saraf-Ganesh,Dermatology,Nandyal,Bihar,148899240,LIC364470,duplicate_provider_id
P027967,Bhatia-Nath,Neurology,Thane,Bihar,XXXXX,BADLIC,duplicate_provider_id
P011708,"Solanki, Khatri and Mahal",Oncology,Ludhiana,Karnataka,XXXXX,BADLIC,duplicate_provider_id
P021215,Saha-Bala,OBGYN,Nagaon,West Bengal,XXXXX,BADLIC,duplicate_provider_id
P012415,"Subramanian, Anand and Chandran",OBGYN,Muzaffarnagar,Tripura,875046476,LIC335266,duplicate_provider_id
P024978,Chad-Bhagat,General Medicine,Barasat,Uttar Pradesh,978256370,LIC134987,duplicate_provider_id
P009830,Joshi LLC,General Medicine,Tadipatri,Chhattisgarh,XXXXX,BADLIC,duplicate_provider_id
P023097,"Shan, Tandon and Badami",Neurology,Ulhasnagar,Odisha,XXXXX,BADLIC,duplicate_provider_id
P005752,"Nigam, Sen and Dhillon",Cardiology,Jamnagar,Nagaland,829017290,LIC728943,duplicate_provider_id
P015773,Hora Inc,OBGYN,Thoothukudi,Meghalaya,XXXXX,BADLIC,duplicate_provider_id
P032217,"Khalsa, Basu and Dugar",Oncology,Deoghar,Uttar Pradesh,813761679,LIC727135,duplicate_provider_id
P034639,Pathak and Sons,Neurology,Surendranagar Dudhrej,Meghalaya,XXXXX,BADLIC,duplicate_provider_id
P014436,Oommen Group,Neurology,Bhind,Haryana,XXXXX,BADLIC,duplicate_provider_id
P004894,"Peri, Khatri and Sur",Oncology,Amritsar,Tripura,XXXXX,BADLIC,duplicate_provider_id
P030846,"Srivastava, Krishnan and Chopra",Cardiology,Saharanpur,Bihar,XXXXX,BADLIC,duplicate_provider_id
P027719,Goswami-Mangal,Orthopedics,Tiruchirappalli,Assam,XXXXX,BADLIC,duplicate_provider_id
P006434,Shah-Bose,Urology,Nashik,Punjab,214447364,LIC729615,duplicate_provider_id
P033997,"Bali, Tank and Varty",ENT,Berhampur,Mizoram,326245867,LIC677237,duplicate_provider_id
P011456,Devan LLC,Oncology,Kalyan-Dombivli,Assam,235418015,LIC145966,duplicate_provider_id
P023400,"Chandra, Char and Sarkar",Dermatology,Bhiwandi,Odisha,XXXXX,BADLIC,duplicate_provider_id
P011327,Chopra and Sons,Pediatrics,Saharanpur,Arunachal Pradesh,682028768,LIC483090,duplicate_provider_id
P013217,Barman-Borde,Dermatology,Meerut,Punjab,977843890,LIC535610,duplicate_provider_id
P023003,"Upadhyay, Rajan and Zachariah",OBGYN,Anantapuram,Meghalaya,760356156,LIC303479,duplicate_provider_id
P034101,"Chahal, Dhar and Shankar",General Medicine,Durg,West Bengal,723863246,LIC102488,duplicate_provider_id
P000710,"Panchal, Dayal and Shroff",Oncology,Kharagpur,Assam,XXXXX,BADLIC,duplicate_provider_id
P000369,"Yohannan, Basu and Butala",ENT,Rajahmundry,Tamil Nadu,178611145,LIC232952,duplicate_provider_id
P022187,Amble Ltd,ENT,Kollam,Gujarat,526141055,LIC953392,duplicate_provider_id
P009096,Balan-Zachariah,General Medicine,Karimnagar,Kerala,927074207,LIC285719,duplicate_provider_id
P032385,"Raman, Mallick and Sur",Cardiology,Pimpri-Chinchwad,Uttarakhand,535865263,LIC906991,duplicate_provider_id
P030038,Madan PLC,Oncology,Ahmedabad,Mizoram,835775395,LIC934160,duplicate_provider_id
P000600,Nagy Group,Oncology,Moradabad,Goa,XXXXX,BADLIC,duplicate_provider_id
P005703,Venkatesh-Warrior,Dermatology,Jalandhar,Maharashtra,XXXXX,BADLIC,duplicate_provider_id
P009723,"Zachariah, Bhasin and Magar",Urology,Tumkur,Odisha,784783921,LIC882576,duplicate_provider_id
P018067,"Panchal, Dayal and Shroff",Cardiology,Saharanpur,Assam,XXXXX,BADLIC,duplicate_provider_id
P013989,Lata-Brahmbhatt,ENT,Pudukkottai,Bihar,XXXXX,BADLIC,duplicate_provider_id
P030274,"Butala, Bhakta and Bal",General Medicine,Chittoor,Karnataka,XXXXX,BADLIC,duplicate_provider_id
P026019,Solanki-Chacko,Pediatrics,Raurkela Industrial Township,Gujarat,182067892,LIC932550,duplicate_provider_id
P010764,Mander-Baria,Neurology,Udaipur,Karnataka,XXXXX,BADLIC,duplicate_provider_id
P027277,Bakshi-Dey,Neurology,Saharsa,Sikkim,XXXXX,BADLIC,duplicate_provider_id
P010694,"Rana, Sekhon and Lalla",General Medicine,Varanasi,Telangana,719740641,LIC313079,duplicate_provider_id
P017448,Kala-Choudhury,ENT,Malegaon,Odisha,752779519,LIC977044,duplicate_provider_id
P017109,"Sharma, Barad and Sura",Pediatrics,Munger,Uttarakhand,XXXXX,BADLIC,duplicate_provider_id
P000626,Lall LLC,Dermatology,Rajkot,Assam,225931854,LIC549826,duplicate_provider_id
P020703,"Kapoor, Kari and Wali",General Medicine,Amaravati,Madhya Pradesh,705876400,LIC519648,duplicate_provider_id
P006682,"Reddy, Sridhar and Krishnan",Urology,Bhusawal,Assam,927936065,LIC948350,duplicate_provider_id
P029617,"Narayanan, Aurora and Savant",Cardiology,Bhavnagar,Jharkhand,XXXXX,BADLIC,duplicate_provider_id
P016438,Parsa Ltd,Oncology,Mangalore,Punjab,676131649,LIC700958,duplicate_provider_id
P024489,"Wali, Oza and Dora",OBGYN,Pondicherry,Manipur,408213275,LIC553745,duplicate_provider_id
P021169,Bir and Sons,Pediatrics,Bahraich,Karnataka,XXXXX,BADLIC,duplicate_provider_id
P006238,"Datta, Kothari and Mannan",Orthopedics,Sikar,Meghalaya,XXXXX,BADLIC,duplicate_provider_id
P001375,"Bhatia, Master and Parmer",Orthopedics,Bidar,Mizoram,829165809,LIC372524,duplicate_provider_id
P030328,Ganesan Inc,Oncology,Muzaffarnagar,Jharkhand,827646861,LIC202162,duplicate_provider_id
P010042,Wali LLC,Pediatrics,Bhusawal,Karnataka,XXXXX,BADLIC,duplicate_provider_id
P024082,"Mishra, Baral and Kapur",Cardiology,Tinsukia,Bihar,992983851,LIC868309,duplicate_provider_id
P025093,Palla Group,Neurology,Raiganj,Nagaland,781159413,LIC286921,duplicate_provider_id
P027980,Ram Inc,ENT,Pali,Tamil Nadu,157281068,LIC739053,duplicate_provider_id
P010163,"Setty, Bhat and Bhatt",Orthopedics,Bihar Sharif,Madhya Pradesh,568228832,LIC767590,duplicate_provider_id
P004112,"Sharaf, Sahni and Dutta",Cardiology,Alwar,Rajasthan,XXXXX,BADLIC,duplicate_provider_id
P027211,"Goda, Dara and Kaur",Oncology,Bareilly,Chhattisgarh,830058697,LIC979242,duplicate_provider_id
P029387,"Majumdar, Dhawan and Saraf",General Medicine,Madurai,Odisha,XXXXX,BADLIC,duplicate_provider_id
P032631,Sunder LLC,OBGYN,Dibrugarh,Uttarakhand,XXXXX,BADLIC,duplicate_provider_id
P019543,Sengupta-Agate,Dermatology,Karawal Nagar,Mizoram,XXXXX,BADLIC,duplicate_provider_id
P007672,Char-Muni,Neurology,Shivpuri,Tripura,607093694,LIC649766,duplicate_provider_id
P024082,"Swamy, Oak and Bali",Dermatology,Aizawl,Jharkhand,XXXXX,BADLIC,duplicate_provider_id
P021506,Dara Ltd,Dermatology,Farrukhabad,Himachal Pradesh,595578659,LIC706590,duplicate_provider_id
P002855,Shenoy Ltd,OBGYN,Loni,Rajasthan,300256337,LIC192090,duplicate_provider_id
P023072,Bose-Memon,General Medicine,Rajahmundry,Himachal Pradesh,XXXXX,BADLIC,duplicate_provider_id
P029187,"Pradhan, Dubey and Samra",ENT,Hospet,Bihar,XXXXX,BADLIC,duplicate_provider_id
P019903,Dhaliwal-Tandon,Orthopedics,Machilipatnam,Manipur,XXXXX,BADLIC,duplicate_provider_id
P012973,"Batra, Bandi and Patla",General Medicine,Davanagere,Jharkhand,XXXXX,BADLIC,duplicate_provider_id
P018719,Bobal-Sidhu,Dermatology,Munger,Manipur,882109728,LIC220188,duplicate_provider_id
P023299,Vohra-Trivedi,Neurology,Serampore,Haryana,120811145,LIC444352,duplicate_provider_id
P006882,Ahluwalia and Sons,General Medicine,Narasaraopet,Gujarat,885471313,LIC653741,duplicate_provider_id
P033350,Bakshi-Mane,Orthopedics,Gopalpur,Mizoram,942387186,LIC111137,duplicate_provider_id
P003809,Dave and Sons,Oncology,Muzaffarnagar,Manipur,341147927,LIC255761,duplicate_provider_id
P024493,"Tandon, Contractor and Sarraf",Oncology,Gwalior,Gujarat,566342026,LIC847222,duplicate_provider_id
P012761,Chana-Kala,Neurology,Varanasi,Tamil Nadu,XXXXX,BADLIC,duplicate_provider_id
P023919,Ganguly Ltd,Urology,Ghaziabad,Maharashtra,XXXXX,BADLIC,duplicate_provider_id
P020280,"Sachdev, Agrawal and Dhawan",Cardiology,Jamalpur,Bihar,XXXXX,BADLIC,duplicate_provider_id
P020007,Banerjee PLC,OBGYN,Mumbai,Manipur,307305361,LIC510078,duplicate_provider_id
P006973,Naidu PLC,Urology,Vijayawada,Chhattisgarh,XXXXX,BADLIC,duplicate_provider_id
P020172,Shroff Inc,OBGYN,Anand,Punjab,XXXXX,BADLIC,duplicate_provider_id
P022368,Sathe-Pai,Orthopedics,Kollam,Sikkim,604729089,LIC281339,duplicate_provider_id
P025764,Pall PLC,Pediatrics,Ranchi,Jharkhand,XXXXX,BADLIC,duplicate_provider_id
P028640,Sabharwal and Sons,Orthopedics,Coimbatore,Madhya Pradesh,588357273,LIC708802,duplicate_provider_id
P003423,Dhingra and Sons,Neurology,Mahbubnagar,Telangana,XXXXX,BADLIC,duplicate_provider_id
P025853,Nagar PLC,ENT,Pimpri-Chinchwad,Haryana,XXXXX,BADLIC,duplicate_provider_id
P009226,"Dube, Raghavan and Gala",Dermatology,Belgaum,Punjab,XXXXX,BADLIC,duplicate_provider_id
P024797,Dhar-Chandran,Orthopedics,Erode,Karnataka,904604965,LIC168399,duplicate_provider_id
P003151,"Bhattacharyya, Chopra and Vora",Pediatrics,Shahjahanpur,Telangana,837243471,LIC880629,duplicate_provider_id
P032643,"Sarkar, Naik and Grewal",ENT,Ghaziabad,Tamil Nadu,XXXXX,BADLIC,duplicate_provider_id
P026493,Bhasin-Venkatesh,Urology,Chandrapur,Haryana,709583099,LIC806764,duplicate_provider_id
P018262,"Joshi, Swaminathan and Bava",General Medicine,Nagercoil,Maharashtra,XXXXX,BADLIC,duplicate_provider_id
P014620,Dhar and Sons,ENT,Ozhukarai,Odisha,933526302,LIC594808,duplicate_provider_id
P000951,"Nazareth, Bhavsar and Muni",Oncology,Vasai-Virar,Manipur,XXXXX,BADLIC,duplicate_provider_id
P015047,Badal-Gade,Neurology,Hapur,Andhra Pradesh,XXXXX,BADLIC,duplicate_provider_id
P018319,"Goel, Shere and Deo",Pediatrics,Siliguri,Uttarakhand,XXXXX,BADLIC,duplicate_provider_id
P003693,Kohli Inc,Oncology,Dhule,Karnataka,XXXXX,BADLIC,duplicate_provider_id
P022421,Ganesh-Sachdev,OBGYN,Dhanbad,Mizoram,266618831,LIC647214,duplicate_provider_id
P001265,"Dua, Atwal and Varughese",OBGYN,Junagadh,Andhra Pradesh,526260514,LIC294172,duplicate_provider_id
P026870,"Dhar, Naidu and Mandal",Orthopedics,Delhi,Bihar,316384230,LIC432581,duplicate_provider_id
P007821,"Talwar, Bera and Shan",Pediatrics,Ahmednagar,Haryana,215564375,LIC563441,duplicate_provider_id
P004888,Yohannan Group,ENT,Proddatur,Karnataka,727618122,LIC602841,duplicate_provider_id
P032259,Vig-Varma,Oncology,Bhimavaram,Manipur,XXXXX,BADLIC,duplicate_provider_id
P032067,Varkey-Ghosh,OBGYN,Srikakulam,West Bengal,XXXXX,BADLIC,duplicate_provider_id
P033694,Peri PLC,Urology,Secunderabad,Bihar,XXXXX,BADLIC,duplicate_provider_id
P005449,Basu-Rana,Oncology,Ranchi,Nagaland,141779465,LIC853779,duplicate_provider_id
P016195,Kaul LLC,Neurology,Khandwa,Mizoram,850469794,LIC931586,duplicate_provider_id
P019890,Sarma LLC,Cardiology,Rajpur Sonarpur,Odisha,XXXXX,BADLIC,duplicate_provider_id
P027489,"Shah, Magar and Reddy",ENT,Kalyan-Dombivli,Sikkim,172234536,LIC671710,duplicate_provider_id
P003558,Ranganathan-Puri,Urology,Ratlam,Arunachal Pradesh,476601735,LIC761570,duplicate_provider_id
P015196,Devan Group,Neurology,Ambarnath,Bihar,308091165,LIC493712,duplicate_provider_id
P002313,"Memon, Palla and Acharya",ENT,Nagpur,Haryana,XXXXX,BADLIC,duplicate_provider_id
P012359,Varma LLC,General Medicine,Hyderabad,Madhya Pradesh,341771522,LIC306232,duplicate_provider_id
P022146,"Banik, Patla and Wason",Dermatology,Raipur,Jharkhand,XXXXX,BADLIC,duplicate_provider_id
P026665,"Chada, Mahajan and Sankaran",Cardiology,Adoni,Chhattisgarh,163558333,LIC443496,duplicate_provider_id
P026318,Issac and Sons,Dermatology,Sasaram,Karnataka,663784866,LIC149814,duplicate_provider_id
P012908,Dara Ltd,Urology,Tumkur,Karnataka,XXXXX,BADLIC,duplicate_provider_id
P018161,Sanghvi Inc,Oncology,Agra,Karnataka,XXXXX,BADLIC,duplicate_provider_id
P027885,"Mukherjee, Devi and Ramachandran",Urology,Thoothukudi,Assam,XXXXX,BADLIC,duplicate_provider_id
P013510,Raghavan Inc,General Medicine,Shahjahanpur,Karnataka,847340668,LIC559098,duplicate_provider_id
P021868,Pradhan-More,Cardiology,Kota,West Bengal,357572122,LIC183324,duplicate_provider_id
P022478,Brar and Sons,General Medicine,Hubli–Dharwad,Uttarakhand,899112623,LIC277286,duplicate_provider_id
P005213,"Toor, Cheema and Halder",Orthopedics,Panchkula,Sikkim,956902014,LIC302281,duplicate_provider_id
P034393,"Dhar, Bains and Narula",Pediatrics,Tezpur,Assam,XXXXX,BADLIC,duplicate_provider_id
P012055,Kumer-Arya,Pediatrics,Gaya,Tripura,369021326,LIC836950,duplicate_provider_id
P011061,Sastry Inc,Dermatology,Madhyamgram,Haryana,923904103,LIC786484,duplicate_provider_id
P016477,Goyal-Mistry,OBGYN,Noida,Mizoram,XXXXX,BADLIC,duplicate_provider_id
P001433,Chacko LLC,Oncology,Udupi,Madhya Pradesh,XXXXX,BADLIC,duplicate_provider_id
P005749,Khosla-Rajagopal,Orthopedics,Bulandshahr,Kerala,649714118,LIC713658,duplicate_provider_id
P013246,Dhawan-Bhatt,Neurology,Kalyan-Dombivli,Rajasthan,XXXXX,BADLIC,duplicate_provider_id
P002660,Dhaliwal-Tandon,Oncology,Phagwara,Telangana,942202913,LIC380102,duplicate_provider_id
P023202,Solanki PLC,General Medicine,Bokaro,Rajasthan,XXXXX,BADLIC,duplicate_provider_id
P000920,Chada-Hegde,Cardiology,New Delhi,Kerala,XXXXX,BADLIC,duplicate_provider_id
P007094,Venkataraman-Zachariah,Orthopedics,Sambalpur,Odisha,311629939,LIC398964,duplicate_provider_id
P031112,Saran-Jhaveri,Pediatrics,Kavali,Punjab,XXXXX,BADLIC,duplicate_provider_id
P013234,Amble Ltd,Cardiology,Phagwara,Arunachal Pradesh,XXXXX,BADLIC,duplicate_provider_id
P013841,Saini-Bedi,Neurology,Bhavnagar,Himachal Pradesh,XXXXX,BADLIC,duplicate_provider_id
P033758,"Pillai, Randhawa and Saini",Neurology,Nadiad,Assam,XXXXX,BADLIC,duplicate_provider_id
P021912,Parekh LLC,OBGYN,Bhatpara,Maharashtra,XXXXX,BADLIC,duplicate_provider_id
P034679,"Keer, Bhasin and Rana",Neurology,Udaipur,Punjab,XXXXX,BADLIC,duplicate_provider_id
P031665,"Tank, Kala and Bhardwaj",ENT,Adoni,Punjab,XXXXX,BADLIC,duplicate_provider_id
P011809,Deo LLC,Dermatology,Thiruvananthapuram,Assam,XXXXX,BADLIC,duplicate_provider_id
P007044,Master Group,Dermatology,Gorakhpur,Gujarat,XXXXX,BADLIC,duplicate_provider_id
P001297,Yogi Ltd,Oncology,Pallavaram,Punjab,XXXXX,BADLIC,duplicate_provider_id
P029926,Mohan-Kuruvilla,Cardiology,Ludhiana,Gujarat,XXXXX,BADLIC,duplicate_provider_id
P010808,Dara PLC,Dermatology,Tiruvottiyur,Bihar,XXXXX,BADLIC,duplicate_provider_id
P005657,Dhaliwal-Jani,Urology,Tiruppur,Karnataka,598974754,LIC761345,duplicate_provider_id
P032545,"Butala, Grover and Choudhry",Orthopedics,Bathinda,Gujarat,962586927,LIC172284,duplicate_provider_id
P026356,Verma Inc,OBGYN,Kochi,Maharashtra,597419466,LIC702929,duplicate_provider_id
P028604,Prashad-Bhavsar,Pediatrics,Bhimavaram,Madhya Pradesh,XXXXX,BADLIC,duplicate_provider_id
P029104,"Sane, Venkatesh and Yadav",Pediatrics,Sikar,Telangana,XXXXX,BADLIC,duplicate_provider_id
P005630,"Varty, Thaman and Lala",Orthopedics,Bulandshahr,Tamil Nadu,XXXXX,BADLIC,duplicate_provider_id
P014946,Pillay PLC,Dermatology,Pali,Manipur,853406369,LIC258581,duplicate_provider_id
P019236,"Apte, Shah and Jhaveri",OBGYN,Danapur,Nagaland,XXXXX,BADLIC,duplicate_provider_id
P029264,Padmanabhan-Kala,Oncology,Shahjahanpur,Rajasthan,XXXXX,BADLIC,duplicate_provider_id
P007642,Trivedi Group,OBGYN,Jalandhar,Andhra Pradesh,477864845,LIC214758,duplicate_provider_id
P009882,"Bhatnagar, Sule and Suresh",Orthopedics,Kalyan-Dombivli,Goa,XXXXX,BADLIC,duplicate_provider_id
P021411,Kohli-Gade,Urology,Nizamabad,Meghalaya,XXXXX,BADLIC,duplicate_provider_id
P005046,Sagar-Sharaf,Orthopedics,Pondicherry,Mizoram,XXXXX,BADLIC,duplicate_provider_id
P007063,Tiwari-Soman,Oncology,Gurgaon,Jharkhand,XXXXX,BADLIC,duplicate_provider_id
P020395,Vora PLC,Neurology,Bhopal,Madhya Pradesh,XXXXX,BADLIC,duplicate_provider_id
P022851,Agrawal Ltd,Pediatrics,Purnia,Maharashtra,XXXXX,BADLIC,duplicate_provider_id
P010743,"Chowdhury, Sandal and Rao",Urology,Sasaram,Uttarakhand,666072314,LIC561416,duplicate_provider_id
P001593,Jayaraman and Sons,Urology,Guna,Himachal Pradesh,XXXXX,BADLIC,duplicate_provider_id
P009062,Bhandari-Baral,Oncology,Bettiah,Sikkim,609093425,LIC147646,duplicate_provider_id
P009255,Sahni-Dass,Urology,Uluberia,Jharkhand,335111656,LIC883993,duplicate_provider_id
P014356,Sarna-Bir,ENT,Chittoor,Karnataka,639210642,LIC565376,duplicate_provider_id
P015447,"Varghese, Rajagopalan and Palla",Dermatology,Hajipur,Punjab,XXXXX,BADLIC,duplicate_provider_id
P030187,Gupta-Ben,Orthopedics,Jammu,Himachal Pradesh,182392410,LIC392117,duplicate_provider_id
P021845,"Warrior, Kothari and Kapur",ENT,Bettiah,Meghalaya,XXXXX,BADLIC,duplicate_provider_id
P017671,"Merchant, Reddy and Bhakta",Urology,Navi Mumbai,Chhattisgarh,XXXXX,BADLIC,duplicate_provider_id
P007094,Thakur LLC,Pediatrics,Lucknow,Madhya Pradesh,XXXXX,BADLIC,duplicate_provider_id
P010052,Raj-Devan,Urology,Imphal,Nagaland,587427261,LIC514903,duplicate_provider_id
P034170,Sridhar-Das,General Medicine,Nadiad,Odisha,757366315,LIC118761,duplicate_provider_id
P000074,Dua-Master,ENT,Dibrugarh,Assam,476176327,LIC608306,duplicate_provider_id
P019624,"Sodhi, Rajan and Srinivas",Oncology,Uluberia,Karnataka,XXXXX,BADLIC,duplicate_provider_id
P027281,Joshi and Sons,Pediatrics,Nashik,Kerala,404029578,LIC174948,duplicate_provider_id
P027638,"Balay, Gill and Desai",Dermatology,Mumbai,Punjab,XXXXX,BADLIC,duplicate_provider_id
P034004,Cherian Ltd,Urology,Ahmedabad,Karnataka,786736952,LIC175108,duplicate_provider_id
P011470,Gopal-Dube,Neurology,Nanded,Himachal Pradesh,XXXXX,BADLIC,duplicate_provider_id
P017326,Wali Group,Cardiology,Kozhikode,Goa,171801882,LIC474937,duplicate_provider_id
P027863,Zacharia-Parmer,ENT,Gudivada,Punjab,165241723,LIC971805,duplicate_provider_id
P034991,"Lall, Sangha and Misra",Oncology,Dewas,Punjab,424550285,LIC876413,duplicate_provider_id
P006835,Saini-Kade,Urology,Kamarhati,Telangana,XXXXX,BADLIC,duplicate_provider_id
P017716,"Badal, Goel and Doctor",OBGYN,Jamnagar,Assam,929057609,LIC180096,duplicate_provider_id
P010460,Dara-Morar,Orthopedics,Alwar,Andhra Pradesh,837961699,LIC335142,duplicate_provider_id
P010112,"Sachdev, Dani and Ram",Oncology,Arrah,Kerala,XXXXX,BADLIC,duplicate_provider_id
P028422,Oza PLC,Dermatology,Sagar,Andhra Pradesh,881743677,LIC227669,duplicate_provider_id
P009263,Kata-Pingle,Oncology,Serampore,Odisha,XXXXX,BADLIC,duplicate_provider_id
P017226,"Datta, Comar and Shere",ENT,Hapur,Manipur,648295412,LIC112765,duplicate_provider_id
P032832,Bali LLC,OBGYN,Aizawl,Goa,433874403,LIC350814,duplicate_provider_id
P026712,"Goel, Dasgupta and Goyal",Oncology,Silchar,Uttar Pradesh,933237395,LIC174876,duplicate_provider_id
P009905,Keer-Bhardwaj,ENT,Delhi,Mizoram,XXXXX,BADLIC,duplicate_provider_id
P009567,"Tandon, Saha and Raj",Oncology,Panihati,Tamil Nadu,885355688,LIC677700,duplicate_provider_id
P026663,"Bhardwaj, Mukherjee and Tank",Orthopedics,Phagwara,Nagaland,XXXXX,BADLIC,duplicate_provider_id
P014881,Sheth-Choudhury,Urology,Anantapur,Karnataka,845416435,LIC321952,duplicate_provider_id
P018437,Bala-Bhatia,Urology,Thiruvananthapuram,Maharashtra,XXXXX,BADLIC,duplicate_provider_id
P010908,Bahri Ltd,Neurology,Tirunelveli,Odisha,XXXXX,BADLIC,duplicate_provider_id
P013479,Sahota PLC,Orthopedics,Aurangabad,Maharashtra,XXXXX,BADLIC,duplicate_provider_id
P020804,Pandey Group,Oncology,Madurai,Chhattisgarh,XXXXX,BADLIC,duplicate_provider_id
P028789,"Swamy, Oak and Bali",Neurology,Machilipatnam,Bihar,266138822,LIC108898,duplicate_provider_id
P011457,Minhas Group,Neurology,Saharsa,Manipur,XXXXX,BADLIC,duplicate_provider_id
P034560,Mahajan-Dey,Orthopedics,Patiala,Haryana,XXXXX,BADLIC,duplicate_provider_id
P002011,"Dyal, Mall and Korpal",Neurology,Vijayanagaram,Karnataka,368965552,LIC532529,duplicate_provider_id
P003100,"Vyas, Dhawan and Murthy",Oncology,Bokaro,Telangana,XXXXX,BADLIC,duplicate_provider_id
P016900,"Nadig, Datta and Muni",Orthopedics,Satara,Tripura,XXXXX,BADLIC,duplicate_provider_id
P006424,"Divan, Sangha and Varkey",Urology,Begusarai,Bihar,220540852,LIC111118,duplicate_provider_id
P005265,Roy Group,Orthopedics,Navi Mumbai,Chhattisgarh,837276153,LIC968627,duplicate_provider_id
P027477,Gandhi-Chada,OBGYN,Bellary,Madhya Pradesh,XXXXX,BADLIC,duplicate_provider_id
P008024,"Biswas, Kala and Lata",General Medicine,Bhatpara,Uttarakhand,XXXXX,BADLIC,duplicate_provider_id
P033099,Dutt Group,Dermatology,Bareilly,Rajasthan,330212960,LIC470017,duplicate_provider_id
P018543,Sahni-De,Orthopedics,Saharsa,Tamil Nadu,743874385,LIC791169,duplicate_provider_id
P005234,Dara PLC,Oncology,Raurkela Industrial Township,Punjab,974552147,LIC434954,duplicate_provider_id
P031369,Doshi-Iyer,Neurology,Begusarai,Bihar,XXXXX,BADLIC,duplicate_provider_id
P003499,Sachdeva-Tiwari,ENT,Giridih,Madhya Pradesh,221434355,LIC553342,duplicate_provider_id
P034989,Sane PLC,OBGYN,Anantapur,Bihar,380015232,LIC588266,duplicate_provider_id
P011004,"Kanda, Deep and Bobal",Orthopedics,Arrah,Maharashtra,XXXXX,BADLIC,duplicate_provider_id
P000963,Agrawal-Ben,Pediatrics,Bhilai,Madhya Pradesh,XXXXX,BADLIC,duplicate_provider_id
P008756,"De, Yohannan and Nazareth",Cardiology,Sikar,Assam,XXXXX,BADLIC,duplicate_provider_id
P016777,Shetty-Johal,ENT,Jabalpur,Chhattisgarh,XXXXX,BADLIC,duplicate_provider_id
P022694,"Virk, Lad and Andra",OBGYN,Haridwar,Goa,XXXXX,BADLIC,duplicate_provider_id
P012100,Misra-Konda,ENT,Bilaspur,Gujarat,XXXXX,BADLIC,duplicate_provider_id
P018180,"Srivastava, Dhaliwal and Din",Urology,Jabalpur,Gujarat,110363556,LIC759025,duplicate_provider_id
P002890,Sundaram Inc,ENT,Pali,Mizoram,263520731,LIC514365,duplicate_provider_id
P034843,Thakkar Ltd,Pediatrics,Rohtak,West Bengal,566971755,LIC869791,duplicate_provider_id
P001653,"Saha, Cherian and Mangal",Dermatology,Tiruvottiyur,Mizoram,XXXXX,BADLIC,duplicate_provider_id
P010977,Sathe and Sons,Cardiology,Malda,Telangana,224612552,LIC346220,duplicate_provider_id
P001332,Puri Inc,Cardiology,Bidar,Chhattisgarh,255081038,LIC255944,duplicate_provider_id
P001688,Handa LLC,Pediatrics,Madhyamgram,Manipur,XXXXX,BADLIC,duplicate_provider_id
P018008,"Bhasin, Karan and Ram",Urology,Danapur,Assam,XXXXX,BADLIC,duplicate_provider_id
P024151,"Dyal, Banerjee and Gade",Pediatrics,Belgaum,Gujarat,XXXXX,BADLIC,duplicate_provider_id
P016897,Krish-Kakar,Urology,Fatehpur,Maharashtra,XXXXX,BADLIC,duplicate_provider_id
P027858,Banerjee-Yadav,General Medicine,Indore,Mizoram,106410462,LIC253338,duplicate_provider_id
P028054,"Vasa, Virk and Kala",Dermatology,Bhavnagar,Rajasthan,462395328,LIC791082,duplicate_provider_id
P013125,"Solanki, Ramaswamy and Shan",Neurology,Dehri,Kerala,XXXXX,BADLIC,duplicate_provider_id
P024744,Iyer-Mitter,Dermatology,Hajipur,Odisha,XXXXX,BADLIC,duplicate_provider_id
P003298,Bora Ltd,Orthopedics,Sasaram,Manipur,XXXXX,BADLIC,duplicate_provider_id
P007399,Mitra PLC,ENT,Nangloi Jat,Bihar,302828544,LIC449591,duplicate_provider_id
P006315,"Thaker, Dugar and Ben",OBGYN,Bhilwara,Gujarat,916396280,LIC353056,duplicate_provider_id
P000859,D’Alia-Bali,ENT,Nandyal,Bihar,362272790,LIC751824,duplicate_provider_id
P032401,"Shroff, Mandal and Agate",Dermatology,Khandwa,Jharkhand,989786658,LIC471656,duplicate_provider_id
P028962,"Chopra, Yogi and Jhaveri",Neurology,Ichalkaranji,Arunachal Pradesh,XXXXX,BADLIC,duplicate_provider_id
P022647,Kalla-Vasa,Cardiology,Dharmavaram,Jharkhand,433249564,LIC708115,duplicate_provider_id
P006740,"Murthy, Pandey and Sibal",General Medicine,Lucknow,Meghalaya,866316116,LIC211485,duplicate_provider_id
P002386,Radhakrishnan-Naik,ENT,Solapur,Karnataka,XXXXX,BADLIC,duplicate_provider_id
P019717,Misra-Oak,OBGYN,Sambhal,West Bengal,310681066,LIC720607,duplicate_provider_id
P018988,Bera-Natarajan,OBGYN,Udupi,Madhya Pradesh,XXXXX,BADLIC,duplicate_provider_id
P028209,Madan and Sons,Pediatrics,Chandigarh,Manipur,601888271,LIC992984,duplicate_provider_id
P031866,Ghose LLC,Neurology,Parbhani,Uttarakhand,301710409,LIC668340,duplicate_provider_id
P033184,"Handa, Sanghvi and Sahota",Oncology,Chandigarh,Bihar,931813159,LIC891409,duplicate_provider_id
P009391,Cherian-Aggarwal,General Medicine,Shimoga,Arunachal Pradesh,204741570,LIC992610,duplicate_provider_id
P023556,Minhas Ltd,Pediatrics,Sri Ganganagar,Gujarat,673413350,LIC811607,duplicate_provider_id
P008974,Agarwal Inc,Urology,Rampur,Tripura,XXXXX,BADLIC,duplicate_provider_id
P006963,"Iyengar, Ravel and Goyal",Neurology,Saharsa,Manipur,XXXXX,BADLIC,duplicate_provider_id
P029500,Korpal LLC,General Medicine,Jamalpur,Maharashtra,949791683,LIC418289,duplicate_provider_id
P005627,Sani LLC,Cardiology,Madurai,Jharkhand,XXXXX,BADLIC,duplicate_provider_id
P031499,"Chokshi, Yogi and Iyengar",Orthopedics,Hosur,Punjab,479656372,LIC106301,duplicate_provider_id
P000769,Rai PLC,Dermatology,Etawah,Odisha,XXXXX,BADLIC,duplicate_provider_id
P018280,"Kumar, Dayal and Yogi",Oncology,Agartala,Bihar,XXXXX,BADLIC,duplicate_provider_id
P018953,Oza-Thakkar,Neurology,Barasat,Bihar,173008498,LIC118704,duplicate_provider_id
P024187,Bora-Palla,General Medicine,Durgapur,Rajasthan,XXXXX,BADLIC,duplicate_provider_id
P000430,"Babu, Deshmukh and Nagi",Cardiology,Bidar,Gujarat,XXXXX,BADLIC,duplicate_provider_id
P011286,"Ravel, Buch and Gola",OBGYN,Visakhapatnam,Maharashtra,566288654,LIC361352,duplicate_provider_id
P002623,"Som, Rao and Gola",Neurology,Rohtak,Tripura,XXXXX,BADLIC,duplicate_provider_id
P012867,"Keer, Kata and Bandi",ENT,Tenali,Gujarat,XXXXX,BADLIC,duplicate_provider_id
P007735,Manda and Sons,Oncology,Sonipat,West Bengal,XXXXX,BADLIC,duplicate_provider_id
P024443,"Bassi, Devi and Choudhry",ENT,Noida,Tripura,929778478,LIC515802,duplicate_provider_id
P010317,"Dugal, Chada and Gandhi",Pediatrics,Akola,Chhattisgarh,557408540,LIC446679,duplicate_provider_id
P025105,Murty-Kapur,ENT,Proddatur,West Bengal,335003420,LIC575619,duplicate_provider_id
P015263,Chaudhary-Devan,Orthopedics,Dehradun,Meghalaya,980150726,LIC790161,duplicate_provider_id
P034762,Rao-Nadkarni,ENT,Pudukkottai,Uttarakhand,XXXXX,BADLIC,duplicate_provider_id
P010713,"Wali, Ratta and Sura",Cardiology,Guntakal,Uttarakhand,465793772,LIC619630,duplicate_provider_id
P008208,"Apte, Patil and Yadav",ENT,Anand,West Bengal,XXXXX,BADLIC,duplicate_provider_id
P003290,"Taneja, Korpal and Din",Oncology,Jalandhar,West Bengal,541755564,LIC699727,duplicate_provider_id
P017420,Andra-Suri,Orthopedics,Srikakulam,Telangana,653684002,LIC304725,duplicate_provider_id
P030483,Chaudry LLC,Dermatology,Howrah,Kerala,769185239,LIC394402,duplicate_provider_id
P029178,Talwar-Bhat,Oncology,Allahabad,Goa,XXXXX,BADLIC,duplicate_provider_id
P022143,Grover-Majumdar,Dermatology,Malegaon,Haryana,XXXXX,BADLIC,duplicate_provider_id
P030845,Garg-Buch,Pediatrics,Yamunanagar,Uttarakhand,XXXXX,BADLIC,duplicate_provider_id
P005708,"Pradhan, Sehgal and Wali",Dermatology,Meerut,Rajasthan,XXXXX,BADLIC,duplicate_provider_id
P001060,"Handa, Kohli and Chakrabarti",Urology,Arrah,Uttarakhand,XXXXX,BADLIC,duplicate_provider_id
P019603,Bala Inc,Urology,Ratlam,West Bengal,XXXXX,BADLIC,duplicate_provider_id
P018657,"Ram, Karnik and Ranganathan",OBGYN,Madhyamgram,Uttarakhand,640517128,LIC795723,duplicate_provider_id
P008754,Ranganathan Inc,OBGYN,Junagadh,Punjab,XXXXX,BADLIC,duplicate_provider_id
P028220,Bhatia-Nath,ENT,Singrauli,Chhattisgarh,219737945,LIC699003,duplicate_provider_id
P017296,"Balay, Pandey and Sharma",Urology,Kota,Himachal Pradesh,XXXXX,BADLIC,duplicate_provider_id
P015724,"Sandal, Sanghvi and Jayaraman",Dermatology,Vellore,Madhya Pradesh,771150930,LIC659707,duplicate_provider_id
P000608,Rau-Ramanathan,Cardiology,Hajipur,West Bengal,729082320,LIC169604,duplicate_provider_id
P026017,Trivedi-Sharaf,ENT,Bhatpara,Telangana,487076650,LIC418827,duplicate_provider_id
P018782,"Yadav, Bhavsar and Thaman",Cardiology,Etawah,Goa,XXXXX,BADLIC,duplicate_provider_id
P001471,Sundaram-Kalla,Cardiology,Ratlam,Punjab,XXXXX,BADLIC,duplicate_provider_id
P028961,Rai Ltd,Pediatrics,Varanasi,Jharkhand,XXXXX,BADLIC,duplicate_provider_id
P026921,"Magar, Kumer and Shah",OBGYN,Anantapur,Rajasthan,191441860,LIC795623,duplicate_provider_id
P020221,Sunder LLC,Dermatology,Panipat,Arunachal Pradesh,534658866,LIC785204,duplicate_provider_id
P014528,Sethi and Sons,ENT,Ajmer,Mizoram,XXXXX,BADLIC,duplicate_provider_id
P016293,Mandal-Raja,Dermatology,Karaikudi,Kerala,614577546,LIC286159,duplicate_provider_id
P023651,Thakkar Ltd,Dermatology,Dindigul,Gujarat,XXXXX,BADLIC,duplicate_provider_id
P011165,Kapoor Group,Neurology,Nagaon,Tamil Nadu,503868275,LIC654113,duplicate_provider_id
P018633,"Nori, Mall and Nadkarni",Cardiology,Noida,Mizoram,645996536,LIC831471,duplicate_provider_id
P015957,Varkey and Sons,Neurology,Sikar,Punjab,606809407,LIC867842,duplicate_provider_id
P007331,Lal-Palan,Pediatrics,Mira-Bhayandar,Madhya Pradesh,XXXXX,BADLIC,duplicate_provider_id
P018744,"Wason, Kala and Chahal",OBGYN,Ratlam,West Bengal,810970953,LIC619325,duplicate_provider_id
P026194,Pau-Soni,OBGYN,Raurkela Industrial Township,Madhya Pradesh,153560221,LIC798359,duplicate_provider_id
P030034,Wable LLC,Dermatology,Shahjahanpur,Manipur,XXXXX,BADLIC,duplicate_provider_id
P023505,Merchant Group,Dermatology,Pondicherry,Kerala,XXXXX,BADLIC,duplicate_provider_id
P010879,"Barman, Sekhon and Chakraborty",OBGYN,Ghaziabad,Uttarakhand,XXXXX,BADLIC,duplicate_provider_id
P027373,"Keer, Nanda and Zacharia",Pediatrics,Jammu,Gujarat,XXXXX,BADLIC,duplicate_provider_id
P017257,Chakrabarti Ltd,Urology,Kozhikode,Odisha,225635573,LIC298553,duplicate_provider_id
P030408,Ramaswamy-Goswami,Urology,Rajkot,Goa,XXXXX,BADLIC,duplicate_provider_id
P019326,Rajagopal and Sons,Neurology,Raurkela Industrial Township,Maharashtra,XXXXX,BADLIC,duplicate_provider_id
P018034,"Sodhi, Mannan and Bajaj",Oncology,Sultan Pur Majra,Chhattisgarh,XXXXX,BADLIC,duplicate_provider_id
P020406,Palla Inc,Dermatology,Saharsa,Maharashtra,290697830,LIC398008,duplicate_provider_id
P004344,Brar LLC,Urology,Chandrapur,Sikkim,XXXXX,BADLIC,duplicate_provider_id
P014130,Bali LLC,Dermatology,Baranagar,Odisha,XXXXX,BADLIC,duplicate_provider_id
P014579,Badal-Dey,Neurology,Mau,Jharkhand,XXXXX,BADLIC,duplicate_provider_id
P009121,"Shetty, Biswas and Chand",OBGYN,Shivpuri,Chhattisgarh,XXXXX,BADLIC,duplicate_provider_id
P005550,"Chaudry, Bhalla and Sami",Urology,Dewas,Jharkhand,247510359,LIC766279,duplicate_provider_id
P011258,Bhatnagar Inc,Cardiology,Kalyan-Dombivli,Tamil Nadu,689262174,LIC850788,duplicate_provider_id
P004687,Vora-Upadhyay,General Medicine,Chandigarh,Gujarat,XXXXX,BADLIC,duplicate_provider_id
P026030,Iyer-Rai,OBGYN,Yamunanagar,Telangana,655275929,LIC207951,duplicate_provider_id
P028233,"Natarajan, Wason and Chahal",Dermatology,Visakhapatnam,Uttarakhand,XXXXX,BADLIC,duplicate_provider_id
P014675,"Ratta, Pillai and Bath",OBGYN,Nagaon,Telangana,XXXXX,BADLIC,duplicate_provider_id
P016087,Tank-Nagarajan,Oncology,Nanded,Nagaland,XXXXX,BADLIC,duplicate_provider_id
P034469,Upadhyay-Malhotra,Dermatology,Jalgaon,West Bengal,XXXXX,BADLIC,duplicate_provider_id
P010064,Venkataraman-Biswas,Pediatrics,Malda,Bihar,118772172,LIC254569,duplicate_provider_id
P010333,Kapur Ltd,Neurology,Miryalaguda,Karnataka,XXXXX,BADLIC,duplicate_provider_id
P026116,Sharaf-Dubey,Pediatrics,Raurkela Industrial Township,Manipur,XXXXX,BADLIC,duplicate_provider_id
P007179,"Sandal, Batta and Rajagopal",Dermatology,Munger,Bihar,XXXXX,BADLIC,duplicate_provider_id
P009468,Grewal Inc,ENT,Saharsa,Odisha,XXXXX,BADLIC,duplicate_provider_id
P029813,Murthy-Dave,Cardiology,Nangloi Jat,Maharashtra,XXXXX,BADLIC,duplicate_provider_id
P019775,Hegde-Kanda,General Medicine,Ballia,Odisha,636212094,LIC341665,duplicate_provider_id
P003129,Gokhale Inc,General Medicine,Mangalore,Assam,460660186,LIC245320,duplicate_provider_id
P005869,Lata-Madan,ENT,Bikaner,Tripura,208046552,LIC912825,duplicate_provider_id
P019812,Prashad-Bhavsar,Oncology,Dhanbad,Uttarakhand,441118199,LIC175031,duplicate_provider_id
P028853,"Chaudhari, Dua and Dugal",Orthopedics,Bhilai,Uttar Pradesh,100728824,LIC626962,duplicate_provider_id
P013277,Taneja-Ramaswamy,Neurology,Dewas,Nagaland,931346190,LIC155289,duplicate_provider_id
P006935,Bhatia-Zachariah,Orthopedics,Siliguri,Karnataka,681473882,LIC725305,duplicate_provider_id
P020109,Sha-Pradhan,ENT,Salem,Telangana,551130230,LIC139637,duplicate_provider_id
P024169,"Kapur, Rattan and Dugar",OBGYN,Bhilai,Himachal Pradesh,618448857,LIC610271,duplicate_provider_id
P028172,Deep-Minhas,OBGYN,Ballia,Sikkim,435405793,LIC412183,duplicate_provider_id
P028426,Pingle Ltd,Neurology,Maheshtala,Uttar Pradesh,487196083,LIC767015,duplicate_provider_id
P018760,Soman-Prakash,Cardiology,Rampur,Mizoram,357002550,LIC863740,duplicate_provider_id
P012732,Deep-Sane,Neurology,Amritsar,Nagaland,826299035,LIC762080,duplicate_provider_id
P010689,Rastogi-Lala,ENT,Bharatpur,Jharkhand,199847010,LIC295493,duplicate_provider_id
P024613,Kannan-Prashad,Pediatrics,Tadipatri,West Bengal,498748364,LIC444501,duplicate_provider_id
P032505,"Mitter, Murthy and Chaudhuri",Oncology,Ludhiana,Tripura,XXXXX,BADLIC,duplicate_provider_id
P016584,Mital LLC,Neurology,Saharsa,Haryana,715704367,LIC540026,duplicate_provider_id
P008207,"Hora, Ramachandran and Sarkar",Dermatology,Ambala,Jharkhand,637450945,LIC665868,duplicate_provider_id
P028135,Chander Group,Pediatrics,Haldia,Chhattisgarh,XXXXX,BADLIC,duplicate_provider_id
P006175,Cherian-Mani,ENT,Madhyamgram,Karnataka,921616844,LIC416114,duplicate_provider_id
P018467,Walla and Sons,Orthopedics,Kozhikode,Uttar Pradesh,XXXXX,BADLIC,duplicate_provider_id
P006886,Gupta-Wagle,Orthopedics,Burhanpur,Punjab,XXXXX,BADLIC,duplicate_provider_id
P025867,Munshi-Zachariah,OBGYN,Thane,Gujarat,854535285,LIC671540,duplicate_provider_id
P024091,Munshi-Nayak,Dermatology,Khandwa,Goa,329699584,LIC474401,duplicate_provider_id
P022599,Venkatesh-Saini,Dermatology,Tadipatri,West Bengal,484783936,LIC343001,duplicate_provider_id
P030792,Badal-Sha,Cardiology,Jamshedpur,Maharashtra,XXXXX,BADLIC,duplicate_provider_id
P002545,Kadakia-Vig,Oncology,Bhopal,Mizoram,158748822,LIC409668,duplicate_provider_id
P010907,Gupta-Wagle,Dermatology,Khammam,Karnataka,778341799,LIC689926,duplicate_provider_id
P013962,D’Alia-Chana,Neurology,Nangloi Jat,Mizoram,XXXXX,BADLIC,duplicate_provider_id
P034032,Nayar Inc,Urology,Navi Mumbai,Kerala,883234450,LIC430856,duplicate_provider_id
P007387,"Ganguly, Subramanian and Mall",Oncology,Faridabad,Jharkhand,238467788,LIC811384,duplicate_provider_id
P034710,Keer-Sachar,Oncology,Dewas,Manipur,725069237,LIC379769,duplicate_provider_id
P018575,Bobal Ltd,General Medicine,Nashik,Maharashtra,XXXXX,BADLIC,duplicate_provider_id
P009499,"Raju, Bir and Roy",Urology,Tiruchirappalli,Haryana,XXXXX,BADLIC,duplicate_provider_id
P007210,"Bhagat, Hegde and Sood",Cardiology,Bhilwara,Uttarakhand,XXXXX,BADLIC,duplicate_provider_id
P021077,"Dugal, Panchal and Palla",Orthopedics,Firozabad,Sikkim,663658584,LIC728571,duplicate_provider_id
P027726,Patla Inc,Cardiology,Muzaffarnagar,Bihar,845333182,LIC597885,duplicate_provider_id
P031825,"Swaminathan, Subramanian and Garg",Pediatrics,Mangalore,Kerala,414357029,LIC588190,duplicate_provider_id
P001588,"Nadkarni, Kunda and Tandon",Orthopedics,Kharagpur,Mizoram,XXXXX,BADLIC,duplicate_provider_id
P008248,"Bajaj, Kala and Dhar",Neurology,Jalna,Gujarat,769134810,LIC215918,duplicate_provider_id
P011459,Malhotra LLC,Cardiology,Chapra,Himachal Pradesh,XXXXX,BADLIC,duplicate_provider_id
P034146,Kashyap-Keer,Neurology,Kumbakonam,Sikkim,663165975,LIC797513,duplicate_provider_id
P020624,Manda Inc,Dermatology,Rewa,Assam,XXXXX,BADLIC,duplicate_provider_id
P034998,Gupta-Ben,Oncology,Ramgarh,West Bengal,XXXXX,BADLIC,duplicate_provider_id
P006796,Karnik and Sons,General Medicine,Bongaigaon,Tamil Nadu,148245618,LIC231878,duplicate_provider_id
P010306,Chandran-Sarma,Orthopedics,Bellary,Assam,XXXXX,BADLIC,duplicate_provider_id
P001446,"Din, Grewal and Wason",Oncology,Thoothukudi,Madhya Pradesh,XXXXX,BADLIC,duplicate_provider_id
P010829,Sastry-Dua,Orthopedics,Sikar,Nagaland,887873341,LIC682485,duplicate_provider_id
P017540,Agate LLC,Cardiology,Chandrapur,Mizoram,XXXXX,BADLIC,duplicate_provider_id
P008220,Raj-Master,Pediatrics,Saharsa,Meghalaya,349703989,LIC856631,duplicate_provider_id
P000163,Mand-Balakrishnan,OBGYN,Jaunpur,Uttar Pradesh,142107701,LIC437114,duplicate_provider_id
P003351,Bail Inc,Urology,Ambarnath,Haryana,272850757,LIC732128,duplicate_provider_id
P003987,Kulkarni PLC,Urology,Muzaffarpur,Uttarakhand,XXXXX,BADLIC,duplicate_provider_id
P015346,Bora PLC,Pediatrics,Udupi,Gujarat,402627816,LIC903733,duplicate_provider_id
P019259,Dhawan and Sons,Neurology,Kota,Uttarakhand,XXXXX,BADLIC,duplicate_provider_id
P001704,"Barad, Mody and Bhalla",Dermatology,Ongole,Haryana,XXXXX,BADLIC,duplicate_provider_id
P005393,Bhakta Inc,Neurology,Raurkela Industrial Township,Bihar,XXXXX,BADLIC,duplicate_provider_id
P030722,Date LLC,General Medicine,Barasat,Punjab,125219983,LIC380661,duplicate_provider_id
P024825,Kade LLC,General Medicine,Hapur,Assam,649260967,LIC953227,duplicate_provider_id
P001999,Goda-Bahri,Neurology,Tenali,Maharashtra,597144453,LIC690922,duplicate_provider_id
P006058,Pai and Sons,Neurology,Baranagar,Chhattisgarh,899863054,LIC306868,duplicate_provider_id
P026310,"Soni, Dey and Parekh",OBGYN,Siliguri,Himachal Pradesh,992775715,LIC312354,duplicate_provider_id
P001308,"Chakrabarti, Sathe and Sekhon",Neurology,New Delhi,Rajasthan,XXXXX,BADLIC,duplicate_provider_id
P010352,"Bhatt, Doshi and Pant",Orthopedics,Sangli-Miraj & Kupwad,Uttarakhand,143311097,LIC363126,duplicate_provider_id
P021211,Bobal-Nadig,Pediatrics,Surendranagar Dudhrej,Chhattisgarh,XXXXX,BADLIC,duplicate_provider_id
P016405,"Rana, Setty and Chand",OBGYN,Ulhasnagar,Nagaland,XXXXX,BADLIC,duplicate_provider_id
P001057,Pall-Jani,Cardiology,Deoghar,Punjab,XXXXX,BADLIC,duplicate_provider_id
P001239,Iyengar LLC,Cardiology,Bhalswa Jahangir Pur,Gujarat,XXXXX,BADLIC,duplicate_provider_id
P003432,"Menon, Patla and Rajagopalan",Dermatology,Shimoga,Karnataka,310555193,LIC572913,duplicate_provider_id
P033439,Naik LLC,Neurology,Bhind,Meghalaya,XXXXX,BADLIC,duplicate_provider_id
P000619,Borde Group,Urology,Kishanganj,Gujarat,659359175,LIC944901,duplicate_provider_id
P000297,Karan Group,ENT,Rewa,Haryana,693267644,LIC710074,duplicate_provider_id
P000576,Devi Ltd,General Medicine,Sambalpur,Uttar Pradesh,204692796,LIC405092,duplicate_provider_id
P007503,Gera-Karan,Cardiology,Sirsa,Assam,XXXXX,BADLIC,duplicate_provider_id
P024974,Sunder-Modi,ENT,Pondicherry,Rajasthan,781152121,LIC661516,duplicate_provider_id
P032138,Gour and Sons,Pediatrics,Firozabad,Odisha,980844671,LIC556041,duplicate_provider_id
P026414,Warrior Inc,Dermatology,Raipur,Goa,838406585,LIC565168,duplicate_provider_id
P000810,Kohli Ltd,Oncology,Madurai,Mizoram,XXXXX,BADLIC,duplicate_provider_id
P003939,Kumar-Parikh,Orthopedics,Tadepalligudem,Himachal Pradesh,973022959,LIC130267,duplicate_provider_id
P006632,Mani-Dave,Dermatology,Kadapa,Maharashtra,385385049,LIC603247,duplicate_provider_id
P017033,"Kamdar, Om and Puri",Urology,Ramagundam,Maharashtra,XXXXX,BADLIC,duplicate_provider_id
P011300,Sem and Sons,Pediatrics,Delhi,Maharashtra,972817791,LIC821064,duplicate_provider_id
P015639,"Mukhopadhyay, Jha and Sridhar",Orthopedics,Bhalswa Jahangir Pur,Karnataka,145799852,LIC543372,duplicate_provider_id
P028689,Patil Group,Oncology,Ujjain,Odisha,144859486,LIC119139,duplicate_provider_id
P018867,Baral-Sunder,Pediatrics,Narasaraopet,Madhya Pradesh,619283596,LIC976257,duplicate_provider_id
P013101,"Sridhar, Bath and Sidhu",OBGYN,Giridih,Gujarat,951982372,LIC476332,duplicate_provider_id
P015482,"Lata, Chanda and Sha",Pediatrics,Thrissur,Sikkim,XXXXX,BADLIC,duplicate_provider_id
P026994,Chowdhury-Ramaswamy,ENT,Nagercoil,Karnataka,XXXXX,BADLIC,duplicate_provider_id
P020412,Peri Inc,ENT,Srinagar,Odisha,XXXXX,BADLIC,duplicate_provider_id
P001807,Tailor-Shere,OBGYN,Hosur,Punjab,XXXXX,BADLIC,duplicate_provider_id
P025572,"Bhardwaj, Sridhar and Setty",Cardiology,Vijayawada,Gujarat,XXXXX,BADLIC,duplicate_provider_id
P008752,"Mishra, Baral and Kapur",Dermatology,Gaya,Jharkhand,188578105,LIC588915,duplicate_provider_id
P028763,Gupta-Ben,Urology,Chennai,Gujarat,XXXXX,BADLIC,duplicate_provider_id
P031031,Sengupta-Ravel,Urology,Khandwa,Chhattisgarh,925174228,LIC749915,duplicate_provider_id
P024084,Tella-Pathak,Orthopedics,Bidar,Chhattisgarh,XXXXX,BADLIC,duplicate_provider_id
P002599,Vora PLC,General Medicine,Kirari Suleman Nagar,Gujarat,XXXXX,BADLIC,duplicate_provider_id
P034120,"Dua, Garde and Barad",Dermatology,Eluru,Gujarat,XXXXX,BADLIC,duplicate_provider_id
P002146,"Sandal, Sanghvi and Jayaraman",Cardiology,Hospet,Tripura,XXXXX,BADLIC,duplicate_provider_id
P020070,Goswami-Dewan,Pediatrics,Ranchi,Bihar,739405887,LIC674084,duplicate_provider_id
P016537,Suri-Shetty,Urology,Patna,Kerala,XXXXX,BADLIC,duplicate_provider_id
P003569,"Zachariah, Shetty and Tandon",Orthopedics,Ramagundam,Uttar Pradesh,733222925,LIC879723,duplicate_provider_id
P002694,"Chacko, Goyal and Subramanian",OBGYN,Jamnagar,Punjab,XXXXX,BADLIC,duplicate_provider_id
P014301,"Kade, Hari and Krishnamurthy",Neurology,Berhampur,Odisha,335775292,LIC153492,duplicate_provider_id
P012570,"Bhardwaj, Sridhar and Setty",ENT,Allahabad,Rajasthan,XXXXX,BADLIC,duplicate_provider_id
P017449,Grover-Majumdar,General Medicine,Nagaon,Bihar,XXXXX,BADLIC,duplicate_provider_id
P022003,"Dua, Yohannan and Morar",Oncology,Kolkata,Rajasthan,XXXXX,BADLIC,duplicate_provider_id
P012836,Lalla and Sons,Cardiology,Bhubaneswar,Uttarakhand,289945056,LIC242223,duplicate_provider_id
P027068,Wadhwa LLC,General Medicine,Vasai-Virar,Jharkhand,XXXXX,BADLIC,duplicate_provider_id
P008540,"Narasimhan, Gill and Palan",Cardiology,Siwan,Goa,XXXXX,BADLIC,duplicate_provider_id
P013876,Shenoy-Dhingra,OBGYN,Guntakal,Uttar Pradesh,XXXXX,BADLIC,duplicate_provider_id
P028681,Behl PLC,Dermatology,Deoghar,Odisha,478256774,LIC919424,duplicate_provider_id
P022583,Randhawa LLC,Dermatology,Sasaram,Gujarat,652187372,LIC494569,duplicate_provider_id
P033479,Behl-Peri,Dermatology,Kadapa,Chhattisgarh,819971961,LIC963408,duplicate_provider_id
P012918,Sangha-Varma,Pediatrics,Khora ,Haryana,597962240,LIC876022,duplicate_provider_id
P009432,Majumdar PLC,General Medicine,Hajipur,Karnataka,XXXXX,BADLIC,duplicate_provider_id
P005118,Mannan-Gaba,ENT,Dewas,Haryana,XXXXX,BADLIC,duplicate_provider_id
P007154,Basu Inc,Oncology,Cuttack,Assam,XXXXX,BADLIC,duplicate_provider_id
P024378,Varkey-Grewal,General Medicine,Nadiad,Punjab,XXXXX,BADLIC,duplicate_provider_id
P034904,Ganesh-Sachdev,ENT,Cuttack,Mizoram,213099863,LIC894180,duplicate_provider_id
P024362,Krishna-Om,Pediatrics,Kamarhati,Odisha,XXXXX,BADLIC,duplicate_provider_id
P010242,Chhabra Group,Pediatrics,Madhyamgram,Assam,696962655,LIC475683,duplicate_provider_id
P034596,Om-Batra,ENT,Rampur,Madhya Pradesh,148476412,LIC744461,duplicate_provider_id
P026610,Sethi Inc,Oncology,Gandhidham,Odisha,XXXXX,BADLIC,duplicate_provider_id
P033109,"Sem, Gola and Dhillon",ENT,Sikar,West Bengal,XXXXX,BADLIC,duplicate_provider_id
P027577,"Singh, Atwal and Sahni",Neurology,Nadiad,Himachal Pradesh,331598903,LIC882486,duplicate_provider_id
P008946,"Wable, Bhatia and Basu",Oncology,Gwalior,Bihar,891633702,LIC379236,duplicate_provider_id
P013799,"Chhabra, Ratti and Sarraf",OBGYN,Miryalaguda,Arunachal Pradesh,XXXXX,BADLIC,duplicate_provider_id
P001073,Kakar-Ray,Orthopedics,Amritsar,Rajasthan,XXXXX,BADLIC,duplicate_provider_id
P016083,"Murthy, Mander and Jha",Pediatrics,Shimla,Bihar,892186448,LIC891364,duplicate_provider_id
P029377,"Yadav, Korpal and Butala",General Medicine,Anantapur,Tripura,767248940,LIC764820,duplicate_provider_id
P003101,Khalsa LLC,ENT,Bhopal,Chhattisgarh,742840119,LIC398652,duplicate_provider_id
P026224,"Korpal, Patel and Sahota",Pediatrics,Sonipat,Mizoram,XXXXX,BADLIC,duplicate_provider_id
P026550,Bhatti-Bhalla,Urology,Rohtak,Punjab,XXXXX,BADLIC,duplicate_provider_id
P012306,"Ganesan, Ben and Kaul",Cardiology,Fatehpur,Arunachal Pradesh,XXXXX,BADLIC,duplicate_provider_id
P004030,"Ravi, Soni and Pau",Oncology,Dibrugarh,Haryana,XXXXX,BADLIC,duplicate_provider_id
P026763,Dani-Kibe,OBGYN,Nashik,Punjab,804893704,LIC748480,duplicate_provider_id
P034385,Dash-Arora,General Medicine,Belgaum,Madhya Pradesh,XXXXX,BADLIC,duplicate_provider_id
P030060,Deep Group,Pediatrics,Sagar,Kerala,536032027,LIC607296,duplicate_provider_id
P000537,Gokhale-Balasubramanian,OBGYN,Sikar,Rajasthan,XXXXX,BADLIC,duplicate_provider_id
P029242,"Pingle, Kant and Rajagopalan",Neurology,Hazaribagh,Karnataka,XXXXX,BADLIC,duplicate_provider_id
P019775,Kohli-Sahota,Urology,Firozabad,Assam,XXXXX,BADLIC,duplicate_provider_id
P007117,Varghese Group,Oncology,Davanagere,Nagaland,288018599,LIC469281,duplicate_provider_id
P000608,Ramesh PLC,Orthopedics,Sonipat,Nagaland,XXXXX,BADLIC,duplicate_provider_id
P028005,Krishna-Om,Cardiology,Jamalpur,Punjab,768737682,LIC850775,duplicate_provider_id
P011282,"Wason, Pillay and Agarwal",OBGYN,Jalna,Punjab,360630603,LIC786905,duplicate_provider_id
P000275,Ranganathan Inc,Dermatology,Bareilly,Sikkim,477052037,LIC178308,duplicate_provider_id
P010458,Mukherjee PLC,Oncology,Yamunanagar,Gujarat,XXXXX,BADLIC,duplicate_provider_id
P033355,Mandal-Dalal,Neurology,Rewa,Madhya Pradesh,283967729,LIC447212,duplicate_provider_id
P031149,"Savant, Korpal and Krish",OBGYN,Kurnool,Punjab,380635651,LIC602842,duplicate_provider_id
P027438,Pall PLC,OBGYN,Giridih,Himachal Pradesh,898949285,LIC571303,duplicate_provider_id
P015889,Panchal LLC,Urology,North Dumdum,Assam,XXXXX,BADLIC,duplicate_provider_id
P026529,"Cheema, Venkatesh and Desai",Dermatology,Sikar,Karnataka,XXXXX,BADLIC,duplicate_provider_id
P004873,Dave-Bath,Pediatrics,Kharagpur,Telangana,XXXXX,BADLIC,duplicate_provider_id
P005229,Ramesh Group,Pediatrics,Pudukkottai,Odisha,133514262,LIC372686,duplicate_provider_id
P021930,"Nagar, Swamy and Talwar",General Medicine,Rewa,Nagaland,XXXXX,BADLIC,duplicate_provider_id
P027192,"Patil, Narasimhan and Vig",Oncology,New Delhi,Tripura,624333878,LIC733142,duplicate_provider_id
P018677,Deep-Sane,ENT,Naihati,Himachal Pradesh,XXXXX,BADLIC,duplicate_provider_id
P008340,"Soni, Dey and Parekh",Cardiology,Bhusawal,Manipur,272608963,LIC369064,duplicate_provider_id
P001488,Om-Batra,General Medicine,Erode,Telangana,209173362,LIC174001,duplicate_provider_id
P017904,Varghese Group,Urology,Mathura,Assam,XXXXX,BADLIC,duplicate_provider_id
P000284,Prasad-Dua,Cardiology,Kumbakonam,Uttar Pradesh,XXXXX,BADLIC,duplicate_provider_id
P000478,Purohit-Manne,Neurology,Madhyamgram,Manipur,427993026,LIC662445,duplicate_provider_id
P011019,"Kala, Savant and Kaul",General Medicine,Tadepalligudem,Karnataka,446216036,LIC435950,duplicate_provider_id
P029926,"Nayar, Wali and Bahri",OBGYN,Junagadh,West Bengal,XXXXX,BADLIC,duplicate_provider_id
P010763,"Mukherjee, Doshi and Brar",Neurology,Jalna,Kerala,XXXXX,BADLIC,duplicate_provider_id
P001887,Raju-Balasubramanian,ENT,Anantapur,Madhya Pradesh,553844650,LIC671311,duplicate_provider_id
P027123,Khalsa-Sule,Urology,Narasaraopet,Odisha,502450562,LIC448151,duplicate_provider_id
P020803,Sibal LLC,Oncology,Amritsar,Uttarakhand,341648089,LIC966707,duplicate_provider_id
P008614,Rajagopalan-Samra,OBGYN,Bhimavaram,West Bengal,XXXXX,BADLIC,duplicate_provider_id
P026664,Mital-Kulkarni,ENT,Mango,Chhattisgarh,XXXXX,BADLIC,duplicate_provider_id
P005716,Bath and Sons,Oncology,Amaravati,Uttar Pradesh,XXXXX,BADLIC,duplicate_provider_id
P022205,Sant-Shroff,ENT,Mahbubnagar,Rajasthan,389800396,LIC523959,duplicate_provider_id
P021798,"Lall, Walla and Chatterjee",Orthopedics,Ghaziabad,Tamil Nadu,750835301,LIC470252,duplicate_provider_id
P032927,Grewal-Sunder,ENT,Tirupati,Mizoram,XXXXX,BADLIC,duplicate_provider_id
P029267,D’Alia Ltd,Dermatology,Khora ,Chhattisgarh,XXXXX,BADLIC,duplicate_provider_id
P020520,"Pal, Manne and Kata",Cardiology,Hazaribagh,Bihar,XXXXX,BADLIC,duplicate_provider_id
P008260,"Mohan, Vohra and Varkey",Neurology,Chandrapur,Manipur,745613039,LIC543916,duplicate_provider_id
P010300,Parmar LLC,General Medicine,Gangtok,Uttarakhand,110988153,LIC204434,duplicate_provider_id
P013890,Walia-Arora,Pediatrics,Mumbai,Rajasthan,XXXXX,BADLIC,duplicate_provider_id
P000809,Rana-Sarkar,Dermatology,Ambattur,Chhattisgarh,XXXXX,BADLIC,duplicate_provider_id
P012008,Joshi-Prasad,OBGYN,Chandrapur,Chhattisgarh,XXXXX,BADLIC,duplicate_provider_id
P020897,Dar PLC,General Medicine,Kishanganj,Himachal Pradesh,XXXXX,BADLIC,duplicate_provider_id
P004769,Borah LLC,Pediatrics,Ulhasnagar,Himachal Pradesh,XXXXX,BADLIC,duplicate_provider_id
P002689,Dash and Sons,Neurology,Kulti,Maharashtra,XXXXX,BADLIC,duplicate_provider_id
P004941,"Issac, Aurora and Barad",Pediatrics,Amravati,Telangana,XXXXX,BADLIC,duplicate_provider_id
P006109,Barad PLC,Cardiology,Jhansi,West Bengal,400721348,LIC818091,duplicate_provider_id
P029339,D’Alia Ltd,General Medicine,Tirupati,Punjab,XXXXX,BADLIC,duplicate_provider_id
P009868,Magar Inc,OBGYN,Serampore,Punjab,297805588,LIC714364,duplicate_provider_id
P022593,"Pathak, Master and Seshadri",Oncology,Bidar,Bihar,488553463,LIC127017,duplicate_provider_id
P011860,Sharaf PLC,Cardiology,New Delhi,Mizoram,XXXXX,BADLIC,duplicate_provider_id
P030380,Mander-Ranganathan,Dermatology,Bally,Haryana,XXXXX,BADLIC,duplicate_provider_id
P017929,Krishnan-Chaudry,General Medicine,Nandyal,Nagaland,XXXXX,BADLIC,duplicate_provider_id
P024515,"Kale, Toor and Badal",OBGYN,Bhatpara,Mizoram,934759903,LIC841526,duplicate_provider_id
P026073,Rajagopalan-Samra,Oncology,Kota,Maharashtra,XXXXX,BADLIC,duplicate_provider_id
P009684,Gaba LLC,Neurology,Vijayawada,Maharashtra,XXXXX,BADLIC,duplicate_provider_id
P033796,Bhatnagar-Dewan,Urology,Katihar,Uttar Pradesh,225202198,LIC248089,duplicate_provider_id
P018790,Shere LLC,Pediatrics,Adoni,Chhattisgarh,773312390,LIC933621,duplicate_provider_id
P005690,"Shetty, Biswas and Chand",Neurology,Chennai,Bihar,XXXXX,BADLIC,duplicate_provider_id
P026686,"Narain, Swaminathan and Lad",Urology,Gudivada,Tamil Nadu,271731903,LIC997255,duplicate_provider_id
P003847,Balakrishnan-Parekh,General Medicine,Kumbakonam,Karnataka,XXXXX,BADLIC,duplicate_provider_id
P011139,Aggarwal and Sons,Oncology,Bardhaman,Maharashtra,XXXXX,BADLIC,duplicate_provider_id
P006074,Kamdar and Sons,OBGYN,Bhubaneswar,Tripura,XXXXX,BADLIC,duplicate_provider_id
P033917,Gera and Sons,ENT,Chandrapur,Haryana,492050660,LIC879613,duplicate_provider_id
P002905,Sankaran-Gara,Dermatology,Bhagalpur,West Bengal,XXXXX,BADLIC,duplicate_provider_id
P013077,Baral-Varughese,Pediatrics,Burhanpur,Andhra Pradesh,XXXXX,BADLIC,duplicate_provider_id
P013594,"Saraf, Tiwari and Sinha",Dermatology,Sambalpur,Arunachal Pradesh,249684871,LIC601863,duplicate_provider_id
P027536,Basak Inc,Orthopedics,Siliguri,Tamil Nadu,XXXXX,BADLIC,duplicate_provider_id
P016670,Setty-Palla,Pediatrics,Pali,Tamil Nadu,885985699,LIC406645,duplicate_provider_id
P011752,Talwar-Panchal,Dermatology,Gopalpur,Haryana,443996408,LIC773051,duplicate_provider_id
P012834,Pillai and Sons,Dermatology,Raurkela Industrial Township,Uttar Pradesh,XXXXX,BADLIC,duplicate_provider_id
P022488,"Dar, Sandhu and Chand",Orthopedics,Hyderabad,Gujarat,494318168,LIC110889,duplicate_provider_id
P020850,Mammen-Patil,ENT,North Dumdum,Karnataka,876590375,LIC573273,duplicate_provider_id
P034337,Dasgupta-Mittal,Oncology,Yamunanagar,Maharashtra,XXXXX,BADLIC,duplicate_provider_id
P013347,Kant-Parmar,Oncology,Loni,Chhattisgarh,XXXXX,BADLIC,duplicate_provider_id
P016973,Rastogi PLC,Dermatology,Kadapa,Mizoram,XXXXX,BADLIC,duplicate_provider_id
P010455,"Dugar, Sangha and Malhotra",Cardiology,Gwalior,Rajasthan,XXXXX,BADLIC,duplicate_provider_id
P012260,"Madan, Ramakrishnan and Ram",Urology,Bhagalpur,Assam,XXXXX,BADLIC,duplicate_provider_id
P021861,Chatterjee Group,Pediatrics,Srinagar,Kerala,XXXXX,BADLIC,duplicate_provider_id
P016110,Kohli-Agate,Urology,Miryalaguda,Meghalaya,582234296,LIC974307,duplicate_provider_id
P027074,Wagle-Devan,Neurology,Raipur,Odisha,XXXXX,BADLIC,duplicate_provider_id
P023843,Bhasin Inc,Urology,Nandyal,Haryana,234719895,LIC288155,duplicate_provider_id
P028677,Bhakta-Dass,Dermatology,Orai,Punjab,XXXXX,BADLIC,duplicate_provider_id
P016040,"Puri, Balan and Vohra",ENT,Pimpri-Chinchwad,Assam,XXXXX,BADLIC,duplicate_provider_id
P033312,"Ramanathan, Rajagopalan and Ramesh",Dermatology,Guntakal,Gujarat,XXXXX,BADLIC,duplicate_provider_id
P023260,Goda Group,Neurology,Barasat,Tripura,XXXXX,BADLIC,duplicate_provider_id
P012970,Guha-Mody,Urology,Satara,Maharashtra,XXXXX,BADLIC,duplicate_provider_id
P026961,"Contractor, Dugar and Kapur",General Medicine,Bhind,Goa,XXXXX,BADLIC,duplicate_provider_id
P028854,"Chaudhuri, Barman and Choudhary",Dermatology,Davanagere,Assam,XXXXX,BADLIC,duplicate_provider_id
P034367,Suresh-Sankar,OBGYN,Shimoga,Mizoram,589506330,LIC377932,duplicate_provider_id
P001618,Deo-Ramaswamy,Neurology,Hubli–Dharwad,Karnataka,685671400,LIC584467,duplicate_provider_id
P006840,Chowdhury-Chaudhary,General Medicine,Jalna,Chhattisgarh,660545994,LIC124382,duplicate_provider_id
P004365,Modi Group,Pediatrics,Dhanbad,Rajasthan,768914081,LIC447951,duplicate_provider_id
P022182,"Upadhyay, Seshadri and Kapoor",Oncology,Udaipur,Madhya Pradesh,XXXXX,BADLIC,duplicate_provider_id
P020956,Dugal LLC,General Medicine,Rajpur Sonarpur,Goa,XXXXX,BADLIC,duplicate_provider_id
P026616,Ramachandran Ltd,Oncology,Raurkela Industrial Township,Punjab,XXXXX,BADLIC,duplicate_provider_id
P009049,Sarin-Bhandari,Cardiology,Rewa,West Bengal,148411153,LIC881359,duplicate_provider_id
P008979,Jani Ltd,Orthopedics,Kochi,Goa,582426424,LIC877034,duplicate_provider_id
P010337,Barman PLC,General Medicine,Etawah,Uttar Pradesh,XXXXX,BADLIC,duplicate_provider_id
P008932,Sen-Toor,Pediatrics,Firozabad,Assam,XXXXX,BADLIC,duplicate_provider_id
P012153,"Brahmbhatt, Arora and Patil",ENT,Farrukhabad,Haryana,101917166,LIC365015,duplicate_provider_id
P017119,Srinivas and Sons,Dermatology,Berhampur,Chhattisgarh,231190653,LIC300418,duplicate_provider_id
P032767,"Acharya, Sankar and Rama",Orthopedics,Lucknow,Madhya Pradesh,XXXXX,BADLIC,duplicate_provider_id
P021329,Nanda-Bhattacharyya,Neurology,Berhampur,Uttar Pradesh,981234664,LIC421615,duplicate_provider_id
P009366,"Varghese, Dar and Arya",Orthopedics,Sonipat,Punjab,XXXXX,BADLIC,duplicate_provider_id
P031902,"Vaidya, Shere and Kalita",Cardiology,Agartala,Rajasthan,275503081,LIC892056,duplicate_provider_id
P014668,"Grewal, Sharma and Kadakia",Pediatrics,Karaikudi,Tamil Nadu,XXXXX,BADLIC,duplicate_provider_id
P024936,Murty Ltd,Pediatrics,Jhansi,Assam,XXXXX,BADLIC,duplicate_provider_id
P000040,Bava PLC,Urology,Jaipur,Maharashtra,XXXXX,BADLIC,duplicate_provider_id
P008228,Sama LLC,Dermatology,Kirari Suleman Nagar,Punjab,XXXXX,BADLIC,duplicate_provider_id
P003480,"Chandra, Thakkar and Dara",Urology,Proddatur,Karnataka,171775463,LIC966155,duplicate_provider_id
P017476,Arora-Dar,ENT,Kanpur,Tamil Nadu,XXXXX,BADLIC,duplicate_provider_id
P022117,Issac and Sons,ENT,Maheshtala,Manipur,XXXXX,BADLIC,duplicate_provider_id
P022746,Natt Ltd,Orthopedics,Bilaspur,Assam,XXXXX,BADLIC,duplicate_provider_id
P011920,Varghese Group,Cardiology,Ulhasnagar,Uttarakhand,539573927,LIC258099,duplicate_provider_id
P030942,Agate-Din,OBGYN,Jodhpur,Telangana,XXXXX,BADLIC,duplicate_provider_id
P028247,Prabhu-Yadav,Pediatrics,Khandwa,Jharkhand,144085535,LIC266238,duplicate_provider_id
P013289,Saini-Kade,Cardiology,Jalandhar,Arunachal Pradesh,421342722,LIC266354,duplicate_provider_id
P000718,Nagarajan Group,Cardiology,Unnao,Tripura,738869179,LIC692350,duplicate_provider_id
P029444,Lad PLC,OBGYN,Ichalkaranji,Madhya Pradesh,686453621,LIC891676,duplicate_provider_id
P022019,"Kumar, Dayal and Yogi",OBGYN,Kolhapur,Karnataka,XXXXX,BADLIC,duplicate_provider_id
P019979,"Rana, Setty and Chand",Urology,Amaravati,West Bengal,342814734,LIC382074,duplicate_provider_id
P028068,"Gour, Parsa and Sahni",General Medicine,Anantapuram,Arunachal Pradesh,XXXXX,BADLIC,duplicate_provider_id
P003394,"Gera, Kaur and Saraf",Orthopedics,Panihati,Kerala,XXXXX,BADLIC,duplicate_provider_id
P023564,Dasgupta Ltd,Dermatology,Nagaon,Haryana,641360397,LIC100436,duplicate_provider_id
P034935,"Comar, Gandhi and Patil",Pediatrics,Jodhpur,Assam,XXXXX,BADLIC,duplicate_provider_id
P002731,"Sachar, Sane and Yohannan",ENT,Ludhiana,Sikkim,XXXXX,BADLIC,duplicate_provider_id
P014295,Balay Group,Pediatrics,Hindupur,Nagaland,XXXXX,BADLIC,duplicate_provider_id
P021175,Sura PLC,ENT,Suryapet,Assam,XXXXX,BADLIC,duplicate_provider_id
P020451,"Din, Dass and Balasubramanian",Neurology,Davanagere,Madhya Pradesh,XXXXX,BADLIC,duplicate_provider_id
P023568,Bahri-Sangha,General Medicine,Kozhikode,Odisha,891915014,LIC806710,duplicate_provider_id
P027536,Saxena-Bajaj,OBGYN,Vellore,Tamil Nadu,989352937,LIC806024,duplicate_provider_id
P026472,"Dhaliwal, Manda and Kara",Dermatology,Chandrapur,Madhya Pradesh,XXXXX,BADLIC,duplicate_provider_id
P012673,Balasubramanian Ltd,Orthopedics,Bally,Chhattisgarh,674404897,LIC691205,duplicate_provider_id
P024247,Dyal LLC,Neurology,Nashik,Punjab,XXXXX,BADLIC,duplicate_provider_id
P029656,Dara-Mishra,Orthopedics,Gaya,Uttarakhand,563195829,LIC511402,duplicate_provider_id
P010166,Mital Inc,Neurology,Bhilai,Goa,XXXXX,BADLIC,duplicate_provider_id
P025022,"Rege, Raval and Pant",Pediatrics,Satara,Odisha,XXXXX,BADLIC,duplicate_provider_id
P007775,"Borde, Comar and Dixit",Pediatrics,Madhyamgram,Haryana,643343078,LIC489705,duplicate_provider_id
P030830,Dugar-Madan,Oncology,Kottayam,Tripura,867237033,LIC100530,duplicate_provider_id
P021805,"Sodhi, Rajan and Srinivas",Neurology,Delhi,Maharashtra,XXXXX,BADLIC,duplicate_provider_id
P025532,"Sachar, Golla and Sundaram",Cardiology,Bhopal,Bihar,XXXXX,BADLIC,duplicate_provider_id
P019211,"Oak, Kothari and Saha",Oncology,Bilaspur,Rajasthan,XXXXX,BADLIC,duplicate_provider_id
P021246,Lall-Narayanan,Cardiology,Belgaum,Haryana,XXXXX,BADLIC,duplicate_provider_id
P001520,"Ramanathan, Agate and Pradhan",ENT,Hospet,Telangana,964735465,LIC329867,duplicate_provider_id
P005275,"Krish, Nayak and Lall",Cardiology,Kollam,Assam,XXXXX,BADLIC,duplicate_provider_id
P033109,Sanghvi-Bir,Urology,North Dumdum,Gujarat,XXXXX,BADLIC,duplicate_provider_id
P000171,"Jain, Sachar and Sanghvi",Pediatrics,Ozhukarai,West Bengal,985194078,LIC784129,duplicate_provider_id
P012066,"Chaudhari, Sandal and Patla",Pediatrics,Bahraich,Andhra Pradesh,XXXXX,BADLIC,duplicate_provider_id
P017109,"Deshmukh, Balay and Hayre",Orthopedics,Khora ,Punjab,XXXXX,BADLIC,duplicate_provider_id
P017792,Dara LLC,OBGYN,Aizawl,Maharashtra,XXXXX,BADLIC,duplicate_provider_id
P001533,Jani-Balakrishnan,Neurology,Motihari,Tripura,XXXXX,BADLIC,duplicate_provider_id
P018788,"Sandhu, Dixit and Saini",Neurology,Gulbarga,Karnataka,492852314,LIC483801,duplicate_provider_id
P032723,Chaudhari Group,OBGYN,Bhagalpur,Himachal Pradesh,145624303,LIC592216,duplicate_provider_id
P019425,Chandra-Taneja,ENT,Tirupati,Andhra Pradesh,XXXXX,BADLIC,duplicate_provider_id
P029848,Kale Inc,Oncology,Firozabad,Gujarat,206744069,LIC498673,duplicate_provider_id
P027737,Ganesan-Kaur,Dermatology,Ahmedabad,Assam,XXXXX,BADLIC,duplicate_provider_id
P019137,"Sastry, Sawhney and Contractor",Cardiology,Chapra,Kerala,XXXXX,BADLIC,duplicate_provider_id
P016179,Balakrishnan PLC,Oncology,Panvel,Chhattisgarh,XXXXX,BADLIC,duplicate_provider_id
P001376,Pillay-Tiwari,Orthopedics,Yamunanagar,Uttarakhand,XXXXX,BADLIC,duplicate_provider_id
P001234,Jhaveri-Mohan,Cardiology,Jamshedpur,Telangana,XXXXX,BADLIC,duplicate_provider_id
P034786,Gole Inc,Dermatology,Bongaigaon,Uttarakhand,324778194,LIC747880,duplicate_provider_id
P011627,Bajaj-Jaggi,ENT,Akola,Maharashtra,479997832,LIC669029,duplicate_provider_id
P006679,Sarraf and Sons,Oncology,Kurnool,Punjab,576451123,LIC454995,duplicate_provider_id
P013446,Bhardwaj-Viswanathan,General Medicine,Madurai,Odisha,213678234,LIC715553,duplicate_provider_id
P005073,Loyal-Savant,Neurology,Jalna,Mizoram,XXXXX,BADLIC,duplicate_provider_id
P025946,Chana Ltd,General Medicine,Faridabad,Gujarat,XXXXX,BADLIC,duplicate_provider_id
P014613,Sanghvi LLC,OBGYN,Yamunanagar,Tripura,XXXXX,BADLIC,duplicate_provider_id
P003871,Murty and Sons,Cardiology,Cuttack,Odisha,XXXXX,BADLIC,duplicate_provider_id
P028525,Babu PLC,Orthopedics,Kharagpur,Odisha,162573144,LIC955816,duplicate_provider_id
P008256,"Kari, Chand and Shere",Urology,Kota,West Bengal,978706299,LIC743512,duplicate_provider_id
P006224,"Deol, Bassi and Rao",ENT,Kirari Suleman Nagar,Meghalaya,678243651,LIC972644,duplicate_provider_id
P024503,Tank and Sons,OBGYN,Bathinda,Mizoram,XXXXX,BADLIC,duplicate_provider_id
P025980,Dhar-Kuruvilla,Orthopedics,Amaravati,Punjab,XXXXX,BADLIC,duplicate_provider_id
P007607,Chawla-Ahuja,Neurology,Alappuzha,Haryana,360090421,LIC776374,duplicate_provider_id
P033953,Biswas-Maharaj,Cardiology,Asansol,Sikkim,XXXXX,BADLIC,duplicate_provider_id
P008482,Sawhney-Verma,ENT,Tumkur,Haryana,975150157,LIC207192,duplicate_provider_id
P019529,"Korpal, Rastogi and Iyer",Pediatrics,Bahraich,Rajasthan,602272481,LIC680380,duplicate_provider_id
P009944,Thakur LLC,Orthopedics,Chandigarh,Bihar,593160241,LIC231280,duplicate_provider_id
P013399,Naidu Ltd,Dermatology,Vasai-Virar,Rajasthan,XXXXX,BADLIC,duplicate_provider_id
P003121,"Lad, Sengupta and Chandran",Cardiology,Guwahati,Punjab,XXXXX,BADLIC,duplicate_provider_id
P021725,"Madan, Sani and Muni",Cardiology,Rewa,Madhya Pradesh,XXXXX,BADLIC,duplicate_provider_id
P013331,Vora-Upadhyay,Dermatology,Ratlam,Assam,857202030,LIC382361,duplicate_provider_id
P012718,Sule-Ray,Oncology,Mau,Punjab,152336514,LIC867438,duplicate_provider_id
P034153,"Raju, Bir and Roy",OBGYN,Madurai,Haryana,XXXXX,BADLIC,duplicate_provider_id
P015222,Luthra Group,ENT,Anantapuram,Maharashtra,XXXXX,BADLIC,duplicate_provider_id
P025485,"Behl, Bala and Balay",Neurology,Moradabad,Bihar,XXXXX,BADLIC,duplicate_provider_id
P030042,Palan Inc,Oncology,Thrissur,Bihar,978026441,LIC125665,duplicate_provider_id
P001199,Jain-Wali,Oncology,Jalandhar,Sikkim,XXXXX,BADLIC,duplicate_provider_id
P033231,Wali Inc,OBGYN,Anand,Uttarakhand,XXXXX,BADLIC,duplicate_provider_id
P018398,Bajwa-Dugar,ENT,Haridwar,Punjab,529106123,LIC804619,duplicate_provider_id
P027844,Gupta PLC,Orthopedics,Gangtok,Gujarat,926536360,LIC887649,duplicate_provider_id
P019869,Purohit-Manne,Pediatrics,Jamshedpur,Himachal Pradesh,XXXXX,BADLIC,duplicate_provider_id
P030533,Patla-Hegde,Neurology,Guwahati,Telangana,XXXXX,BADLIC,duplicate_provider_id
P014161,"Chacko, Sarin and Kurian",Cardiology,Ichalkaranji,Karnataka,245110151,LIC544446,duplicate_provider_id
P030966,Ganesan-Kaur,General Medicine,Srinagar,Goa,219918776,LIC968849,duplicate_provider_id
P029560,"Sridhar, Ramakrishnan and Kulkarni",Neurology,Bangalore,Kerala,XXXXX,BADLIC,duplicate_provider_id
P011365,"Rout, Sehgal and Ganesh",Urology,Uluberia,Odisha,XXXXX,BADLIC,duplicate_provider_id
P018967,Sekhon-Tailor,Oncology,Danapur,Kerala,XXXXX,BADLIC,duplicate_provider_id
P023987,Rau-Sathe,Orthopedics,Karimnagar,Tripura,694988255,LIC502392,duplicate_provider_id
P008878,"Subramanian, Anand and Chandran",Dermatology,Pallavaram,Gujarat,XXXXX,BADLIC,duplicate_provider_id
P025357,Vala Inc,Dermatology,Raiganj,Goa,928627378,LIC754924,duplicate_provider_id
P027185,Gara and Sons,Cardiology,Sasaram,Maharashtra,342900286,LIC620481,duplicate_provider_id
P002700,"Chatterjee, Bansal and Palla",Pediatrics,Gandhinagar,Meghalaya,XXXXX,BADLIC,duplicate_provider_id
P026830,Ramachandran PLC,Pediatrics,Chandrapur,Mizoram,XXXXX,BADLIC,duplicate_provider_id
P029025,Nori-Sarna,General Medicine,Siliguri,Kerala,757420712,LIC159671,duplicate_provider_id
P029688,Bajaj LLC,Orthopedics,Ghaziabad,Karnataka,479886887,LIC925533,duplicate_provider_id
P005716,"Mishra, Chand and Karan",Pediatrics,Gudivada,Mizoram,XXXXX,BADLIC,duplicate_provider_id
P011074,Korpal-Venkataraman,Urology,Madanapalle,Mizoram,139262994,LIC333926,duplicate_provider_id
P033853,Badal-Sha,Dermatology,Muzaffarpur,Tripura,XXXXX,BADLIC,duplicate_provider_id
P009675,Oommen Group,Dermatology,Sambalpur,Goa,XXXXX,BADLIC,duplicate_provider_id
P003296,"Apte, Bajaj and Goswami",Cardiology,Chandrapur,Haryana,XXXXX,BADLIC,duplicate_provider_id
P015598,"Parmer, Gokhale and Baral",Oncology,Pimpri-Chinchwad,West Bengal,XXXXX,BADLIC,duplicate_provider_id
P026770,Srinivas-Tripathi,OBGYN,Guna,Rajasthan,857084135,LIC149445,duplicate_provider_id
P020678,"Mallick, Saini and Misra",ENT,Sasaram,Arunachal Pradesh,XXXXX,BADLIC,duplicate_provider_id
P028129,Nath and Sons,Cardiology,Anantapuram,Maharashtra,XXXXX,BADLIC,duplicate_provider_id
P028449,Pandey Group,Orthopedics,Srikakulam,Odisha,XXXXX,BADLIC,duplicate_provider_id
P011660,Radhakrishnan-Bail,OBGYN,Sonipat,Karnataka,XXXXX,BADLIC,duplicate_provider_id
P022441,"Sathe, Sarma and De",ENT,Lucknow,Manipur,247018963,LIC542326,duplicate_provider_id
P014094,Kumar Group,General Medicine,Vadodara,Meghalaya,XXXXX,BADLIC,duplicate_provider_id
P029187,"Chada, Mahajan and Sankaran",Cardiology,Sagar,Manipur,214521404,LIC558714,duplicate_provider_id
P006996,Vasa Ltd,OBGYN,Ghaziabad,Manipur,118208661,LIC704891,duplicate_provider_id
P021267,"Brar, Parikh and Desai",Dermatology,Solapur,Haryana,965501466,LIC656770,duplicate_provider_id
P034732,Mandal Inc,Pediatrics,Belgaum,Karnataka,134829699,LIC512377,duplicate_provider_id
P012023,Morar Inc,OBGYN,Muzaffarpur,Kerala,781850556,LIC208144,duplicate_provider_id
P014756,Konda-Nath,Pediatrics,Sagar,Jharkhand,XXXXX,BADLIC,duplicate_provider_id
P023952,"Choudhry, Krishna and Bir",OBGYN,Anand,Bihar,710972308,LIC864014,duplicate_provider_id
P012945,Johal-Basu,Urology,Chandrapur,Assam,413431769,LIC997450,duplicate_provider_id
P006545,"Kala, Deshpande and More",Cardiology,Muzaffarnagar,Telangana,XXXXX,BADLIC,duplicate_provider_id
P002974,Bains LLC,Urology,Muzaffarnagar,Punjab,XXXXX,BADLIC,duplicate_provider_id
P018707,Verma Inc,Cardiology,Madanapalle,Madhya Pradesh,XXXXX,BADLIC,duplicate_provider_id
P033343,Kara-Ghose,General Medicine,Saharsa,Karnataka,836440303,LIC812271,duplicate_provider_id
P025127,"Rana, Kaul and Sarin",ENT,Jabalpur,West Bengal,346261040,LIC669020,duplicate_provider_id
P011660,Vohra Ltd,ENT,Surendranagar Dudhrej,Maharashtra,XXXXX,BADLIC,duplicate_provider_id
P008449,"Agate, Palla and Memon",Oncology,Sambalpur,Chhattisgarh,XXXXX,BADLIC,duplicate_provider_id
P022544,Sur Inc,OBGYN,Mirzapur,Gujarat,139627003,LIC676555,duplicate_provider_id
P030160,"Ramachandran, Bahl and Swaminathan",Neurology,Amaravati,Himachal Pradesh,XXXXX,BADLIC,duplicate_provider_id
P020760,"Badal, Dixit and Sura",Urology,Dindigul,Nagaland,485153446,LIC332018,duplicate_provider_id
P028555,"Sampath, Kashyap and Bhargava",OBGYN,Unnao,Assam,XXXXX,BADLIC,duplicate_provider_id
P020390,Dube PLC,General Medicine,Gorakhpur,Assam,XXXXX,BADLIC,duplicate_provider_id
P007041,Chad-Ganguly,Oncology,Bhilwara,Uttarakhand,XXXXX,BADLIC,duplicate_provider_id
P023960,Trivedi Ltd,Cardiology,Karawal Nagar,Punjab,343352666,LIC450170,duplicate_provider_id
P024248,Venkatesh-Saini,Dermatology,Nizamabad,Mizoram,133140456,LIC481987,duplicate_provider_id
P031354,Kamdar-Rai,Orthopedics,Mumbai,Bihar,XXXXX,BADLIC,duplicate_provider_id
P024686,Vig-Mody,ENT,Mira-Bhayandar,Punjab,XXXXX,BADLIC,duplicate_provider_id
P033657,"Din, Zachariah and Parsa",Pediatrics,Barasat,Manipur,126537606,LIC480435,duplicate_provider_id
P005345,"Rajagopal, Golla and Doctor",Cardiology,Arrah,Assam,XXXXX,BADLIC,duplicate_provider_id
P031296,"Batra, Bandi and Patla",Dermatology,Chandigarh,Manipur,187440876,LIC655110,duplicate_provider_id
P025514,Nazareth-Narang,Dermatology,Ujjain,Odisha,951010583,LIC322820,duplicate_provider_id
P031248,"Dar, Sinha and Prashad",ENT,Bellary,Telangana,162860447,LIC282719,duplicate_provider_id
P024459,"Sathe, Chada and Prabhu",Neurology,Kamarhati,Bihar,401603657,LIC179350,duplicate_provider_id
P024002,Mukhopadhyay Ltd,Dermatology,Nadiad,Haryana,357218981,LIC936098,duplicate_provider_id
P023773,Sarraf and Sons,Oncology,Bhind,Himachal Pradesh,XXXXX,BADLIC,duplicate_provider_id
P015528,"Konda, Palan and Balay",Neurology,Etawah,Tripura,574905909,LIC879290,duplicate_provider_id
P033477,"Dubey, Sarkar and Trivedi",Oncology,Nanded,Mizoram,XXXXX,BADLIC,duplicate_provider_id
P024869,More Inc,Cardiology,Karimnagar,Kerala,XXXXX,BADLIC,duplicate_provider_id
P015309,Dhaliwal-Tandon,Urology,Agartala,Mizoram,525334407,LIC511311,duplicate_provider_id
P001037,Manne Ltd,Cardiology,Singrauli,Chhattisgarh,928709087,LIC982752,duplicate_provider_id
P021365,Bora Ltd,OBGYN,Sirsa,Odisha,XXXXX,BADLIC,duplicate_provider_id
P022136,Chanda Group,ENT,Ongole,Karnataka,XXXXX,BADLIC,duplicate_provider_id
P034997,"Balay, Bhatti and Rege",General Medicine,Sangli-Miraj & Kupwad,Arunachal Pradesh,774322337,LIC335971,duplicate_provider_id
P007315,Choudhary-Luthra,Cardiology,Unnao,Kerala,XXXXX,BADLIC,duplicate_provider_id
P029192,Maharaj-Dhaliwal,Neurology,Sambhal,Meghalaya,XXXXX,BADLIC,duplicate_provider_id
P018232,Soman-Krishnan,OBGYN,Muzaffarnagar,Arunachal Pradesh,XXXXX,BADLIC,duplicate_provider_id
P024799,"Tara, Karnik and Grover",Neurology,Rourkela,Telangana,207566997,LIC845585,duplicate_provider_id
P006413,Pingle LLC,Dermatology,Davanagere,Uttar Pradesh,XXXXX,BADLIC,duplicate_provider_id
P007162,Roy-Prabhu,Urology,Erode,Assam,624901003,LIC936503,duplicate_provider_id
P017161,Konda LLC,ENT,Pune,Sikkim,XXXXX,BADLIC,duplicate_provider_id
P005327,Warrior Ltd,Cardiology,Phusro,Mizoram,XXXXX,BADLIC,duplicate_provider_id
P031200,Dhaliwal LLC,Orthopedics,Panihati,Manipur,XXXXX,BADLIC,duplicate_provider_id
P032725,Dave and Sons,Orthopedics,Srinagar,Gujarat,XXXXX,BADLIC,duplicate_provider_id
P011238,"Bhatia, Master and Parmer",General Medicine,Tiruchirappalli,Gujarat,XXXXX,BADLIC,duplicate_provider_id
P025739,Naidu-Sankaran,Dermatology,Haridwar,Karnataka,357852880,LIC665753,duplicate_provider_id
P030302,Ram-Mittal,Oncology,Tirunelveli,Haryana,750063596,LIC155756,duplicate_provider_id
P014285,"Kapur, Nigam and Gole",General Medicine,Dhanbad,Gujarat,XXXXX,BADLIC,duplicate_provider_id
P026697,Purohit-Koshy,Oncology,Bihar Sharif,Madhya Pradesh,XXXXX,BADLIC,duplicate_provider_id
P005635,"Ratta, Chahal and Sastry",Oncology,Sri Ganganagar,West Bengal,602714882,LIC589384,duplicate_provider_id
P016522,Chaudhary-Nath,Cardiology,Kamarhati,Bihar,XXXXX,BADLIC,duplicate_provider_id
P022227,"Sandhu, Som and Som",Dermatology,Ahmednagar,Gujarat,XXXXX,BADLIC,duplicate_provider_id
P010794,"Randhawa, Bassi and Chokshi",General Medicine,Hubli–Dharwad,Tripura,666617692,LIC197303,duplicate_provider_id
P032983,Sodhi-Virk,Orthopedics,Shahjahanpur,Arunachal Pradesh,XXXXX,BADLIC,duplicate_provider_id
P006014,"Doctor, Oommen and Prabhu",Orthopedics,Sonipat,Arunachal Pradesh,740639692,LIC488306,duplicate_provider_id
P030718,"Bansal, Kaur and Ravel",Pediatrics,Kumbakonam,Assam,XXXXX,BADLIC,duplicate_provider_id
P014275,Sarkar-Kunda,Dermatology,Tinsukia,Odisha,XXXXX,BADLIC,duplicate_provider_id
P009424,"Patla, Gour and Dey",Urology,Ghaziabad,Jharkhand,XXXXX,BADLIC,duplicate_provider_id
P001538,Mandal Inc,Orthopedics,New Delhi,Haryana,454234203,LIC437471,duplicate_provider_id
P023392,"Peri, Guha and Chander",Neurology,Mathura,Maharashtra,XXXXX,BADLIC,duplicate_provider_id
P020786,Bakshi Group,Neurology,Ludhiana,West Bengal,XXXXX,BADLIC,duplicate_provider_id
P003012,Dubey-Sankaran,Pediatrics,Moradabad,Bihar,499156075,LIC535127,duplicate_provider_id
P031112,Chaudry LLC,Urology,New Delhi,Tamil Nadu,474104259,LIC804613,duplicate_provider_id
P029117,Golla-Chauhan,Pediatrics,Kolkata,Kerala,XXXXX,BADLIC,duplicate_provider_id
P003025,Nagarajan-Chada,Cardiology,Tumkur,Gujarat,325229992,LIC557237,duplicate_provider_id
P028639,Mallick LLC,General Medicine,Anantapur,Rajasthan,XXXXX,BADLIC,duplicate_provider_id
P034669,"Kota, Chad and Lata",OBGYN,Etawah,Telangana,806412270,LIC282990,duplicate_provider_id
P018019,"Nadkarni, Kunda and Tandon",OBGYN,Jalna,Karnataka,609852478,LIC198016,duplicate_provider_id
P026537,Rai Inc,Orthopedics,Mumbai,Goa,XXXXX,BADLIC,duplicate_provider_id
P011837,"Sekhon, Mane and Chokshi",General Medicine,Aligarh,Manipur,XXXXX,BADLIC,duplicate_provider_id
P009240,Merchant-More,General Medicine,Sasaram,Punjab,671650303,LIC338444,duplicate_provider_id
P015305,Dey-Badal,Pediatrics,Aizawl,Tamil Nadu,XXXXX,BADLIC,duplicate_provider_id
P027549,Mitra-Deo,Urology,Agartala,Arunachal Pradesh,XXXXX,BADLIC,duplicate_provider_id
P028006,Varma-Seshadri,General Medicine,Bhagalpur,Jharkhand,480180854,LIC833220,duplicate_provider_id
P002810,Chakraborty PLC,Cardiology,Saharsa,Karnataka,187356063,LIC395760,duplicate_provider_id
P006017,Palan LLC,OBGYN,Hyderabad,Madhya Pradesh,396381298,LIC231938,duplicate_provider_id
P031518,"Rout, Sehgal and Ganesh",Pediatrics,Pallavaram,Madhya Pradesh,638466067,LIC707530,duplicate_provider_id
P027981,"Rau, Sampath and Krishna",Orthopedics,Rewa,Punjab,XXXXX,BADLIC,duplicate_provider_id
P007156,"Reddy, Batra and Mukhopadhyay",Orthopedics,Hajipur,Arunachal Pradesh,XXXXX,BADLIC,duplicate_provider_id
P005051,"Aurora, Bumb and Nagi",OBGYN,Bhavnagar,Maharashtra,XXXXX,BADLIC,duplicate_provider_id
P008761,"Konda, Modi and Uppal",Orthopedics,Bijapur,Bihar,XXXXX,BADLIC,duplicate_provider_id
P032025,Sarkar-Mitter,Pediatrics,Bhiwandi,Meghalaya,391578080,LIC735679,duplicate_provider_id
P028096,"Apte, Rai and Srinivas",OBGYN,Patiala,Nagaland,XXXXX,BADLIC,duplicate_provider_id
P002460,Kari Inc,Cardiology,Varanasi,Andhra Pradesh,240596454,LIC267841,duplicate_provider_id
P021677,Kota PLC,Pediatrics,Deoghar,Telangana,XXXXX,BADLIC,duplicate_provider_id
P001696,Chawla-Tripathi,Pediatrics,Giridih,Telangana,XXXXX,BADLIC,duplicate_provider_id
P027613,Nagarajan Group,Dermatology,Bareilly,Andhra Pradesh,XXXXX,BADLIC,duplicate_provider_id
P019433,Kari and Sons,Oncology,Sri Ganganagar,Himachal Pradesh,925765952,LIC264253,duplicate_provider_id
P000941,Choudhary Inc,ENT,Srikakulam,Karnataka,XXXXX,BADLIC,duplicate_provider_id
P025315,Sahni Inc,OBGYN,Mahbubnagar,Maharashtra,908961827,LIC514323,duplicate_provider_id
P020981,Raman-Din,ENT,Mau,Odisha,XXXXX,BADLIC,duplicate_provider_id
P001640,Ramakrishnan-Varghese,Neurology,Solapur,Odisha,423049576,LIC470777,duplicate_provider_id
P032602,Kala-Dhawan,OBGYN,Mathura,Assam,863616605,LIC859107,duplicate_provider_id
P004976,Gandhi-Aggarwal,General Medicine,Kolkata,Odisha,906303501,LIC930399,duplicate_provider_id
P027756,Rau-Sathe,Orthopedics,Ramgarh,Assam,XXXXX,BADLIC,duplicate_provider_id
P007612,Pathak-Yohannan,ENT,Sambalpur,Goa,865338075,LIC584961,duplicate_provider_id
P021602,Khatri Group,Orthopedics,Tinsukia,Uttar Pradesh,XXXXX,BADLIC,duplicate_provider_id
P026020,Wagle Inc,Neurology,Karnal,Haryana,285178024,LIC870598,duplicate_provider_id
P005335,"Master, Upadhyay and Buch",Urology,Bhatpara,Haryana,XXXXX,BADLIC,duplicate_provider_id
P007544,Ahluwalia-Basak,Cardiology,Raichur,Jharkhand,593061136,LIC589920,duplicate_provider_id
P006158,Badal Group,OBGYN,Asansol,Manipur,XXXXX,BADLIC,duplicate_provider_id
P016615,Kohli and Sons,Orthopedics,Anantapur,Uttarakhand,991757465,LIC331328,duplicate_provider_id
P022724,"Bora, Pal and Randhawa",General Medicine,Ambattur,Arunachal Pradesh,XXXXX,BADLIC,duplicate_provider_id
P011882,Behl-Tella,Pediatrics,Coimbatore,Odisha,XXXXX,BADLIC,duplicate_provider_id
P023967,Murthy-Borra,OBGYN,Adoni,Maharashtra,XXXXX,BADLIC,duplicate_provider_id
P009595,Boase Ltd,ENT,Ghaziabad,Punjab,832434876,LIC853364,duplicate_provider_id
P010371,Grover PLC,Oncology,Farrukhabad,Sikkim,184089095,LIC620506,duplicate_provider_id
P006050,Dhillon LLC,Urology,Bettiah,Nagaland,757706287,LIC934582,duplicate_provider_id
P022375,Rama-Chokshi,Orthopedics,Chittoor,Punjab,901217710,LIC240720,duplicate_provider_id
P020194,"Pandit, Chaudhry and Dhingra",Orthopedics,Anantapuram,Odisha,XXXXX,BADLIC,duplicate_provider_id
P012896,Chad-Bhagat,Dermatology,Gulbarga,Himachal Pradesh,XXXXX,BADLIC,duplicate_provider_id
P029831,Puri Inc,ENT,Ambattur,Meghalaya,174753626,LIC747021,duplicate_provider_id
P026771,"Goswami, Mital and Choudhry",Neurology,Agartala,Andhra Pradesh,778361898,LIC547053,duplicate_provider_id
P015123,Yogi Inc,Dermatology,Eluru,Punjab,XXXXX,BADLIC,duplicate_provider_id
P031245,Das and Sons,Cardiology,Satara,Kerala,XXXXX,BADLIC,duplicate_provider_id
P010789,Prashad Inc,Dermatology,Berhampur,Assam,652736581,LIC214984,duplicate_provider_id
P030208,Banik-Lad,Neurology,Sambalpur,Odisha,303998233,LIC369377,duplicate_provider_id
P020984,Rout-Loyal,Dermatology,Jalgaon,Mizoram,XXXXX,BADLIC,duplicate_provider_id
P009439,Kapadia Inc,Neurology,Madanapalle,Madhya Pradesh,XXXXX,BADLIC,duplicate_provider_id
P007566,Parsa and Sons,Neurology,Jhansi,Goa,842427062,LIC106333,duplicate_provider_id
P025396,"Bhattacharyya, Chopra and Vora",Orthopedics,Bidhannagar,Nagaland,392769804,LIC377098,duplicate_provider_id
P024388,"Bhardwaj, Mukherjee and Tank",Oncology,Dhule,Andhra Pradesh,251581082,LIC517612,duplicate_provider_id
P033675,Golla-Wason,Dermatology,Gudivada,Meghalaya,119453890,LIC496660,duplicate_provider_id
P034016,Rout-Choudhury,ENT,Kota,West Bengal,730733632,LIC645324,duplicate_provider_id
P005434,"Choudhary, Nadkarni and Nadkarni",Neurology,Durgapur,Andhra Pradesh,632438719,LIC857471,duplicate_provider_id
P004368,Kata PLC,Urology,Etawah,Goa,628757481,LIC498392,duplicate_provider_id
P032102,"Sehgal, Ravi and Natt",ENT,Bhagalpur,Uttarakhand,XXXXX,BADLIC,duplicate_provider_id
P014966,Bhavsar-Balay,Orthopedics,Miryalaguda,Haryana,648116423,LIC943773,duplicate_provider_id
P026801,Sharaf-Raval,Orthopedics,Nizamabad,Arunachal Pradesh,XXXXX,BADLIC,duplicate_provider_id
P026536,Guha-Mody,Orthopedics,Patiala,Odisha,XXXXX,BADLIC,duplicate_provider_id
P005385,"Nadkarni, Kibe and Savant",Oncology,Nagaon,Kerala,XXXXX,BADLIC,duplicate_provider_id
P008358,Bose-Memon,Orthopedics,Tiruvottiyur,Goa,996378344,LIC364404,duplicate_provider_id
P021368,Ravi-Gole,Pediatrics,Rourkela,Punjab,XXXXX,BADLIC,duplicate_provider_id
P024953,Anand-Vohra,Dermatology,Agartala,Maharashtra,XXXXX,BADLIC,duplicate_provider_id
P000221,Tank-Ganguly,Orthopedics,Cuttack,Rajasthan,XXXXX,BADLIC,duplicate_provider_id
P014004,"Sachdev, Datta and Deol",Urology,Katni,Odisha,XXXXX,BADLIC,duplicate_provider_id
P011057,"Kulkarni, Hans and Kamdar",Orthopedics,Nizamabad,Meghalaya,585803161,LIC629223,duplicate_provider_id
P020109,Murty and Sons,Neurology,Panchkula,Madhya Pradesh,XXXXX,BADLIC,duplicate_provider_id
P027506,Bajwa-Swaminathan,Oncology,Tumkur,Rajasthan,XXXXX,BADLIC,duplicate_provider_id
P032889,Krishnamurthy Ltd,Cardiology,Uluberia,Jharkhand,XXXXX,BADLIC,duplicate_provider_id
P007414,Mukherjee Inc,Cardiology,Purnia,Nagaland,120381603,LIC311198,duplicate_provider_id
P000896,Sarin-Mohanty,Neurology,Ramgarh,Karnataka,XXXXX,BADLIC,duplicate_provider_id
P033655,Nagy-Dixit,Orthopedics,Dehri,Madhya Pradesh,XXXXX,BADLIC,duplicate_provider_id
P022736,"Kannan, Gulati and Shan",ENT,Pudukkottai,Madhya Pradesh,XXXXX,BADLIC,duplicate_provider_id
P020582,Dhingra and Sons,Oncology,Berhampur,Arunachal Pradesh,707269335,LIC441104,duplicate_provider_id
P020942,"Chokshi, Goyal and Ganesan",Neurology,Jalna,Mizoram,211901230,LIC304687,duplicate_provider_id
P021638,Grover-Bajaj,Oncology,Meerut,Meghalaya,XXXXX,BADLIC,duplicate_provider_id
P023602,"Comar, Gandhi and Patil",General Medicine,Miryalaguda,Gujarat,758087597,LIC988895,duplicate_provider_id
P007449,"Memon, Ranganathan and Ramakrishnan",Dermatology,Navi Mumbai,Uttar Pradesh,229748699,LIC495934,duplicate_provider_id
P019010,"Nigam, Narayan and Gill",General Medicine,Saharsa,Meghalaya,XXXXX,BADLIC,duplicate_provider_id
P007331,Uppal Inc,Pediatrics,Korba,Sikkim,XXXXX,BADLIC,duplicate_provider_id
P013845,Rastogi-Batta,Pediatrics,Kalyan-Dombivli,Karnataka,XXXXX,BADLIC,duplicate_provider_id
P008392,Chana Ltd,Neurology,Delhi,Jharkhand,398381927,LIC798753,duplicate_provider_id
P016107,Dani-Kibe,ENT,Bally,Odisha,XXXXX,BADLIC,duplicate_provider_id
P031691,"Memon, Kota and Bhalla",Orthopedics,Hosur,Gujarat,XXXXX,BADLIC,duplicate_provider_id
P024030,Verma-Deshmukh,Cardiology,Jalgaon,Gujarat,XXXXX,BADLIC,duplicate_provider_id
P013800,Dugar-Chand,Urology,Asansol,Uttarakhand,557929226,LIC998297,duplicate_provider_id
P031479,Mannan PLC,General Medicine,Ichalkaranji,Karnataka,499362958,LIC552584,duplicate_provider_id
P013620,"Roy, Pillay and Chander",ENT,Tirupati,Haryana,488060445,LIC266871,duplicate_provider_id
P031116,Dutt-Wali,Orthopedics,Nandyal,Telangana,XXXXX,BADLIC,duplicate_provider_id
P024634,Deep-Dubey,Neurology,Muzaffarpur,Manipur,315675379,LIC214757,duplicate_provider_id
P015304,"Banik, Borde and Sarraf",Cardiology,Amroha,Andhra Pradesh,XXXXX,BADLIC,duplicate_provider_id
P018797,Bhavsar-Nadkarni,Neurology,Raipur,Telangana,XXXXX,BADLIC,duplicate_provider_id
P005016,"Vora, Kohli and Puri",ENT,Bahraich,Nagaland,XXXXX,BADLIC,duplicate_provider_id
P020783,Keer-Sastry,Dermatology,Thoothukudi,Telangana,XXXXX,BADLIC,duplicate_provider_id
P012946,Krishnamurthy-Om,Cardiology,Mira-Bhayandar,Punjab,XXXXX,BADLIC,duplicate_provider_id
P029048,Sane-Chaudry,OBGYN,Akola,Punjab,XXXXX,BADLIC,duplicate_provider_id
P024685,"Kala, Biswas and Som",Dermatology,Mumbai,Manipur,XXXXX,BADLIC,duplicate_provider_id
P007760,"Kala, Sarin and Mital",Neurology,Vijayanagaram,Karnataka,738786484,LIC745749,duplicate_provider_id
P014340,Pradhan LLC,OBGYN,Narasaraopet,Haryana,XXXXX,BADLIC,duplicate_provider_id
P001363,Wali LLC,Cardiology,Berhampore,Karnataka,XXXXX,BADLIC,duplicate_provider_id
P015411,Sharaf-Pai,Urology,Ranchi,Mizoram,609687089,LIC545289,duplicate_provider_id
P032349,Kaur-Banik,Dermatology,Unnao,Telangana,XXXXX,BADLIC,duplicate_provider_id
P008604,Nath LLC,General Medicine,Thiruvananthapuram,Tamil Nadu,457240009,LIC816338,duplicate_provider_id
P006196,Jain-Shroff,Oncology,Pali,Uttarakhand,XXXXX,BADLIC,duplicate_provider_id
P014699,"Pal, Bera and Aggarwal",Pediatrics,Miryalaguda,Punjab,XXXXX,BADLIC,duplicate_provider_id
P032131,"Salvi, Venkatesh and Kala",Oncology,Lucknow,Uttarakhand,482524833,LIC339604,duplicate_provider_id
P028331,Sem-Panchal,General Medicine,Ambattur,Maharashtra,XXXXX,BADLIC,duplicate_provider_id
P006724,"Halder, Chana and Dixit",Pediatrics,Nagaon,Assam,492032691,LIC959759,duplicate_provider_id
P023575,Rana-Sarkar,OBGYN,Tiruvottiyur,Tripura,XXXXX,BADLIC,duplicate_provider_id
P028116,Gola-Rege,Urology,Dibrugarh,West Bengal,XXXXX,BADLIC,duplicate_provider_id
P004204,Grover and Sons,ENT,Vellore,Odisha,865688951,LIC346210,duplicate_provider_id
P001409,Khosla-Sankar,General Medicine,Sultan Pur Majra,Bihar,XXXXX,BADLIC,duplicate_provider_id
P033399,Tak and Sons,Oncology,Khora ,Assam,XXXXX,BADLIC,duplicate_provider_id
P013890,Sankar Inc,Pediatrics,Alwar,Uttarakhand,512229261,LIC623863,duplicate_provider_id
P031080,Bobal-Sidhu,Neurology,Kulti,Odisha,827216756,LIC138503,duplicate_provider_id
P006637,Rajagopal Ltd,Oncology,Mango,Bihar,589695346,LIC329690,duplicate_provider_id
P034493,"Ben, Mishra and Mitra",Urology,Panchkula,Madhya Pradesh,XXXXX,BADLIC,duplicate_provider_id
P025317,Chopra Group,General Medicine,Aurangabad,Uttarakhand,XXXXX,BADLIC,duplicate_provider_id
P003724,Bumb-Bhatia,Urology,Mangalore,Goa,XXXXX,BADLIC,duplicate_provider_id
P016940,"Sridhar, Hegde and Sunder",Orthopedics,Narasaraopet,Uttar Pradesh,XXXXX,BADLIC,duplicate_provider_id
P008685,Agarwal Inc,Oncology,Vasai-Virar,Jharkhand,XXXXX,BADLIC,duplicate_provider_id
P003467,Puri-Sridhar,Orthopedics,Parbhani,Karnataka,XXXXX,BADLIC,duplicate_provider_id
P017826,Badami-Ahluwalia,Neurology,Baranagar,Uttar Pradesh,XXXXX,BADLIC,duplicate_provider_id
P028124,Parmer Inc,Oncology,Hapur,Himachal Pradesh,775805652,LIC585541,duplicate_provider_id
P009124,Gara-Dada,Neurology,Chapra,Jharkhand,XXXXX,BADLIC,duplicate_provider_id
P023269,Padmanabhan-Sandhu,Oncology,Rajpur Sonarpur,Haryana,XXXXX,BADLIC,duplicate_provider_id
P033290,"Chaudhuri, Ratta and Nori",OBGYN,Amritsar,Tamil Nadu,569171238,LIC423603,duplicate_provider_id
P033059,"Bahri, Grewal and Seshadri",Oncology,Tadepalligudem,Meghalaya,XXXXX,BADLIC,duplicate_provider_id
P011380,Randhawa Inc,Urology,Panchkula,Meghalaya,XXXXX,BADLIC,duplicate_provider_id
P026288,"Parsa, Kumer and Raju",General Medicine,Rajpur Sonarpur,Madhya Pradesh,845972630,LIC147557,duplicate_provider_id
P031865,Kumer-Arya,Urology,Ghaziabad,Himachal Pradesh,842056814,LIC820551,duplicate_provider_id
P020282,Sastry-Butala,Neurology,Uluberia,Haryana,XXXXX,BADLIC,duplicate_provider_id
P030612,Chandra-Majumdar,Oncology,Patna,Kerala,319143561,LIC860940,duplicate_provider_id
P008494,Srinivas and Sons,Pediatrics,Junagadh,Meghalaya,147225243,LIC750716,duplicate_provider_id
P016928,"Verma, Srinivasan and Kade",Neurology,Ramagundam,Bihar,XXXXX,BADLIC,duplicate_provider_id
P015394,Sethi Inc,General Medicine,Mehsana,Madhya Pradesh,399629314,LIC747147,duplicate_provider_id
P012773,"Varty, Lalla and Kapoor",Neurology,Buxar,Bihar,421630683,LIC399180,duplicate_provider_id
P015372,Sidhu-Verma,Pediatrics,Tenali,Madhya Pradesh,XXXXX,BADLIC,duplicate_provider_id
P003707,Prakash Inc,ENT,Durgapur,Punjab,XXXXX,BADLIC,duplicate_provider_id
P009671,Sengupta Inc,OBGYN,Bidar,Nagaland,XXXXX,BADLIC,duplicate_provider_id
P027852,Sehgal Inc,Oncology,Khandwa,West Bengal,603070396,LIC983209,duplicate_provider_id
P026030,Bath-Balan,Pediatrics,Sirsa,Punjab,XXXXX,BADLIC,duplicate_provider_id
P027950,"Dube, Gaba and Krish",OBGYN,Silchar,Rajasthan,650765774,LIC481452,duplicate_provider_id
P024835,Rama Group,Oncology,Tumkur,Chhattisgarh,239139835,LIC267743,duplicate_provider_id
P012897,Radhakrishnan and Sons,Dermatology,Jorhat,Arunachal Pradesh,383916842,LIC721667,duplicate_provider_id
P004742,Uppal-Tella,Cardiology,Tiruvottiyur,Meghalaya,447369208,LIC771616,duplicate_provider_id
P017210,"Bali, Tank and Varty",Pediatrics,Bareilly,Meghalaya,958824691,LIC332804,duplicate_provider_id
P031842,Brar LLC,Cardiology,Nagaon,Odisha,460702281,LIC287673,duplicate_provider_id
P015622,"Gill, Raghavan and Tank",Cardiology,Chapra,Karnataka,XXXXX,BADLIC,duplicate_provider_id
P013978,Konda and Sons,Oncology,Chennai,Tamil Nadu,XXXXX,BADLIC,duplicate_provider_id
P012068,Borde PLC,Pediatrics,Begusarai,West Bengal,957649688,LIC155717,duplicate_provider_id
P020686,Sama Inc,General Medicine,Bettiah,Himachal Pradesh,669055415,LIC233946,duplicate_provider_id
P027585,Nagarajan-Reddy,Orthopedics,Dewas,West Bengal,XXXXX,BADLIC,duplicate_provider_id
P019417,Dhillon-Ravel,Orthopedics,Chittoor,Assam,XXXXX,BADLIC,duplicate_provider_id
P019966,Amble-Manne,Pediatrics,Salem,Tamil Nadu,254491401,LIC188596,duplicate_provider_id
P032919,Sheth-Trivedi,OBGYN,Pali,Jharkhand,XXXXX,BADLIC,duplicate_provider_id
P008840,Lal-Palan,ENT,Avadi,Nagaland,131574232,LIC588677,duplicate_provider_id
P028556,Mitra-Deo,Cardiology,Moradabad,Odisha,369493730,LIC387574,duplicate_provider_id
P004286,Parekh-Kaul,OBGYN,Nanded,Tripura,XXXXX,BADLIC,duplicate_provider_id
P019784,Raghavan-Chokshi,General Medicine,Pallavaram,Bihar,XXXXX,BADLIC,duplicate_provider_id
P023892,"Dhillon, Majumdar and Chad",Oncology,Jamshedpur,Maharashtra,XXXXX,BADLIC,duplicate_provider_id
P006841,Iyengar-Narula,General Medicine,Mehsana,Goa,XXXXX,BADLIC,duplicate_provider_id
P004966,Sane-Mishra,OBGYN,Malda,Assam,XXXXX,BADLIC,duplicate_provider_id
P007209,Banik-Narasimhan,OBGYN,Jalna,Manipur,XXXXX,BADLIC,duplicate_provider_id
P034163,"Merchant, Dass and Dara",Cardiology,Aligarh,Uttarakhand,400484544,LIC296597,duplicate_provider_id
P006751,"More, Rattan and Deshpande",Orthopedics,Gurgaon,Arunachal Pradesh,XXXXX,BADLIC,duplicate_provider_id
P007853,Shetty-Dara,Urology,Gangtok,Uttar Pradesh,XXXXX,BADLIC,duplicate_provider_id
P004895,"Dutta, Murthy and Suri",Dermatology,Surat,Madhya Pradesh,692753915,LIC711759,duplicate_provider_id
P024346,Tella LLC,General Medicine,Raipur,Sikkim,217514811,LIC167650,duplicate_provider_id
P034337,Rau-Loke,Dermatology,Nandyal,Assam,168389565,LIC822537,duplicate_provider_id
P014067,Sem Inc,Orthopedics,Kamarhati,Kerala,317949202,LIC650950,duplicate_provider_id
P034533,Gade-Randhawa,General Medicine,Saharsa,Punjab,XXXXX,BADLIC,duplicate_provider_id
P013644,Dhillon-Shere,Oncology,Arrah,Assam,XXXXX,BADLIC,duplicate_provider_id
P004441,Wali-Bassi,Neurology,Amravati,Gujarat,XXXXX,BADLIC,duplicate_provider_id
P012893,"Bora, Pal and Randhawa",OBGYN,Bhatpara,Arunachal Pradesh,XXXXX,BADLIC,duplicate_provider_id
P022923,"Rattan, Patel and Natarajan",Cardiology,Surendranagar Dudhrej,Odisha,705940208,LIC696433,duplicate_provider_id
P007757,Rao-Merchant,Pediatrics,Sambalpur,Haryana,XXXXX,BADLIC,duplicate_provider_id
P008846,Mane Group,ENT,Cuttack,Chhattisgarh,356894395,LIC453823,duplicate_provider_id
P021618,Oak-Jayaraman,Urology,Kurnool,Bihar,657908774,LIC694611,duplicate_provider_id
P015275,Parekh-Varkey,ENT,Arrah,Uttarakhand,810099239,LIC663463,duplicate_provider_id
P015926,Mann-Pal,General Medicine,Tiruvottiyur,Rajasthan,XXXXX,BADLIC,duplicate_provider_id
P004788,Patla Group,Pediatrics,Rampur,West Bengal,474272387,LIC290473,duplicate_provider_id
P021175,"Tailor, Andra and Sarma",Urology,Pimpri-Chinchwad,Assam,378751617,LIC206369,duplicate_provider_id
P002946,"Balakrishnan, Vohra and Bal",Oncology,Raichur,Tripura,526467211,LIC401774,duplicate_provider_id
P010396,Sheth-Choudhury,OBGYN,Vellore,Telangana,346465442,LIC678251,duplicate_provider_id
P000620,"Divan, Sangha and Varkey",Dermatology,Ambala,Punjab,531694321,LIC756990,duplicate_provider_id
P004985,Toor-Bhandari,Urology,Tiruchirappalli,Punjab,XXXXX,BADLIC,duplicate_provider_id
P019075,Nigam-Walla,General Medicine,Erode,Nagaland,XXXXX,BADLIC,duplicate_provider_id
P004691,Choudhary-Gulati,General Medicine,Bhalswa Jahangir Pur,Nagaland,131292978,LIC892071,duplicate_provider_id
P019504,"Bawa, Naidu and Raja",General Medicine,Bathinda,Tamil Nadu,XXXXX,BADLIC,duplicate_provider_id
P003637,Bhandari Group,Cardiology,Jamnagar,Manipur,XXXXX,BADLIC,duplicate_provider_id
P009559,Sama-Sood,General Medicine,Tenali,Assam,854435617,LIC355753,duplicate_provider_id
P009729,Merchant Group,General Medicine,Rajkot,Uttar Pradesh,794406157,LIC194988,duplicate_provider_id
P011739,Borra Group,Neurology,Gangtok,Maharashtra,XXXXX,BADLIC,duplicate_provider_id
P013785,Bala Group,Oncology,Farrukhabad,Mizoram,XXXXX,BADLIC,duplicate_provider_id
P010458,Anne-Kalita,OBGYN,Munger,Arunachal Pradesh,XXXXX,BADLIC,duplicate_provider_id
P008147,Merchant Group,Cardiology,Nangloi Jat,Jharkhand,659203923,LIC861432,duplicate_provider_id
P010495,"De, Khalsa and Balakrishnan",General Medicine,Sonipat,Himachal Pradesh,109037220,LIC334342,duplicate_provider_id
P002887,"Iyer, Aurora and Wali",Dermatology,Bikaner,Assam,413658874,LIC520816,duplicate_provider_id
P013884,Nath-Modi,Urology,Dharmavaram,Sikkim,XXXXX,BADLIC,duplicate_provider_id
P034329,Pingle PLC,OBGYN,Eluru,Mizoram,428734696,LIC890302,duplicate_provider_id
P009464,Menon-Thaker,Orthopedics,Lucknow,Goa,XXXXX,BADLIC,duplicate_provider_id
P004943,Choudhary PLC,ENT,Ujjain,Mizoram,998869129,LIC671548,duplicate_provider_id
P010502,Pandya-Pal,Pediatrics,Hindupur,Tamil Nadu,557054585,LIC828431,duplicate_provider_id
P011827,Hayer Ltd,General Medicine,Bally,Gujarat,XXXXX,BADLIC,duplicate_provider_id
P010451,"Sani, Dey and Rama",Oncology,Muzaffarnagar,Mizoram,669194137,LIC268308,duplicate_provider_id
P026810,"Borde, Srinivas and Banik",ENT,Bhiwani,Nagaland,214479704,LIC240694,duplicate_provider_id
P023435,Bali Group,Urology,Medininagar,Meghalaya,XXXXX,BADLIC,duplicate_provider_id
P003732,Pandey LLC,Cardiology,Nagpur,Mizoram,501447457,LIC477566,duplicate_provider_id
P027729,Banik-Thaker,Dermatology,Silchar,Punjab,XXXXX,BADLIC,duplicate_provider_id
P027676,Walia-Dave,Orthopedics,Kamarhati,Arunachal Pradesh,XXXXX,BADLIC,duplicate_provider_id
P005972,Chakraborty-Bhasin,Orthopedics,Visakhapatnam,Assam,321492142,LIC438069,duplicate_provider_id
P030665,Rege and Sons,Pediatrics,Siliguri,Odisha,XXXXX,BADLIC,duplicate_provider_id
P030408,Uppal Ltd,Urology,Jalna,Gujarat,480967722,LIC317249,duplicate_provider_id
P019425,Parekh-Shan,Dermatology,Tiruchirappalli,Bihar,XXXXX,BADLIC,duplicate_provider_id
P013657,Babu LLC,Oncology,Nadiad,Uttar Pradesh,XXXXX,BADLIC,duplicate_provider_id
P006517,Chandran-Edwin,Orthopedics,Sagar,Uttarakhand,XXXXX,BADLIC,duplicate_provider_id
P001032,"Naidu, Dutta and Zacharia",ENT,Nizamabad,Nagaland,XXXXX,BADLIC,duplicate_provider_id
P027451,"Kadakia, Balakrishnan and Modi",Urology,Rewa,Rajasthan,376577299,LIC426806,duplicate_provider_id
P028059,Kakar Ltd,General Medicine,Tiruvottiyur,Arunachal Pradesh,306319598,LIC956504,duplicate_provider_id
P012397,"Narasimhan, Gill and Palan",Oncology,Rajkot,Assam,949065582,LIC378730,duplicate_provider_id
P033337,Dara Ltd,General Medicine,Pali,Haryana,XXXXX,BADLIC,duplicate_provider_id
P021443,Manda Inc,Oncology,Satna,Odisha,810067025,LIC646693,duplicate_provider_id
P004459,"Chaudhary, Kuruvilla and Roy",OBGYN,Serampore,Punjab,590193755,LIC164446,duplicate_provider_id
P022891,Cheema Inc,Oncology,Farrukhabad,Punjab,742190601,LIC744552,duplicate_provider_id
P001805,Bajwa-Dugar,OBGYN,Bhalswa Jahangir Pur,Chhattisgarh,XXXXX,BADLIC,duplicate_provider_id
P007599,Yadav Inc,Urology,Bathinda,Telangana,874057090,LIC763279,duplicate_provider_id
P022653,Dani LLC,Dermatology,Mangalore,Maharashtra,751543726,LIC599481,duplicate_provider_id
P030279,Amble Ltd,ENT,Bhopal,Chhattisgarh,736118162,LIC854403,duplicate_provider_id
P005122,Balan-Zachariah,OBGYN,Barasat,Jharkhand,XXXXX,BADLIC,duplicate_provider_id
P028926,Pant LLC,OBGYN,Belgaum,West Bengal,XXXXX,BADLIC,duplicate_provider_id
P021312,Rana-Gokhale,ENT,Ludhiana,Assam,673995797,LIC160436,duplicate_provider_id
P006210,Das and Sons,Pediatrics,Proddatur,Karnataka,XXXXX,BADLIC,duplicate_provider_id
P031069,"Suresh, Srinivasan and Wadhwa",Dermatology,Karawal Nagar,Uttar Pradesh,285329555,LIC257382,duplicate_provider_id
P004379,"Randhawa, Rajagopal and Datta",Neurology,Kozhikode,Kerala,XXXXX,BADLIC,duplicate_provider_id
P026414,Sama LLC,Oncology,Mirzapur,West Bengal,XXXXX,BADLIC,duplicate_provider_id
P031684,Buch Ltd,Cardiology,Karimnagar,Jharkhand,XXXXX,BADLIC,duplicate_provider_id
P032147,Zacharia-Dass,Orthopedics,Giridih,Kerala,XXXXX,BADLIC,duplicate_provider_id
P002988,"Misra, Bahl and Memon",Cardiology,Nellore,Assam,171522107,LIC659726,duplicate_provider_id
P004348,Swaminathan-Korpal,OBGYN,Ujjain,Haryana,XXXXX,BADLIC,duplicate_provider_id
P024445,Atwal-Venkatesh,Oncology,Tadepalligudem,Punjab,XXXXX,BADLIC,duplicate_provider_id
P025821,Ramakrishnan LLC,OBGYN,Firozabad,Odisha,XXXXX,BADLIC,duplicate_provider_id
P020799,Brar-Kota,General Medicine,Pimpri-Chinchwad,Arunachal Pradesh,609616811,LIC819547,duplicate_provider_id
P003304,Loyal and Sons,Orthopedics,Anantapur,Uttar Pradesh,576324863,LIC308200,duplicate_provider_id
P027070,"Gour, Kar and Dar",Pediatrics,Mira-Bhayandar,Chhattisgarh,XXXXX,BADLIC,duplicate_provider_id
P009076,"Karan, Sibal and Wadhwa",Orthopedics,Coimbatore,Kerala,549401361,LIC401886,duplicate_provider_id
P032494,"Sangha, Sibal and Kulkarni",Pediatrics,Ramagundam,Uttar Pradesh,743169450,LIC946644,duplicate_provider_id
P006327,Manne-Mitra,ENT,Guntakal,Telangana,XXXXX,BADLIC,duplicate_provider_id
P000739,"Sem, Pandit and Mann",Oncology,Tezpur,Himachal Pradesh,XXXXX,BADLIC,duplicate_provider_id
P002009,"Bhatia, Shan and Goyal",General Medicine,Surendranagar Dudhrej,Bihar,934218933,LIC247348,duplicate_provider_id
P024525,"Shanker, Suri and Narayan",Orthopedics,Solapur,Mizoram,689092964,LIC587549,duplicate_provider_id
P013329,Om PLC,Oncology,Tiruvottiyur,Meghalaya,312895947,LIC138933,duplicate_provider_id
P016292,Krish Ltd,General Medicine,Ratlam,Gujarat,XXXXX,BADLIC,duplicate_provider_id
P014310,Som Group,ENT,Akola,Meghalaya,638181088,LIC698100,duplicate_provider_id
P029394,Dyal Group,Cardiology,Noida,Assam,698437049,LIC474606,duplicate_provider_id
P030645,Shenoy-Krish,Dermatology,Asansol,Gujarat,XXXXX,BADLIC,duplicate_provider_id
P018862,Dube LLC,Pediatrics,Morbi,Haryana,967937486,LIC371806,duplicate_provider_id
P027550,Dugar-Bhatt,Dermatology,Tadepalligudem,Gujarat,XXXXX,BADLIC,duplicate_provider_id
P026237,Devi Ltd,ENT,Siliguri,Assam,XXXXX,BADLIC,duplicate_provider_id
P005811,"Prabhakar, Kibe and Vig",Neurology,Kota,Telangana,217454672,LIC647979,duplicate_provider_id
P007045,Om-Keer,Orthopedics,Gwalior,Odisha,XXXXX,BADLIC,duplicate_provider_id
P017338,Sankaran Ltd,Pediatrics,Munger,Andhra Pradesh,345541049,LIC621670,duplicate_provider_id
P025074,Dar LLC,Cardiology,Thoothukudi,Punjab,XXXXX,BADLIC,duplicate_provider_id
P025160,Bhalla-Varty,Urology,Anantapur,Kerala,338749951,LIC473048,duplicate_provider_id
P013324,Swamy-Chakrabarti,OBGYN,Machilipatnam,Gujarat,XXXXX,BADLIC,duplicate_provider_id
P013661,Borra Inc,ENT,Panihati,Tripura,883297562,LIC178012,duplicate_provider_id
P013324,"Iyengar, Ravel and Goyal",Urology,Baranagar,Bihar,XXXXX,BADLIC,duplicate_provider_id
P033584,"Kohli, Shan and Sem",Pediatrics,Panipat,Madhya Pradesh,105946672,LIC768813,duplicate_provider_id
P012661,Goda Group,ENT,Ongole,Manipur,XXXXX,BADLIC,duplicate_provider_id
P007069,Dada-Vig,Pediatrics,Jehanabad,Mizoram,XXXXX,BADLIC,duplicate_provider_id
P002864,"Soni, Pillay and Kota",OBGYN,Raipur,Chhattisgarh,241069077,LIC231772,duplicate_provider_id
P025544,Chaudhry-Zacharia,Cardiology,Tiruppur,West Bengal,703890878,LIC281861,duplicate_provider_id
P000368,"Uppal, Koshy and Vig",Cardiology,Pali,Odisha,436957226,LIC281962,duplicate_provider_id
P010797,Mann-Pal,OBGYN,Hapur,Goa,532433786,LIC345003,duplicate_provider_id
P018094,Salvi Ltd,Oncology,Kharagpur,Himachal Pradesh,623535377,LIC156043,duplicate_provider_id
P022766,"Devan, Shah and Shukla",Dermatology,Thanjavur,Punjab,762907693,LIC855854,duplicate_provider_id
P022591,"Sane, Bose and Chad",ENT,Kulti,Haryana,XXXXX,BADLIC,duplicate_provider_id
P010586,"Shere, Sarraf and Bumb",ENT,Gorakhpur,Maharashtra,XXXXX,BADLIC,duplicate_provider_id
P012756,Bera-Rege,Dermatology,Bhubaneswar,Andhra Pradesh,751425938,LIC883995,duplicate_provider_id
P022785,Sarin and Sons,Neurology,Gorakhpur,Haryana,XXXXX,BADLIC,duplicate_provider_id
P014231,Rattan Ltd,Urology,Panvel,Madhya Pradesh,XXXXX,BADLIC,duplicate_provider_id
P029798,"Bhat, Bandi and Yadav",ENT,Belgaum,Assam,486951594,LIC281294,duplicate_provider_id
P003838,Prabhu-Thakur,ENT,Gandhinagar,Mizoram,216750497,LIC677603,duplicate_provider_id
P022866,"Chandran, Pathak and Sama",OBGYN,Nagercoil,Tamil Nadu,XXXXX,BADLIC,duplicate_provider_id
P010493,Bhasin-Chaudry,Pediatrics,Haldia,Himachal Pradesh,449460606,LIC485031,duplicate_provider_id
P010132,Dhawan and Sons,Orthopedics,Lucknow,Assam,473627457,LIC496561,duplicate_provider_id
P010580,"Sur, Saini and Khalsa",Neurology,Mango,Haryana,XXXXX,BADLIC,duplicate_provider_id
P016379,"Naidu, Sathe and Bobal",OBGYN,Sri Ganganagar,Tamil Nadu,825341574,LIC360798,duplicate_provider_id
P001985,Wali LLC,Cardiology,Chandrapur,Arunachal Pradesh,XXXXX,BADLIC,duplicate_provider_id
P021539,"Aggarwal, Raj and Tandon",Neurology,Kavali,Andhra Pradesh,XXXXX,BADLIC,duplicate_provider_id
P022787,"Handa, Chacko and Majumdar",OBGYN,Berhampore,Madhya Pradesh,224108663,LIC337810,duplicate_provider_id
P032849,"Dhar, Uppal and Kuruvilla",General Medicine,Kakinada,Punjab,274381449,LIC252159,duplicate_provider_id
P003822,"Pandit, Suresh and Narang",General Medicine,Deoghar,Bihar,XXXXX,BADLIC,duplicate_provider_id
P025047,"Rajagopal, Bansal and Som",Neurology,Nagercoil,Tripura,XXXXX,BADLIC,duplicate_provider_id
P034969,Nayar-Sankaran,Cardiology,Rajkot,Nagaland,XXXXX,BADLIC,duplicate_provider_id
P005178,Rout-Oza,Dermatology,Rajkot,Manipur,XXXXX,BADLIC,duplicate_provider_id
P019695,"Jain, Sachar and Sanghvi",Dermatology,Ahmednagar,Rajasthan,XXXXX,BADLIC,duplicate_provider_id
P031197,Gokhale-Dutta,ENT,Kishanganj,Assam,XXXXX,BADLIC,duplicate_provider_id
P024913,Nagy and Sons,OBGYN,Eluru,Chhattisgarh,940916123,LIC471154,duplicate_provider_id
P026934,"Kanda, Dube and Sarma",Neurology,South Dumdum,Telangana,193489176,LIC334663,duplicate_provider_id
P022983,Shetty Inc,Dermatology,Rewa,Chhattisgarh,585668327,LIC768439,duplicate_provider_id
P030238,Gill and Sons,Pediatrics,Saharanpur,Arunachal Pradesh,379662315,LIC929453,duplicate_provider_id
P020609,Shenoy-Merchant,Dermatology,Chandigarh,Goa,XXXXX,BADLIC,duplicate_provider_id
P013386,Doctor and Sons,Pediatrics,Jaipur,Punjab,XXXXX,BADLIC,duplicate_provider_id
P026229,Deep-Sane,OBGYN,Shahjahanpur,Haryana,XXXXX,BADLIC,duplicate_provider_id
P003536,"Nair, Ahluwalia and Kakar",Oncology,Vasai-Virar,Karnataka,XXXXX,BADLIC,duplicate_provider_id
P017626,Seth Ltd,ENT,Gandhinagar,West Bengal,275145438,LIC382072,duplicate_provider_id
P005653,Pai Group,Pediatrics,Anantapur,Telangana,XXXXX,BADLIC,duplicate_provider_id
P024823,Palla-Loyal,ENT,Sri Ganganagar,Madhya Pradesh,831749340,LIC164441,duplicate_provider_id
P001574,Prasad Inc,Neurology,Bharatpur,Nagaland,200596478,LIC563160,duplicate_provider_id
P023737,Bhatti and Sons,General Medicine,Chinsurah,Manipur,XXXXX,BADLIC,duplicate_provider_id
P022808,Narula LLC,Dermatology,Muzaffarpur,Chhattisgarh,XXXXX,BADLIC,duplicate_provider_id
P027776,Morar Inc,ENT,Bidar,Assam,XXXXX,BADLIC,duplicate_provider_id
P032369,"Bera, Warrior and Bahl",Neurology,Guna,Bihar,111038071,LIC685886,duplicate_provider_id
P007378,Sundaram and Sons,ENT,Mathura,Himachal Pradesh,519048633,LIC968041,duplicate_provider_id
P030722,Loyal-Trivedi,OBGYN,Bareilly,Odisha,XXXXX,BADLIC,duplicate_provider_id
P016785,"Mishra, Bawa and Ramachandran",General Medicine,Kurnool,Sikkim,502877118,LIC580169,duplicate_provider_id
P003997,Nagarajan-Balakrishnan,ENT,Durg,Haryana,256856846,LIC838915,duplicate_provider_id
P026111,"Ranganathan, Modi and Ganguly",OBGYN,Kozhikode,Odisha,XXXXX,BADLIC,duplicate_provider_id
P005265,"Lad, Jaggi and Krishnan",Cardiology,Mangalore,Punjab,XXXXX,BADLIC,duplicate_provider_id
P027768,Kara-Kibe,Oncology,Solapur,Telangana,XXXXX,BADLIC,duplicate_provider_id
P004239,Dutta-Parikh,General Medicine,Purnia,Madhya Pradesh,XXXXX,BADLIC,duplicate_provider_id
P019066,Ahuja PLC,Cardiology,Buxar,Gujarat,XXXXX,BADLIC,duplicate_provider_id
P026815,Rau-Ramanathan,Urology,Aligarh,Odisha,440354807,LIC952112,duplicate_provider_id
P031990,Pingle Ltd,General Medicine,Adoni,Maharashtra,XXXXX,BADLIC,duplicate_provider_id
P003034,"Nagi, Sandhu and Badal",OBGYN,Nellore,Odisha,702123650,LIC138448,duplicate_provider_id
P000942,"Narang, Ray and Sheth",Cardiology,Belgaum,Assam,539892364,LIC131993,duplicate_provider_id
P027753,Bajaj-Kari,Oncology,Nangloi Jat,Tripura,647079904,LIC506798,duplicate_provider_id
P024412,Kale and Sons,General Medicine,Mehsana,Kerala,XXXXX,BADLIC,duplicate_provider_id
P005483,"Dhillon, Sahota and Shetty",Dermatology,Vadodara,Meghalaya,100615498,LIC207866,duplicate_provider_id
P022870,Ratta-Purohit,Orthopedics,Gaya,Telangana,269463098,LIC312421,duplicate_provider_id
P028574,"Cheema, Gade and Bose",ENT,Morena,Punjab,350832543,LIC867746,duplicate_provider_id
P013486,Issac-Som,Neurology,Hyderabad,Sikkim,XXXXX,BADLIC,duplicate_provider_id
P025416,Sarma Inc,Orthopedics,Malda,Madhya Pradesh,474541745,LIC650447,duplicate_provider_id
P007744,Nayak LLC,Pediatrics,Kavali,Madhya Pradesh,XXXXX,BADLIC,duplicate_provider_id
P026903,Kumar PLC,Neurology,Tenali,Assam,XXXXX,BADLIC,duplicate_provider_id
P010429,"Mitter, Nath and Sampath",Urology,Howrah,Chhattisgarh,XXXXX,BADLIC,duplicate_provider_id
P005516,Samra LLC,General Medicine,Tadipatri,Odisha,506220983,LIC122849,duplicate_provider_id
P017342,"Kuruvilla, Parsa and Bains",Cardiology,Kulti,Bihar,758322301,LIC536660,duplicate_provider_id
P024147,Jayaraman and Sons,ENT,Bhagalpur,Kerala,XXXXX,BADLIC,duplicate_provider_id
P030517,"Kurian, Swaminathan and Basak",Oncology,Haridwar,Mizoram,834955161,LIC746700,duplicate_provider_id
P030810,Talwar PLC,ENT,Patiala,Jharkhand,279341430,LIC369010,duplicate_provider_id
P004817,Srinivas LLC,Orthopedics,Gurgaon,Uttar Pradesh,XXXXX,BADLIC,duplicate_provider_id
P033153,Gera-Dhillon,General Medicine,Mira-Bhayandar,Telangana,739393742,LIC190660,duplicate_provider_id
P013882,Hegde-Puri,Urology,Shahjahanpur,Gujarat,XXXXX,BADLIC,duplicate_provider_id
P013664,"Apte, Kant and Bose",ENT,Singrauli,Madhya Pradesh,XXXXX,BADLIC,duplicate_provider_id
P029491,Nagar and Sons,Pediatrics,Jamnagar,Rajasthan,224823866,LIC992146,duplicate_provider_id
P009418,Kale Group,Urology,Sasaram,Maharashtra,XXXXX,BADLIC,duplicate_provider_id
P029221,Biswas-Sengupta,OBGYN,Jalna,Rajasthan,XXXXX,BADLIC,duplicate_provider_id
P009259,Solanki-Chacko,General Medicine,Amroha,Meghalaya,XXXXX,BADLIC,duplicate_provider_id
P008661,Kant Group,Orthopedics,Saharsa,Manipur,XXXXX,BADLIC,duplicate_provider_id
P006913,"Naidu, Tandon and Saha",Dermatology,North Dumdum,Kerala,XXXXX,BADLIC,duplicate_provider_id
P033107,Sankaran Inc,Dermatology,Durg,Mizoram,XXXXX,BADLIC,duplicate_provider_id
P015170,"Tata, Yohannan and Patla",OBGYN,Pudukkottai,Uttar Pradesh,691936449,LIC657097,duplicate_provider_id
P020530,Cheema-Pandit,Oncology,Panchkula,Uttarakhand,634358394,LIC306649,duplicate_provider_id
P003036,Bansal-Bhatnagar,General Medicine,Mango,Sikkim,XXXXX,BADLIC,duplicate_provider_id
P034487,"Sheth, Nair and Naidu",ENT,Srikakulam,Tripura,XXXXX,BADLIC,duplicate_provider_id
P025295,Kakar Ltd,Urology,Jorhat,Kerala,491159516,LIC637403,duplicate_provider_id
P020927,Amble-Sundaram,ENT,Gulbarga,Telangana,XXXXX,BADLIC,duplicate_provider_id
P033487,Iyer-Bajwa,Neurology,Bilaspur,Madhya Pradesh,XXXXX,BADLIC,duplicate_provider_id
P005333,Gopal Inc,OBGYN,Bhavnagar,Telangana,XXXXX,BADLIC,duplicate_provider_id
P008233,Kadakia Inc,OBGYN,Bhagalpur,Assam,XXXXX,BADLIC,duplicate_provider_id
P006696,"Kohli, Vala and Trivedi",Urology,Bidar,Manipur,904656511,LIC818176,duplicate_provider_id
P007436,Vaidya PLC,Orthopedics,Barasat,Punjab,XXXXX,BADLIC,duplicate_provider_id
